# QUALITY=CLEAN | Index-linked gilts ZC (BoE; RPI basis) | generated by real_yields_g8.py
DATE,NOM10,REAL10,BE10
20030102,4.4763,2.1891,2.2872
20030103,4.4993,2.2152,2.2841
20030106,4.4943,2.2145,2.2798
20030107,4.4837,2.1979,2.2858
20030108,4.4387,2.1736,2.2651
20030109,4.4529,2.1389,2.314
20030110,4.4424,2.0819,2.3605
20030113,4.4797,2.1076,2.3721
20030114,4.4745,2.1325,2.342
20030115,4.4736,2.1476,2.326
20030116,4.459,2.1395,2.3195
20030117,4.3591,2.0914,2.2677
20030120,4.3476,2.0633,2.2843
20030121,4.3428,2.0478,2.295
20030122,4.3462,2.0373,2.3089
20030123,4.3311,2.02,2.3111
20030124,4.2439,1.9474,2.2965
20030127,4.2297,1.9185,2.3112
20030128,4.2346,1.9473,2.2873
20030129,4.2311,1.9453,2.2858
20030130,4.288,1.9875,2.3005
20030131,4.2807,2.0086,2.2721
20030203,4.3046,2.0337,2.2709
20030204,4.2321,1.9929,2.2392
20030205,4.2411,1.9549,2.2862
20030206,4.2381,1.8608,2.3773
20030207,4.2245,1.7991,2.4254
20030210,4.2394,1.8216,2.4178
20030211,4.2255,1.8178,2.4077
20030212,4.1756,1.7612,2.4144
20030213,4.1731,1.7499,2.4232
20030214,4.2179,1.7808,2.4371
20030217,4.2256,1.7817,2.4439
20030218,4.2307,1.7783,2.4524
20030219,4.1811,1.7401,2.441
20030220,4.1621,1.7371,2.425
20030221,4.2077,1.6946,2.5131
20030224,4.1892,1.6371,2.5521
20030225,4.1924,1.6483,2.5441
20030226,4.2379,1.7009,2.537
20030227,4.2933,1.7551,2.5382
20030228,4.227,1.7635,2.4635
20030303,4.1681,1.746,2.4221
20030304,4.1736,1.7117,2.4619
20030305,4.1794,1.7052,2.4742
20030306,4.1747,1.6507,2.524
20030307,4.1273,1.5926,2.5347
20030310,4.1002,1.5854,2.5148
20030311,4.0978,1.5847,2.5131
20030312,4.1129,1.6159,2.497
20030313,4.2488,1.7292,2.5196
20030314,4.3166,1.818,2.4986
20030317,4.4539,1.9109,2.543
20030318,4.4455,1.9114,2.5341
20030319,4.5503,2.0569,2.4934
20030320,4.5404,2.0329,2.5075
20030321,4.6076,2.0686,2.539
20030324,4.5343,2.0498,2.4845
20030325,4.5082,2.0598,2.4484
20030326,4.5127,2.068,2.4447
20030327,4.4651,1.9791,2.486
20030328,4.4385,1.9363,2.5022
20030331,4.3549,1.8647,2.4902
20030401,4.3824,1.8528,2.5296
20030402,4.4516,1.866,2.5856
20030403,4.4915,1.9147,2.5768
20030404,4.5038,1.9433,2.5605
20030407,4.5712,2.0105,2.5607
20030408,4.5324,2.0003,2.5321
20030409,4.5292,1.9907,2.5385
20030410,4.4686,1.927,2.5416
20030411,4.5308,1.959,2.5718
20030414,4.5389,2.0054,2.5335
20030415,4.5185,1.9856,2.5329
20030416,4.4898,1.9705,2.5193
20030417,4.4688,1.9523,2.5165
20030422,4.4569,1.9442,2.5127
20030423,4.4994,1.956,2.5434
20030424,4.4348,1.9165,2.5183
20030425,4.4228,1.9036,2.5192
20030428,4.4301,1.8847,2.5454
20030429,4.4424,1.9074,2.535
20030430,4.4202,1.9317,2.4885
20030501,4.3542,1.8606,2.4936
20030502,4.4264,1.928,2.4984
20030506,4.426,1.9361,2.4899
20030507,4.3448,1.8941,2.4507
20030508,4.3081,1.8634,2.4447
20030509,4.2984,1.8687,2.4297
20030512,4.281,1.844,2.437
20030513,4.2707,1.8119,2.4588
20030514,4.2815,1.8368,2.4447
20030515,4.2536,1.8091,2.4445
20030516,4.2079,1.774,2.4339
20030519,4.172,1.7136,2.4584
20030520,4.1414,1.6966,2.4448
20030521,4.1153,1.7159,2.3994
20030522,4.1093,1.7189,2.3904
20030523,4.0603,1.6875,2.3728
20030527,4.0918,1.7054,2.3864
20030528,4.1877,1.7862,2.4015
20030529,4.1318,1.7278,2.404
20030530,4.1579,1.7299,2.428
20030602,4.2031,1.7328,2.4703
20030603,4.1111,1.6878,2.4233
20030604,4.1549,1.6861,2.4688
20030605,4.0903,1.6316,2.4587
20030606,4.1595,1.6668,2.4927
20030609,4.0553,1.5781,2.4772
20030610,4.0393,1.5703,2.469
20030611,4.0149,1.5792,2.4357
20030612,4.0274,1.5748,2.4526
20030613,3.9664,1.5121,2.4543
20030616,3.9807,1.5108,2.4699
20030617,4.0485,1.5495,2.499
20030618,4.1411,1.6373,2.5038
20030619,4.1665,1.6851,2.4814
20030620,4.1695,1.6998,2.4697
20030623,4.1503,1.702,2.4483
20030624,4.1792,1.7112,2.468
20030625,4.1492,1.6575,2.4917
20030626,4.2681,1.7672,2.5009
20030627,4.3175,1.8033,2.5142
20030630,4.2698,1.7138,2.556
20030701,4.2632,1.7141,2.5491
20030702,4.3431,1.7908,2.5523
20030703,4.4061,1.8341,2.572
20030704,4.3633,1.8178,2.5455
20030707,4.3878,1.8462,2.5416
20030708,4.3894,1.8482,2.5412
20030709,4.3905,1.84,2.5505
20030710,4.3285,1.7514,2.5771
20030711,4.3117,1.7547,2.557
20030714,4.2968,1.7171,2.5797
20030715,4.3973,1.8014,2.5959
20030716,4.4347,1.7706,2.6641
20030717,4.4781,1.8203,2.6578
20030718,4.4588,1.8202,2.6386
20030721,4.505,1.8677,2.6373
20030722,4.4831,1.8513,2.6318
20030723,4.446,1.8524,2.5936
20030724,4.5188,1.9179,2.6009
20030725,4.4382,1.8522,2.586
20030728,4.5722,1.927,2.6452
20030729,4.503,1.8829,2.6201
20030730,4.5291,1.8861,2.643
20030731,4.6075,1.9515,2.656
20030801,4.6071,1.9659,2.6412
20030804,4.5601,1.9362,2.6239
20030805,4.59,1.9549,2.6351
20030806,4.5215,1.91,2.6115
20030807,4.4883,1.8865,2.6018
20030808,4.4105,1.8465,2.564
20030811,4.4808,1.8931,2.5877
20030812,4.4922,1.8699,2.6223
20030813,4.601,1.9196,2.6814
20030814,4.6659,1.9684,2.6975
20030815,4.6312,1.9444,2.6868
20030818,4.6192,1.9628,2.6564
20030819,4.6101,1.9508,2.6593
20030820,4.6399,1.9657,2.6742
20030821,4.6626,1.9919,2.6707
20030822,4.6542,1.9898,2.6644
20030826,4.6588,1.9865,2.6723
20030827,4.6869,2.0031,2.6838
20030828,4.6352,1.9759,2.6593
20030829,4.6562,1.995,2.6612
20030901,4.6621,1.9989,2.6632
20030902,4.7849,2.0991,2.6858
20030903,4.8074,2.1411,2.6663
20030904,4.7877,2.1141,2.6736
20030905,4.745,2.0967,2.6483
20030908,4.7016,2.066,2.6356
20030909,4.7631,2.0778,2.6853
20030910,4.7086,2.0444,2.6642
20030911,4.7286,2.0581,2.6705
20030912,4.6156,1.9875,2.6281
20030915,4.6439,2.0178,2.6261
20030916,4.6935,2.0783,2.6152
20030917,4.7082,2.1001,2.6081
20030918,4.6719,2.0847,2.5872
20030919,4.6557,2.0528,2.6029
20030922,4.6535,2.0529,2.6006
20030923,4.6383,2.0249,2.6134
20030924,4.658,2.0142,2.6438
20030925,4.6431,1.9967,2.6464
20030926,4.5738,1.9682,2.6056
20030929,4.6064,1.9543,2.6521
20030930,4.5844,1.892,2.6924
20031001,4.5857,1.8954,2.6903
20031002,4.6934,1.9815,2.7119
20031003,4.776,2.0825,2.6935
20031006,4.7369,2.0679,2.669
20031007,4.7671,2.0699,2.6972
20031008,4.7818,2.0672,2.7146
20031009,4.8315,2.105,2.7265
20031010,4.7654,2.0304,2.735
20031013,4.8499,2.0762,2.7737
20031014,4.8822,2.1076,2.7746
20031015,4.9329,2.1979,2.735
20031016,4.9136,2.1945,2.7191
20031017,4.9179,2.1944,2.7235
20031020,4.9097,2.1848,2.7249
20031021,4.8829,2.1688,2.7141
20031022,4.9319,2.198,2.7339
20031023,4.9558,2.2469,2.7089
20031024,4.9762,2.2707,2.7055
20031027,5.0219,2.2809,2.741
20031028,4.9923,2.2398,2.7525
20031029,5.0398,2.2595,2.7803
20031030,5.0504,2.262,2.7884
20031031,5.0093,2.2315,2.7778
20031103,5.1075,2.3019,2.8056
20031104,5.0495,2.2655,2.784
20031105,4.9995,2.2366,2.7629
20031106,5.0692,2.26,2.8092
20031107,5.0775,2.2856,2.7919
20031110,5.0621,2.2496,2.8125
20031111,5.0759,2.2459,2.83
20031112,5.054,2.2267,2.8273
20031113,5.0015,2.1935,2.808
20031114,4.9806,2.1701,2.8105
20031117,4.95,2.1412,2.8088
20031118,4.9358,2.1496,2.7862
20031119,5.0072,2.1587,2.8485
20031120,5.0004,2.1521,2.8483
20031121,4.9977,2.1604,2.8373
20031124,5.0686,2.2205,2.8481
20031125,5.0836,2.2445,2.8391
20031126,4.992,2.1838,2.8082
20031127,5.0319,2.2157,2.8162
20031128,5.0473,2.2249,2.8224
20031201,5.0544,2.2341,2.8203
20031202,5.0674,2.2244,2.843
20031203,5.0426,2.2,2.8426
20031204,5.0292,2.1983,2.8309
20031205,4.91,2.1328,2.7772
20031208,4.953,2.1251,2.8279
20031209,4.9475,2.1082,2.8393
20031210,4.9037,2.0434,2.8603
20031211,4.9363,2.0686,2.8677
20031212,4.8397,1.9925,2.8472
20031215,4.8324,2.0006,2.8318
20031216,4.7685,1.9511,2.8174
20031217,4.7442,1.9285,2.8157
20031218,4.7497,1.9241,2.8256
20031219,4.7896,1.9527,2.8369
20031222,4.7714,1.9384,2.833
20031223,4.762,1.9291,2.8329
20031224,4.7607,1.9311,2.8296
20031229,4.7685,1.9255,2.843
20031230,4.8131,1.9654,2.8477
20031231,4.7733,1.9394,2.8339
20040102,4.8321,1.9719,2.8602
20040105,4.8541,2.0042,2.8499
20040106,4.8283,1.9903,2.838
20040107,4.7998,1.9691,2.8307
20040108,4.7925,1.972,2.8205
20040109,4.6782,1.8763,2.8019
20040112,4.6537,1.8803,2.7734
20040113,4.6579,1.8553,2.8026
20040114,4.6738,1.8791,2.7947
20040115,4.6887,1.8772,2.8115
20040116,4.7188,1.8856,2.8332
20040119,4.7142,1.8825,2.8317
20040120,4.7023,1.8825,2.8198
20040121,4.7439,1.9229,2.821
20040122,4.7647,1.936,2.8287
20040123,4.7271,1.9099,2.8172
20040126,4.8062,1.9496,2.8566
20040127,4.772,1.9509,2.8211
20040128,4.7858,1.9799,2.8059
20040129,4.8814,2.0404,2.841
20040130,4.8572,2.0382,2.819
20040202,4.8586,2.0555,2.8031
20040203,4.8588,2.0548,2.804
20040204,4.8251,2.0304,2.7947
20040205,4.8236,2.0325,2.7911
20040206,4.7912,1.9887,2.8025
20040209,4.7796,1.9921,2.7875
20040210,4.7595,1.9838,2.7757
20040211,4.7307,1.9694,2.7613
20040212,4.7364,1.963,2.7734
20040213,4.7251,1.9092,2.8159
20040216,4.7257,1.9178,2.8079
20040217,4.7125,1.9233,2.7892
20040218,4.7607,1.8881,2.8726
20040219,4.8084,1.9473,2.8611
20040220,4.8022,1.9456,2.8566
20040223,4.8304,1.9572,2.8732
20040224,4.751,1.9142,2.8368
20040225,4.7433,1.9088,2.8345
20040226,4.7722,1.9194,2.8528
20040227,4.735,1.8789,2.8561
20040301,4.7594,1.906,2.8534
20040302,4.7543,1.8883,2.866
20040303,4.8426,1.9532,2.8894
20040304,4.8065,1.9355,2.871
20040305,4.7055,1.8548,2.8507
20040308,4.633,1.7914,2.8416
20040309,4.6011,1.7724,2.8287
20040310,4.6173,1.7706,2.8467
20040311,4.6125,1.7647,2.8478
20040312,4.6069,1.765,2.8419
20040315,4.5946,1.763,2.8316
20040316,4.6418,1.7666,2.8752
20040317,4.634,1.7778,2.8562
20040318,4.6383,1.7789,2.8594
20040319,4.6551,1.7851,2.87
20040322,4.6368,1.7735,2.8633
20040323,4.6381,1.777,2.8611
20040324,4.6254,1.7644,2.861
20040325,4.6301,1.7638,2.8663
20040326,4.6445,1.7649,2.8796
20040329,4.7522,1.8292,2.923
20040330,4.7527,1.8263,2.9264
20040331,4.7184,1.8049,2.9135
20040401,4.7399,1.8168,2.9231
20040402,4.8544,1.8581,2.9963
20040405,4.8977,1.8717,3.026
20040406,4.8858,1.8832,3.0026
20040407,4.8526,1.8745,2.9781
20040408,4.8549,1.8699,2.985
20040413,4.9427,1.9149,3.0278
20040414,4.9623,1.9414,3.0209
20040415,4.9337,1.917,3.0167
20040416,4.8937,1.899,2.9947
20040419,4.9221,1.9145,3.0076
20040420,4.9497,1.9481,3.0016
20040421,4.9566,1.9774,2.9792
20040422,4.9342,1.9751,2.9591
20040423,4.9408,1.9809,2.9599
20040426,4.9659,1.9949,2.971
20040427,4.9632,1.985,2.9782
20040428,4.9774,1.9907,2.9867
20040429,4.9766,1.9922,2.9844
20040430,4.9564,1.9846,2.9718
20040504,4.9235,1.9389,2.9846
20040505,4.9271,1.9341,2.993
20040506,4.9977,1.993,3.0047
20040507,5.0782,2.043,3.0352
20040510,5.072,2.0549,3.0171
20040511,5.0481,2.0464,3.0017
20040512,5.0733,2.059,3.0143
20040513,5.1047,2.0784,3.0263
20040514,5.0506,2.0431,3.0075
20040517,5.0048,2.0035,3.0013
20040518,5.0569,2.0271,3.0298
20040519,5.1137,2.1056,3.0081
20040520,5.1102,2.1133,2.9969
20040521,5.1022,2.1027,2.9995
20040524,5.1346,2.1154,3.0192
20040525,5.1083,2.1032,3.0051
20040526,5.0698,2.0715,2.9983
20040527,5.0513,2.0585,2.9928
20040528,5.1062,2.0901,3.0161
20040601,5.1555,2.0987,3.0568
20040602,5.1604,2.086,3.0744
20040603,5.158,2.0747,3.0833
20040604,5.1666,2.0748,3.0918
20040607,5.1532,2.0717,3.0815
20040608,5.1326,2.0627,3.0699
20040609,5.1898,2.1111,3.0787
20040610,5.1571,2.1232,3.0339
20040611,5.1823,2.1305,3.0518
20040614,5.1902,2.1372,3.053
20040615,5.0977,2.0643,3.0334
20040616,5.1492,2.1104,3.0388
20040617,5.1672,2.1494,3.0178
20040618,5.1164,2.1003,3.0161
20040621,5.1116,2.1028,3.0088
20040622,5.1276,2.1317,2.9959
20040623,5.1104,2.1159,2.9945
20040624,5.0503,2.0797,2.9706
20040625,5.0781,2.0887,2.9894
20040628,5.1218,2.1137,3.0081
20040629,5.1183,2.1159,3.0024
20040630,5.0587,2.0743,2.9844
20040701,5.0528,2.0639,2.9889
20040702,4.9999,2.0272,2.9727
20040705,5.0132,2.0305,2.9827
20040706,5.0131,2.0397,2.9734
20040707,4.9893,2.03,2.9593
20040708,4.9899,2.0279,2.962
20040709,5.0095,2.0389,2.9706
20040712,4.9967,2.0363,2.9604
20040713,5.0632,2.07,2.9932
20040714,5.0424,2.0572,2.9852
20040715,5.0531,2.0673,2.9858
20040716,4.9853,2.0119,2.9734
20040719,4.9919,2.0216,2.9703
20040720,4.9992,2.0304,2.9688
20040721,5.0866,2.0914,2.9952
20040722,5.0569,2.0848,2.9721
20040723,5.074,2.0978,2.9762
20040726,5.0972,2.1212,2.976
20040727,5.1173,2.1396,2.9777
20040728,5.1402,2.1974,2.9428
20040729,5.1329,2.1914,2.9415
20040730,5.0518,2.1371,2.9147
20040802,5.0533,2.1387,2.9146
20040803,5.0478,2.1311,2.9167
20040804,5.0379,2.1235,2.9144
20040805,4.9603,2.074,2.8863
20040806,4.8899,2.007,2.8829
20040809,4.9252,2.0343,2.8909
20040810,4.901,2.0268,2.8742
20040811,4.9462,2.026,2.9202
20040812,4.9073,2.0076,2.8997
20040813,4.9015,2.0054,2.8961
20040816,4.9513,2.0115,2.9398
20040817,4.9391,2.007,2.9321
20040818,4.933,2.006,2.927
20040819,4.9291,2.0099,2.9192
20040820,4.9078,2.0025,2.9053
20040823,4.9944,2.056,2.9384
20040824,4.9818,2.0516,2.9302
20040825,4.9392,2.013,2.9262
20040826,4.9073,2.0076,2.8997
20040827,4.9158,2.0118,2.904
20040831,4.881,1.9763,2.9047
20040901,4.8936,1.9813,2.9123
20040902,4.9267,2.0073,2.9194
20040903,4.9861,2.0543,2.9318
20040906,4.9362,2.0172,2.919
20040907,4.9451,2.0302,2.9149
20040908,4.9321,2.0263,2.9058
20040909,4.8902,1.9978,2.8924
20040910,4.872,1.9873,2.8847
20040913,4.8914,1.9976,2.8938
20040914,4.8751,1.9813,2.8938
20040915,4.8796,1.9936,2.886
20040916,4.881,2.0148,2.8662
20040917,4.8617,1.9938,2.8679
20040920,4.8415,1.9782,2.8633
20040921,4.8315,1.9573,2.8742
20040922,4.7809,1.9168,2.8641
20040923,4.7577,1.9126,2.8451
20040924,4.7772,1.9228,2.8544
20040927,4.745,1.9066,2.8384
20040928,4.7605,1.9137,2.8468
20040929,4.7831,1.9157,2.8674
20040930,4.7878,1.9126,2.8752
20041001,4.8225,1.9218,2.9007
20041004,4.8474,1.9411,2.9063
20041005,4.7993,1.9209,2.8784
20041006,4.7967,1.9319,2.8648
20041007,4.8227,1.946,2.8767
20041008,4.7535,1.8929,2.8606
20041011,4.7633,1.8975,2.8658
20041012,4.7142,1.8813,2.8329
20041013,4.7177,1.9092,2.8085
20041014,4.6915,1.8894,2.8021
20041015,4.6946,1.8898,2.8048
20041018,4.6833,1.8772,2.8061
20041019,4.7152,1.9041,2.8111
20041020,4.6508,1.8527,2.7981
20041021,4.6629,1.8533,2.8096
20041022,4.6626,1.8484,2.8142
20041025,4.6455,1.8351,2.8104
20041026,4.656,1.8408,2.8152
20041027,4.6785,1.8534,2.8251
20041028,4.7137,1.8875,2.8262
20041029,4.7002,1.8821,2.8181
20041101,4.7059,1.8909,2.815
20041102,4.7723,1.9503,2.822
20041103,4.7541,1.9328,2.8213
20041104,4.6995,1.9008,2.7987
20041105,4.7514,1.9406,2.8108
20041108,4.7411,1.9504,2.7907
20041109,4.7143,1.916,2.7983
20041110,4.7107,1.9117,2.799
20041111,4.657,1.882,2.775
20041112,4.6204,1.8638,2.7566
20041115,4.6011,1.8454,2.7557
20041116,4.5834,1.8437,2.7397
20041117,4.616,1.8736,2.7424
20041118,4.6669,1.9128,2.7541
20041119,4.6414,1.8824,2.759
20041122,4.5978,1.8394,2.7584
20041123,4.5826,1.8237,2.7589
20041124,4.5776,1.8309,2.7467
20041125,4.5407,1.8027,2.738
20041126,4.5407,1.8043,2.7364
20041129,4.5661,1.8365,2.7296
20041130,4.5606,1.8275,2.7331
20041201,4.5854,1.8477,2.7377
20041202,4.6397,1.8738,2.7659
20041203,4.6061,1.8468,2.7593
20041206,4.5603,1.8087,2.7516
20041207,4.5366,1.7926,2.744
20041208,4.5124,1.7835,2.7289
20041209,4.4876,1.7665,2.7211
20041210,4.4833,1.7599,2.7234
20041213,4.4682,1.7479,2.7203
20041214,4.467,1.7288,2.7382
20041215,4.4147,1.6972,2.7175
20041216,4.4235,1.7039,2.7196
20041217,4.4403,1.721,2.7193
20041220,4.4113,1.7063,2.705
20041221,4.438,1.7196,2.7184
20041222,4.4143,1.695,2.7193
20041223,4.4058,1.6868,2.719
20041224,4.4106,1.6902,2.7204
20041229,4.5346,1.7742,2.7604
20041230,4.531,1.7689,2.7621
20041231,4.4872,1.7389,2.7483
20050104,4.4794,1.721,2.7584
20050105,4.4969,1.7266,2.7703
20050106,4.4665,1.7055,2.761
20050107,4.4585,1.7027,2.7558
20050110,4.4537,1.7035,2.7502
20050111,4.4628,1.7094,2.7534
20050112,4.4721,1.7008,2.7713
20050113,4.4407,1.6845,2.7562
20050114,4.45,1.7082,2.7418
20050117,4.4415,1.6991,2.7424
20050118,4.4915,1.7318,2.7597
20050119,4.5123,1.769,2.7433
20050120,4.551,1.7935,2.7575
20050121,4.55,1.7899,2.7601
20050124,4.5436,1.7854,2.7582
20050125,4.5351,1.7876,2.7475
20050126,4.5464,1.7998,2.7466
20050127,4.5707,1.8258,2.7449
20050128,4.5433,1.8029,2.7404
20050131,4.5419,1.8012,2.7407
20050201,4.5248,1.781,2.7438
20050202,4.5281,1.7831,2.745
20050203,4.5408,1.7893,2.7515
20050204,4.4577,1.7261,2.7316
20050207,4.4313,1.7004,2.7309
20050208,4.4153,1.6914,2.7239
20050209,4.3994,1.6902,2.7092
20050210,4.4204,1.7098,2.7106
20050211,4.4473,1.735,2.7123
20050214,4.4911,1.7626,2.7285
20050215,4.4978,1.7707,2.7271
20050216,4.4993,1.7121,2.7872
20050217,4.5315,1.7413,2.7902
20050218,4.5928,1.791,2.8018
20050221,4.6306,1.8303,2.8003
20050222,4.6327,1.8358,2.7969
20050223,4.6528,1.8512,2.8016
20050224,4.7084,1.8766,2.8318
20050225,4.6795,1.8316,2.8479
20050228,4.6514,1.7926,2.8588
20050301,4.7055,1.8462,2.8593
20050302,4.7639,1.8923,2.8716
20050303,4.7451,1.8807,2.8644
20050304,4.7117,1.8659,2.8458
20050307,4.7147,1.8756,2.8391
20050308,4.7634,1.9076,2.8558
20050309,4.7869,1.9169,2.87
20050310,4.7985,1.9258,2.8727
20050311,4.7801,1.9121,2.868
20050314,4.7804,1.9112,2.8692
20050315,4.7184,1.8502,2.8682
20050316,4.7145,1.8323,2.8822
20050317,4.7451,1.8597,2.8854
20050318,4.7681,1.8801,2.888
20050321,4.7816,1.8919,2.8897
20050322,4.7261,1.8376,2.8885
20050323,4.7825,1.8997,2.8828
20050324,4.7527,1.8895,2.8632
20050329,4.7257,1.8689,2.8568
20050330,4.6773,1.8242,2.8531
20050331,4.6382,1.786,2.8522
20050401,4.6846,1.8285,2.8561
20050404,4.6393,1.7866,2.8527
20050405,4.658,1.8023,2.8557
20050406,4.6386,1.78,2.8586
20050407,4.5991,1.7408,2.8583
20050408,4.6388,1.7878,2.851
20050411,4.6313,1.7835,2.8478
20050412,4.634,1.7903,2.8437
20050413,4.6154,1.7716,2.8438
20050414,4.6025,1.7676,2.8349
20050415,4.5605,1.7404,2.8201
20050418,4.53,1.7267,2.8033
20050419,4.538,1.7424,2.7956
20050420,4.5368,1.7726,2.7642
20050421,4.5312,1.7645,2.7667
20050422,4.5399,1.7718,2.7681
20050425,4.522,1.7563,2.7657
20050426,4.521,1.7517,2.7693
20050427,4.4986,1.727,2.7716
20050428,4.4863,1.7207,2.7656
20050429,4.4749,1.727,2.7479
20050503,4.4568,1.7139,2.7429
20050504,4.4933,1.7502,2.7431
20050505,4.4748,1.7322,2.7426
20050506,4.5481,1.7985,2.7496
20050509,4.5138,1.7666,2.7472
20050510,4.4586,1.7214,2.7372
20050511,4.3927,1.6676,2.7251
20050512,4.3666,1.6496,2.717
20050513,4.3274,1.6211,2.7063
20050516,4.3274,1.63,2.6974
20050517,4.3106,1.6135,2.6971
20050518,4.3061,1.6421,2.664
20050519,4.325,1.68,2.645
20050520,4.3518,1.7289,2.6229
20050523,4.3173,1.7001,2.6172
20050524,4.2888,1.6766,2.6122
20050525,4.2772,1.6711,2.6061
20050526,4.3211,1.7148,2.6063
20050527,4.3568,1.754,2.6028
20050531,4.2811,1.6865,2.5946
20050601,4.2165,1.6607,2.5558
20050602,4.2071,1.6661,2.541
20050603,4.2286,1.6755,2.5531
20050606,4.2486,1.6881,2.5605
20050607,4.2092,1.6452,2.564
20050608,4.1788,1.609,2.5698
20050609,4.2034,1.6137,2.5897
20050610,4.2174,1.6153,2.6021
20050613,4.2597,1.6447,2.615
20050614,4.2875,1.6755,2.612
20050615,4.3588,1.7356,2.6232
20050616,4.3803,1.7455,2.6348
20050617,4.3606,1.7281,2.6325
20050620,4.3831,1.7467,2.6364
20050621,4.3176,1.6897,2.6279
20050622,4.2304,1.6153,2.6151
20050623,4.2368,1.6244,2.6124
20050624,4.1983,1.6003,2.598
20050627,4.1549,1.5661,2.5888
20050628,4.2041,1.6075,2.5966
20050629,4.192,1.5955,2.5965
20050630,4.1508,1.5479,2.6029
20050701,4.1832,1.5786,2.6046
20050704,4.1952,1.5886,2.6066
20050705,4.2386,1.6259,2.6127
20050706,4.2582,1.6407,2.6175
20050707,4.18,1.5655,2.6145
20050708,4.1898,1.5766,2.6132
20050711,4.2677,1.6525,2.6152
20050712,4.2828,1.6671,2.6157
20050713,4.2948,1.6516,2.6432
20050714,4.3234,1.6787,2.6447
20050715,4.3163,1.6847,2.6316
20050718,4.2727,1.6406,2.6321
20050719,4.3067,1.6699,2.6368
20050720,4.3267,1.6947,2.632
20050721,4.3333,1.7164,2.6169
20050722,4.2711,1.6513,2.6198
20050725,4.2589,1.6471,2.6118
20050726,4.2834,1.6607,2.6227
20050727,4.275,1.6579,2.6171
20050728,4.2842,1.6678,2.6164
20050729,4.2884,1.6672,2.6212
20050801,4.3331,1.7111,2.622
20050802,4.3542,1.7167,2.6375
20050803,4.3539,1.7189,2.635
20050804,4.3373,1.6855,2.6518
20050805,4.3928,1.7256,2.6672
20050808,4.3714,1.7032,2.6682
20050809,4.3768,1.7041,2.6727
20050810,4.3699,1.6909,2.679
20050811,4.3752,1.693,2.6822
20050812,4.308,1.6315,2.6765
20050815,4.2994,1.6188,2.6806
20050816,4.2848,1.5907,2.6941
20050817,4.2724,1.5601,2.7123
20050818,4.2366,1.5371,2.6995
20050819,4.2552,1.5548,2.7004
20050822,4.2543,1.5559,2.6984
20050823,4.2349,1.531,2.7039
20050824,4.2245,1.5201,2.7044
20050825,4.2011,1.5027,2.6984
20050826,4.1796,1.5083,2.6713
20050830,4.1437,1.477,2.6667
20050831,4.1238,1.4703,2.6535
20050901,4.0835,1.4371,2.6464
20050902,4.1047,1.4459,2.6588
20050905,4.1128,1.4534,2.6594
20050906,4.1575,1.4883,2.6692
20050907,4.1796,1.5062,2.6734
20050908,4.1552,1.4987,2.6565
20050909,4.1243,1.4698,2.6545
20050912,4.1963,1.5401,2.6562
20050913,4.1539,1.5023,2.6516
20050914,4.1385,1.4824,2.6561
20050915,4.1539,1.5025,2.6514
20050916,4.2063,1.5635,2.6428
20050919,4.1809,1.5378,2.6431
20050920,4.1822,1.5376,2.6446
20050921,4.122,1.4774,2.6446
20050922,4.1413,1.4892,2.6521
20050923,4.1741,1.5143,2.6598
20050926,4.2501,1.5759,2.6742
20050927,4.2488,1.5704,2.6784
20050928,4.2238,1.5447,2.6791
20050929,4.2238,1.5337,2.6901
20050930,4.2464,1.5419,2.7045
20051003,4.2711,1.5572,2.7139
20051004,4.2428,1.5265,2.7163
20051005,4.2263,1.5162,2.7101
20051006,4.2225,1.5046,2.7179
20051007,4.2337,1.5159,2.7178
20051010,4.2217,1.5009,2.7208
20051011,4.2401,1.526,2.7141
20051012,4.2898,1.5656,2.7242
20051013,4.3599,1.6111,2.7488
20051014,4.3758,1.6073,2.7685
20051017,4.3815,1.605,2.7765
20051018,4.3647,1.5899,2.7748
20051019,4.3325,1.5586,2.7739
20051020,4.3612,1.6076,2.7536
20051021,4.3236,1.5802,2.7434
20051024,4.3129,1.5741,2.7388
20051025,4.3644,1.6132,2.7512
20051026,4.3822,1.6216,2.7606
20051027,4.3574,1.6059,2.7515
20051028,4.3041,1.5663,2.7378
20051031,4.2823,1.5435,2.7388
20051101,4.2833,1.5482,2.7351
20051102,4.3505,1.6047,2.7458
20051103,4.3812,1.6248,2.7564
20051104,4.3779,1.5977,2.7802
20051107,4.3658,1.5913,2.7745
20051108,4.3409,1.5637,2.7772
20051109,4.3825,1.6056,2.7769
20051110,4.3737,1.5966,2.7771
20051111,4.3791,1.6051,2.774
20051114,4.3661,1.5908,2.7753
20051115,4.2788,1.5283,2.7505
20051116,4.1486,1.4386,2.71
20051117,4.1766,1.4877,2.6889
20051118,4.2123,1.5347,2.6776
20051121,4.1663,1.4962,2.6701
20051122,4.1897,1.5237,2.666
20051123,4.1952,1.5317,2.6635
20051124,4.1521,1.4769,2.6752
20051125,4.1494,1.4734,2.676
20051128,4.1523,1.4816,2.6707
20051129,4.1885,1.5107,2.6778
20051130,4.1665,1.4892,2.6773
20051201,4.1296,1.4529,2.6767
20051202,4.1684,1.487,2.6814
20051205,4.2196,1.5303,2.6893
20051206,4.1875,1.5118,2.6757
20051207,4.235,1.5445,2.6905
20051208,4.1891,1.4951,2.694
20051209,4.2665,1.5649,2.7016
20051212,4.2371,1.5334,2.7037
20051213,4.2315,1.5187,2.7128
20051214,4.2213,1.4948,2.7265
20051215,4.2214,1.5019,2.7195
20051216,4.1739,1.4682,2.7057
20051219,4.1368,1.4312,2.7056
20051220,4.121,1.4224,2.6986
20051221,4.159,1.4569,2.7021
20051222,4.1338,1.426,2.7078
20051223,4.1291,1.4224,2.7067
20051228,4.0635,1.3598,2.7037
20051229,4.0726,1.3691,2.7035
20051230,4.0476,1.3453,2.7023
20060103,4.0568,1.3459,2.7109
20060104,4.0217,1.3111,2.7106
20060105,4.0156,1.3091,2.7065
20060106,4.0166,1.3136,2.703
20060109,4.0421,1.3436,2.6985
20060110,4.0757,1.3663,2.7094
20060111,4.0533,1.333,2.7203
20060112,4.0175,1.3011,2.7164
20060113,3.9927,1.2789,2.7138
20060116,3.9853,1.2684,2.7169
20060117,3.9215,1.1761,2.7454
20060118,3.9033,1.169,2.7343
20060119,3.9697,1.2523,2.7174
20060120,3.9687,1.2477,2.721
20060123,3.9455,1.2157,2.7298
20060124,3.9626,1.2259,2.7367
20060125,4.0359,1.2955,2.7404
20060126,4.1044,1.3609,2.7435
20060127,4.1273,1.3749,2.7524
20060130,4.1049,1.3334,2.7715
20060131,4.0783,1.311,2.7673
20060201,4.1159,1.3499,2.766
20060202,4.1405,1.3662,2.7743
20060203,4.1143,1.3344,2.7799
20060206,4.1218,1.356,2.7658
20060207,4.1514,1.3768,2.7746
20060208,4.1491,1.3693,2.7798
20060209,4.0952,1.3065,2.7887
20060210,4.0794,1.2949,2.7845
20060213,4.126,1.3452,2.7808
20060214,4.098,1.3271,2.7709
20060215,4.1298,1.371,2.7588
20060216,4.0895,1.3489,2.7406
20060217,4.0492,1.3163,2.7329
20060220,4.0339,1.2928,2.7411
20060221,4.0448,1.3012,2.7436
20060222,4.0244,1.2279,2.7965
20060223,4.0465,1.2516,2.7949
20060224,4.1027,1.2938,2.8089
20060227,4.1529,1.3421,2.8108
20060228,4.1192,1.3029,2.8163
20060301,4.1008,1.2778,2.823
20060302,4.1573,1.3354,2.8219
20060303,4.1856,1.3614,2.8242
20060306,4.1858,1.3598,2.826
20060307,4.1893,1.3588,2.8305
20060308,4.2184,1.3869,2.8315
20060309,4.2509,1.4134,2.8375
20060310,4.2866,1.4382,2.8484
20060313,4.2885,1.4419,2.8466
20060314,4.2514,1.4024,2.849
20060315,4.2647,1.4135,2.8512
20060316,4.2548,1.3929,2.8619
20060317,4.3089,1.4432,2.8657
20060320,4.2883,1.4219,2.8664
20060321,4.3036,1.4602,2.8434
20060322,4.2649,1.4252,2.8397
20060323,4.2767,1.4345,2.8422
20060324,4.2713,1.4281,2.8432
20060327,4.2841,1.4342,2.8499
20060328,4.3378,1.4743,2.8635
20060329,4.3314,1.4688,2.8626
20060330,4.3322,1.4679,2.8643
20060331,4.3444,1.4698,2.8746
20060403,4.3659,1.4836,2.8823
20060404,4.371,1.4848,2.8862
20060405,4.341,1.4468,2.8942
20060406,4.3768,1.4475,2.9293
20060407,4.3638,1.4354,2.9284
20060410,4.3948,1.463,2.9318
20060411,4.4036,1.4654,2.9382
20060412,4.4119,1.4732,2.9387
20060413,4.4812,1.545,2.9362
20060418,4.4733,1.5355,2.9378
20060419,4.467,1.527,2.94
20060420,4.4626,1.5441,2.9185
20060421,4.4955,1.5844,2.9111
20060424,4.5269,1.6182,2.9087
20060425,4.5873,1.6761,2.9112
20060426,4.6298,1.7158,2.914
20060427,4.6056,1.6726,2.933
20060428,4.5845,1.6382,2.9463
20060502,4.586,1.6216,2.9644
20060503,4.6082,1.6212,2.987
20060504,4.6393,1.6565,2.9828
20060505,4.627,1.6365,2.9905
20060508,4.6457,1.6558,2.9899
20060509,4.6547,1.6664,2.9883
20060510,4.6343,1.6442,2.9901
20060511,4.6715,1.6704,3.0011
20060512,4.6814,1.6806,3.0008
20060515,4.6186,1.6224,2.9962
20060516,4.5552,1.6233,2.9319
20060517,4.6395,1.7142,2.9253
20060518,4.5116,1.5998,2.9118
20060519,4.5407,1.6226,2.9181
20060522,4.5033,1.5837,2.9196
20060523,4.5611,1.6342,2.9269
20060524,4.5213,1.6074,2.9139
20060525,4.4857,1.5714,2.9143
20060526,4.4924,1.5758,2.9166
20060530,4.5198,1.6007,2.9191
20060531,4.5389,1.6033,2.9356
20060601,4.5839,1.6432,2.9407
20060602,4.5342,1.5994,2.9348
20060605,4.5498,1.6157,2.9341
20060606,4.6072,1.6709,2.9363
20060607,4.5792,1.6546,2.9246
20060608,4.5604,1.6373,2.9231
20060609,4.5193,1.5973,2.922
20060612,4.4953,1.5713,2.924
20060613,4.4657,1.579,2.8867
20060614,4.4799,1.5846,2.8953
20060615,4.5654,1.6664,2.899
20060616,4.5517,1.6541,2.8976
20060619,4.6045,1.7094,2.8951
20060620,4.6593,1.7602,2.8991
20060621,4.6592,1.7629,2.8963
20060622,4.6757,1.773,2.9027
20060623,4.6886,1.7734,2.9152
20060626,4.6746,1.7626,2.912
20060627,4.676,1.7691,2.9069
20060628,4.6846,1.7738,2.9108
20060629,4.6598,1.7469,2.9129
20060630,4.6532,1.7249,2.9283
20060703,4.6836,1.7512,2.9324
20060704,4.6349,1.7103,2.9246
20060705,4.6688,1.7492,2.9196
20060706,4.6315,1.7132,2.9183
20060707,4.5943,1.6767,2.9176
20060710,4.6103,1.6943,2.916
20060711,4.5808,1.6598,2.921
20060712,4.6173,1.6863,2.931
20060713,4.5843,1.6523,2.932
20060714,4.5276,1.5916,2.936
20060717,4.5642,1.6278,2.9364
20060718,4.5991,1.6532,2.9459
20060719,4.5712,1.6134,2.9578
20060720,4.5667,1.6055,2.9612
20060721,4.5508,1.5936,2.9572
20060724,4.5423,1.5793,2.963
20060725,4.5725,1.6252,2.9473
20060726,4.5979,1.6481,2.9498
20060727,4.5595,1.5888,2.9707
20060728,4.5381,1.5676,2.9705
20060731,4.5484,1.5726,2.9758
20060801,4.5606,1.5833,2.9773
20060802,4.5903,1.6213,2.969
20060803,4.6689,1.7009,2.968
20060804,4.632,1.6575,2.9745
20060807,4.6022,1.629,2.9732
20060808,4.5942,1.5995,2.9947
20060809,4.6089,1.5908,3.0181
20060810,4.6292,1.6103,3.0189
20060811,4.6771,1.6446,3.0325
20060814,4.6923,1.6591,3.0332
20060815,4.6637,1.6377,3.026
20060816,4.637,1.5607,3.0763
20060817,4.6102,1.5448,3.0654
20060818,4.5608,1.4972,3.0636
20060821,4.5199,1.4654,3.0545
20060822,4.4883,1.4291,3.0592
20060823,4.5062,1.436,3.0702
20060824,4.5055,1.4523,3.0532
20060825,4.4965,1.4441,3.0524
20060829,4.4944,1.4731,3.0213
20060830,4.4736,1.4639,3.0097
20060831,4.4357,1.433,3.0027
20060901,4.4248,1.4184,3.0064
20060904,4.4519,1.4465,3.0054
20060905,4.4742,1.4714,3.0028
20060906,4.495,1.4961,2.9989
20060907,4.4882,1.4899,2.9983
20060908,4.4623,1.4676,2.9947
20060911,4.4921,1.4983,2.9938
20060912,4.5319,1.5397,2.9922
20060913,4.4913,1.5024,2.9889
20060914,4.4949,1.5068,2.9881
20060915,4.4969,1.5059,2.991
20060918,4.5682,1.5819,2.9863
20060919,4.5391,1.5542,2.9849
20060920,4.5219,1.5445,2.9774
20060921,4.4945,1.5239,2.9706
20060922,4.4162,1.4549,2.9613
20060925,4.3773,1.4266,2.9507
20060926,4.3832,1.4405,2.9427
20060927,4.397,1.4527,2.9443
20060928,4.4168,1.4798,2.937
20060929,4.4466,1.5139,2.9327
20061002,4.4531,1.51,2.9431
20061003,4.4748,1.5415,2.9333
20061004,4.4496,1.5217,2.9279
20061005,4.4426,1.5137,2.9289
20061006,4.4849,1.553,2.9319
20061009,4.4795,1.5456,2.9339
20061010,4.5304,1.5855,2.9449
20061011,4.5333,1.5761,2.9572
20061012,4.538,1.5748,2.9632
20061013,4.5649,1.6023,2.9626
20061016,4.5639,1.5944,2.9695
20061017,4.5497,1.5933,2.9564
20061018,4.5658,1.6078,2.958
20061019,4.5842,1.6249,2.9593
20061020,4.6063,1.6499,2.9564
20061023,4.6153,1.6609,2.9544
20061024,4.6165,1.6521,2.9644
20061025,4.6127,1.6436,2.9691
20061026,4.5719,1.6017,2.9702
20061027,4.5048,1.532,2.9728
20061030,4.4686,1.4895,2.9791
20061031,4.4204,1.4437,2.9767
20061101,4.4191,1.449,2.9701
20061102,4.4633,1.4928,2.9705
20061103,4.4903,1.508,2.9823
20061106,4.5119,1.5263,2.9856
20061107,4.452,1.4683,2.9837
20061108,4.4739,1.4894,2.9845
20061109,4.4475,1.4587,2.9888
20061110,4.4265,1.4422,2.9843
20061113,4.4664,1.4822,2.9842
20061114,4.4425,1.4565,2.986
20061115,4.4677,1.4826,2.9851
20061116,4.4798,1.4954,2.9844
20061117,4.4707,1.4843,2.9864
20061120,4.4452,1.4625,2.9827
20061121,4.4503,1.474,2.9763
20061122,4.4552,1.4811,2.9741
20061123,4.4819,1.5018,2.9801
20061124,4.4298,1.4586,2.9712
20061127,4.4685,1.4959,2.9726
20061128,4.4329,1.4678,2.9651
20061129,4.4373,1.4744,2.9629
20061130,4.4059,1.4373,2.9686
20061201,4.3638,1.3972,2.9666
20061204,4.3675,1.3999,2.9676
20061205,4.3989,1.4326,2.9663
20061206,4.3999,1.4414,2.9585
20061207,4.4229,1.4695,2.9534
20061208,4.4479,1.4957,2.9522
20061211,4.4882,1.5314,2.9568
20061212,4.5077,1.5497,2.958
20061213,4.5235,1.5707,2.9528
20061214,4.5748,1.6053,2.9695
20061215,4.5707,1.6074,2.9633
20061218,4.5902,1.6262,2.964
20061219,4.6222,1.6496,2.9726
20061220,4.5984,1.6276,2.9708
20061221,4.6115,1.6409,2.9706
20061222,4.6156,1.6456,2.97
20061227,4.6684,1.6988,2.9696
20061228,4.673,1.7011,2.9719
20061229,4.6261,1.6562,2.9699
20070102,4.6434,1.6676,2.9758
20070103,4.6747,1.6915,2.9832
20070104,4.6588,1.6755,2.9833
20070105,4.6877,1.6962,2.9915
20070108,4.6738,1.6804,2.9934
20070109,4.6844,1.696,2.9884
20070110,4.6922,1.7072,2.985
20070111,4.7306,1.7471,2.9835
20070112,4.7793,1.7924,2.9869
20070115,4.775,1.7858,2.9892
20070116,4.762,1.8185,2.9435
20070117,4.7676,1.8228,2.9448
20070118,4.7787,1.8067,2.972
20070119,4.7754,1.8077,2.9677
20070122,4.7564,1.7937,2.9627
20070123,4.7659,1.8099,2.956
20070124,4.7824,1.8368,2.9456
20070125,4.8325,1.8858,2.9467
20070126,4.8553,1.9131,2.9422
20070129,4.8827,1.938,2.9447
20070130,4.8613,1.9204,2.9409
20070131,4.8488,1.9057,2.9431
20070201,4.8758,1.9308,2.945
20070202,4.8702,1.9252,2.945
20070205,4.8548,1.9131,2.9417
20070206,4.8527,1.9082,2.9445
20070207,4.8298,1.8855,2.9443
20070208,4.7928,1.855,2.9378
20070209,4.8439,1.9056,2.9383
20070212,4.8576,1.9208,2.9368
20070213,4.8338,1.8122,3.0216
20070214,4.8286,1.8017,3.0269
20070215,4.7255,1.7273,2.9982
20070216,4.7333,1.7373,2.996
20070219,4.7489,1.7536,2.9953
20070220,4.7663,1.7739,2.9924
20070221,4.7417,1.7564,2.9853
20070222,4.7913,1.8044,2.9869
20070223,4.7461,1.7587,2.9874
20070226,4.7261,1.7058,3.0203
20070227,4.689,1.6691,3.0199
20070228,4.6832,1.6618,3.0214
20070301,4.6747,1.652,3.0227
20070302,4.6655,1.6453,3.0202
20070305,4.6433,1.6296,3.0137
20070306,4.6562,1.6397,3.0165
20070307,4.6586,1.6433,3.0153
20070308,4.6655,1.6492,3.0163
20070309,4.709,1.6942,3.0148
20070312,4.7012,1.6875,3.0137
20070313,4.6619,1.6549,3.007
20070314,4.631,1.6252,3.0058
20070315,4.6738,1.6766,2.9972
20070316,4.6761,1.6791,2.997
20070319,4.7048,1.7037,3.0011
20070320,4.7193,1.7306,2.9887
20070321,4.7182,1.7279,2.9903
20070322,4.7524,1.7599,2.9925
20070323,4.7873,1.7907,2.9966
20070326,4.7939,1.7905,3.0034
20070327,4.8277,1.8264,3.0013
20070328,4.817,1.8148,3.0022
20070329,4.8433,1.8387,3.0046
20070330,4.8558,1.8413,3.0145
20070402,4.8622,1.848,3.0142
20070403,4.9084,1.8906,3.0178
20070404,4.8789,1.8637,3.0152
20070405,4.8881,1.8699,3.0182
20070410,4.9069,1.8834,3.0235
20070411,4.9099,1.8809,3.029
20070412,4.944,1.912,3.032
20070413,4.9912,1.9565,3.0347
20070416,4.9631,1.9296,3.0335
20070417,4.9708,1.94,3.0308
20070418,4.9264,1.8962,3.0302
20070419,4.95,1.9256,3.0244
20070420,4.9494,1.9254,3.024
20070423,4.9368,1.9171,3.0197
20070424,4.9394,1.9286,3.0108
20070425,4.94,1.9372,3.0028
20070426,4.9737,1.9785,2.9952
20070427,4.9976,2.0015,2.9961
20070430,4.9249,1.9257,2.9992
20070501,4.9477,1.9544,2.9933
20070502,4.9823,1.9889,2.9934
20070503,5.0161,2.0204,2.9957
20070504,4.9925,2.0038,2.9887
20070508,4.9699,1.981,2.9889
20070509,4.9662,1.9824,2.9838
20070510,4.9867,2.0015,2.9852
20070511,4.9638,1.988,2.9758
20070514,5.0133,2.0374,2.9759
20070515,5.0178,2.0503,2.9675
20070516,5.0048,2.0433,2.9615
20070517,5.0288,2.0651,2.9637
20070518,5.041,2.0812,2.9598
20070521,5.0488,2.0881,2.9607
20070522,5.0404,2.0847,2.9557
20070523,5.092,2.1323,2.9597
20070524,5.0744,2.1118,2.9626
20070525,5.1006,2.1296,2.971
20070529,5.1038,2.1249,2.9789
20070530,5.1167,2.1351,2.9816
20070531,5.1262,2.1432,2.983
20070601,5.1613,2.1754,2.9859
20070604,5.1625,2.1782,2.9843
20070605,5.19,2.1966,2.9934
20070606,5.1548,2.1367,3.0181
20070607,5.2297,2.1969,3.0328
20070608,5.2737,2.2127,3.061
20070611,5.2656,2.2048,3.0608
20070612,5.3206,2.2282,3.0924
20070613,5.3553,2.2439,3.1114
20070614,5.357,2.2407,3.1163
20070615,5.367,2.2496,3.1174
20070618,5.3765,2.2506,3.1259
20070619,5.3549,2.2016,3.1533
20070620,5.3872,2.2305,3.1567
20070621,5.3932,2.2272,3.166
20070622,5.4132,2.2296,3.1836
20070625,5.3777,2.2126,3.1651
20070626,5.3615,2.2151,3.1464
20070627,5.3195,2.2086,3.1109
20070628,5.3263,2.2117,3.1146
20070629,5.3592,2.2299,3.1293
20070702,5.3138,2.1915,3.1223
20070703,5.3579,2.2508,3.1071
20070704,5.3871,2.2772,3.1099
20070705,5.4102,2.3004,3.1098
20070706,5.4394,2.3185,3.1209
20070709,5.4439,2.3203,3.1236
20070710,5.3423,2.2136,3.1287
20070711,5.3391,2.2279,3.1112
20070712,5.3603,2.2552,3.1051
20070713,5.3948,2.2869,3.1079
20070716,5.3619,2.2571,3.1048
20070717,5.3824,2.2799,3.1025
20070718,5.3099,2.199,3.1109
20070719,5.3081,2.1954,3.1127
20070720,5.2064,2.1235,3.0829
20070723,5.2139,2.1413,3.0726
20070724,5.2079,2.1341,3.0738
20070725,5.1805,2.1077,3.0728
20070726,5.1215,2.0479,3.0736
20070727,5.1072,2.0476,3.0596
20070730,5.0734,2.0167,3.0567
20070731,5.1163,2.0523,3.064
20070801,5.1069,2.0518,3.0551
20070802,5.1372,2.0787,3.0585
20070803,5.0839,2.0219,3.062
20070806,5.0942,2.0318,3.0624
20070807,5.1023,2.0385,3.0638
20070808,5.191,2.1199,3.0711
20070809,5.1549,2.0889,3.066
20070810,5.1289,2.0744,3.0545
20070813,5.1353,2.0886,3.0467
20070814,5.0826,1.9725,3.1101
20070815,5.04,1.9357,3.1043
20070816,5.0114,1.8882,3.1232
20070817,5.007,1.8834,3.1236
20070820,4.9988,1.8742,3.1246
20070821,4.941,1.8269,3.1141
20070822,5.0278,1.9185,3.1093
20070823,4.9961,1.8774,3.1187
20070824,5.0087,1.8932,3.1155
20070828,4.983,1.8691,3.1139
20070829,4.9355,1.8549,3.0806
20070830,4.9289,1.8348,3.0941
20070831,4.9352,1.8362,3.099
20070903,4.9757,1.8702,3.1055
20070904,4.9824,1.8512,3.1312
20070905,4.9407,1.8,3.1407
20070906,4.9251,1.7968,3.1283
20070907,4.8617,1.7535,3.1082
20070910,4.8182,1.7161,3.1021
20070911,4.8322,1.7176,3.1146
20070912,4.8307,1.7072,3.1235
20070913,4.8473,1.7302,3.1171
20070914,4.7951,1.6722,3.1229
20070917,4.7805,1.6554,3.1251
20070918,4.8677,1.7591,3.1086
20070919,4.916,1.8032,3.1128
20070920,4.9558,1.8277,3.1281
20070921,5.0079,1.8699,3.138
20070924,4.9989,1.8534,3.1455
20070925,4.9599,1.8192,3.1407
20070926,4.9939,1.8513,3.1426
20070927,5.0002,1.8493,3.1509
20070928,4.9505,1.7911,3.1594
20071001,4.9351,1.7704,3.1647
20071002,4.9074,1.7304,3.177
20071003,4.9131,1.7119,3.2012
20071004,4.8847,1.7012,3.1835
20071005,4.892,1.7201,3.1719
20071008,4.8897,1.7337,3.156
20071009,4.8278,1.6833,3.1445
20071010,4.9043,1.7686,3.1357
20071011,4.9449,1.8005,3.1444
20071012,5.0033,1.8503,3.153
20071015,5.0111,1.8697,3.1414
20071016,5.0031,1.8657,3.1374
20071017,4.9618,1.8147,3.1471
20071018,4.907,1.7661,3.1409
20071019,4.8303,1.6951,3.1352
20071022,4.8156,1.7027,3.1129
20071023,4.8304,1.7225,3.1079
20071024,4.783,1.6694,3.1136
20071025,4.7971,1.6885,3.1086
20071026,4.8036,1.6905,3.1131
20071029,4.7967,1.6708,3.1259
20071030,4.8157,1.6908,3.1249
20071031,4.8693,1.7284,3.1409
20071101,4.8594,1.6935,3.1659
20071102,4.8053,1.6407,3.1646
20071105,4.8059,1.6301,3.1758
20071106,4.8174,1.621,3.1964
20071107,4.7801,1.5647,3.2154
20071108,4.7412,1.5198,3.2214
20071109,4.6981,1.4824,3.2157
20071112,4.7184,1.5009,3.2175
20071113,4.7131,1.5099,3.2032
20071114,4.7065,1.496,3.2105
20071115,4.6533,1.4376,3.2157
20071116,4.6137,1.4154,3.1983
20071119,4.5936,1.4115,3.1821
20071120,4.6121,1.4173,3.1948
20071121,4.5602,1.3585,3.2017
20071122,4.5268,1.331,3.1958
20071123,4.5782,1.3801,3.1981
20071126,4.5621,1.3697,3.1924
20071127,4.5868,1.3991,3.1877
20071128,4.6685,1.4692,3.1993
20071129,4.5766,1.3819,3.1947
20071130,4.6382,1.4412,3.197
20071203,4.5891,1.3896,3.1995
20071204,4.5365,1.3336,3.2029
20071205,4.5033,1.3164,3.1869
20071206,4.5646,1.3828,3.1818
20071207,4.6553,1.4965,3.1588
20071210,4.7141,1.5643,3.1498
20071211,4.6823,1.5302,3.1521
20071212,4.8146,1.6479,3.1667
20071213,4.772,1.6069,3.1651
20071214,4.7954,1.6354,3.16
20071217,4.7565,1.6013,3.1552
20071218,4.7529,1.5974,3.1555
20071219,4.6885,1.5375,3.151
20071220,4.5882,1.4554,3.1328
20071221,4.6405,1.5062,3.1343
20071224,4.5937,1.4607,3.133
20071227,4.6356,1.5009,3.1347
20071228,4.5607,1.4235,3.1372
20071231,4.5176,1.3801,3.1375
20080102,4.4603,1.3336,3.1267
20080103,4.4678,1.3687,3.0991
20080104,4.4242,1.3324,3.0918
20080107,4.4278,1.3364,3.0914
20080108,4.4681,1.3647,3.1034
20080109,4.4155,1.3044,3.1111
20080110,4.4162,1.2786,3.1376
20080111,4.4438,1.2772,3.1666
20080114,4.4362,1.2691,3.1671
20080115,4.4128,1.2727,3.1401
20080116,4.3922,1.2596,3.1326
20080117,4.4233,1.2735,3.1498
20080118,4.4461,1.2711,3.175
20080121,4.3784,1.1973,3.1811
20080122,4.5163,1.3085,3.2078
20080123,4.4423,1.2411,3.2012
20080124,4.5434,1.334,3.2094
20080125,4.5299,1.3078,3.2221
20080128,4.4914,1.278,3.2134
20080129,4.586,1.3672,3.2188
20080130,4.5698,1.3566,3.2132
20080131,4.489,1.2847,3.2043
20080201,4.489,1.2852,3.2038
20080204,4.5259,1.3306,3.1953
20080205,4.4342,1.2436,3.1906
20080206,4.4929,1.2975,3.1954
20080207,4.4595,1.2619,3.1976
20080208,4.4698,1.2488,3.221
20080211,4.524,1.3099,3.2141
20080212,4.6492,1.3453,3.3039
20080213,4.6376,1.3279,3.3097
20080214,4.6497,1.34,3.3097
20080215,4.6262,1.3171,3.3091
20080218,4.672,1.3653,3.3067
20080219,4.6588,1.35,3.3088
20080220,4.701,1.3833,3.3177
20080221,4.6994,1.3841,3.3153
20080222,4.7023,1.3843,3.318
20080225,4.7412,1.4256,3.3156
20080226,4.7282,1.4193,3.3089
20080227,4.7497,1.4092,3.3405
20080228,4.6555,1.3037,3.3518
20080229,4.5271,1.176,3.3511
20080303,4.5035,1.1646,3.3389
20080304,4.472,1.1316,3.3404
20080305,4.5439,1.2016,3.3423
20080306,4.4608,1.1098,3.351
20080307,4.4048,1.0486,3.3562
20080310,4.3731,1.0134,3.3597
20080311,4.436,1.0706,3.3654
20080312,4.4904,1.1179,3.3725
20080313,4.4323,1.0462,3.3861
20080314,4.4145,0.9934,3.4211
20080317,4.3894,0.924,3.4654
20080318,4.4358,0.9257,3.5101
20080319,4.3878,0.901,3.4868
20080320,4.3594,0.8657,3.4937
20080325,4.4873,0.9874,3.4999
20080326,4.4906,0.9751,3.5155
20080327,4.5483,1.0625,3.4858
20080328,4.4747,1.0124,3.4623
20080331,4.4245,0.9588,3.4657
20080401,4.5135,1.0452,3.4683
20080402,4.4993,1.0281,3.4712
20080403,4.5212,1.0511,3.4701
20080404,4.5268,1.0537,3.4731
20080407,4.5817,1.1247,3.457
20080408,4.582,1.1423,3.4397
20080409,4.603,1.1576,3.4454
20080410,4.5626,1.1232,3.4394
20080411,4.4946,1.0567,3.4379
20080414,4.517,1.0797,3.4373
20080415,4.5182,1.0881,3.4301
20080416,4.6169,1.1898,3.4271
20080417,4.7192,1.2967,3.4225
20080418,4.7837,1.3679,3.4158
20080421,4.7222,1.3203,3.4019
20080422,4.7361,1.3306,3.4055
20080423,4.7099,1.3082,3.4017
20080424,4.8198,1.4005,3.4193
20080425,4.8254,1.3904,3.435
20080428,4.7922,1.3504,3.4418
20080429,4.7407,1.3,3.4407
20080430,4.7338,1.2802,3.4536
20080501,4.6875,1.2401,3.4474
20080502,4.8073,1.3639,3.4434
20080506,4.7363,1.2767,3.4596
20080507,4.7758,1.3014,3.4744
20080508,4.6839,1.2259,3.458
20080509,4.6486,1.1967,3.4519
20080512,4.6595,1.2034,3.4561
20080513,4.7512,1.2715,3.4797
20080514,4.8483,1.337,3.5113
20080515,4.8719,1.368,3.5039
20080516,4.8006,1.3211,3.4795
20080519,4.8552,1.3849,3.4703
20080520,4.8251,1.3601,3.465
20080521,4.9045,1.4362,3.4683
20080522,4.9743,1.4806,3.4937
20080523,4.9484,1.4292,3.5192
20080527,4.9518,1.4342,3.5176
20080528,4.9876,1.4721,3.5155
20080529,5.0494,1.5241,3.5253
20080530,4.9995,1.474,3.5255
20080602,4.9928,1.4716,3.5212
20080603,5.0776,1.5239,3.5537
20080604,4.9876,1.4113,3.5763
20080605,5.0829,1.4335,3.6494
20080606,5.0327,1.3776,3.6551
20080609,5.1546,1.4692,3.6854
20080610,5.1453,1.3928,3.7525
20080611,5.1607,1.4006,3.7601
20080612,5.173,1.3517,3.8213
20080613,5.2764,1.3831,3.8933
20080616,5.2244,1.3398,3.8846
20080617,5.1931,1.3061,3.887
20080618,5.1898,1.3083,3.8815
20080619,5.264,1.3939,3.8701
20080620,5.1755,1.3031,3.8724
20080623,5.1587,1.2858,3.8729
20080624,5.1861,1.2949,3.8912
20080625,5.158,1.2701,3.8879
20080626,5.0499,1.183,3.8669
20080627,5.0754,1.2311,3.8443
20080630,5.168,1.262,3.906
20080701,5.1958,1.2515,3.9443
20080702,5.1807,1.2173,3.9634
20080703,5.0896,1.102,3.9876
20080704,5.0228,1.0365,3.9863
20080707,4.9753,0.9855,3.9898
20080708,4.9684,1.0342,3.9342
20080709,4.9405,1.0755,3.865
20080710,4.9208,1.0803,3.8405
20080711,4.9511,1.101,3.8501
20080714,4.948,1.1028,3.8452
20080715,4.9145,1.1244,3.7901
20080716,4.9202,1.2442,3.676
20080717,4.9369,1.3348,3.6021
20080718,5.0732,1.5013,3.5719
20080721,5.0876,1.4599,3.6277
20080722,5.0325,1.3874,3.6451
20080723,5.075,1.4534,3.6216
20080724,5.0141,1.5093,3.5048
20080725,5.0244,1.5641,3.4603
20080728,4.9901,1.5475,3.4426
20080729,4.9408,1.4939,3.4469
20080730,4.8873,1.4532,3.4341
20080731,4.8489,1.4434,3.4055
20080801,4.8863,1.4451,3.4412
20080804,4.8509,1.3969,3.454
20080805,4.8157,1.3548,3.4609
20080806,4.7957,1.3289,3.4668
20080807,4.7455,1.2713,3.4742
20080808,4.738,1.2564,3.4816
20080811,4.7588,1.2571,3.5017
20080812,4.6901,1.127,3.5631
20080813,4.675,1.1208,3.5542
20080814,4.7189,1.153,3.5659
20080815,4.6562,1.0604,3.5958
20080818,4.6682,1.0853,3.5829
20080819,4.662,1.096,3.566
20080820,4.636,1.0723,3.5637
20080821,4.6373,1.0504,3.5869
20080822,4.6762,1.0901,3.5861
20080826,4.5701,0.9827,3.5874
20080827,4.5932,0.9974,3.5958
20080828,4.5333,0.9801,3.5532
20080829,4.5304,0.9674,3.563
20080901,4.5159,0.9485,3.5674
20080902,4.5516,1.0336,3.518
20080903,4.5522,1.0732,3.479
20080904,4.509,1.0451,3.4639
20080905,4.4402,1.0818,3.3584
20080908,4.5301,1.1897,3.3404
20080909,4.4853,1.1632,3.3221
20080910,4.5004,1.183,3.3174
20080911,4.501,1.1991,3.3019
20080912,4.6377,1.3309,3.3068
20080915,4.5245,1.2309,3.2936
20080916,4.487,1.3472,3.1398
20080917,4.4701,1.3512,3.1189
20080918,4.472,1.2827,3.1893
20080919,4.6364,1.3572,3.2792
20080922,4.7208,1.4376,3.2832
20080923,4.71,1.4115,3.2985
20080924,4.6178,1.3893,3.2285
20080925,4.6674,1.4278,3.2396
20080926,4.6089,1.3686,3.2403
20080929,4.4629,1.2444,3.2185
20080930,4.523,1.3316,3.1914
20081001,4.5049,1.3136,3.1913
20081002,4.4542,1.3003,3.1539
20081003,4.476,1.3874,3.0886
20081006,4.3257,1.3894,2.9363
20081007,4.3474,1.6983,2.6491
20081008,4.3989,1.8266,2.5723
20081009,4.4573,1.8995,2.5578
20081010,4.5643,2.0324,2.5319
20081013,4.7483,2.2961,2.4522
20081014,4.8205,2.4137,2.4068
20081015,4.7904,2.3932,2.3972
20081016,4.7934,2.3934,2.4
20081017,4.7533,2.4091,2.3442
20081020,4.7113,2.2929,2.4184
20081021,4.7269,2.308,2.4189
20081022,4.6071,2.2036,2.4035
20081023,4.5945,2.1821,2.4124
20081024,4.4992,2.0759,2.4233
20081027,4.5226,2.1203,2.4023
20081028,4.5453,2.215,2.3303
20081029,4.5644,2.2699,2.2945
20081030,4.6024,2.3043,2.2981
20081031,4.6995,2.4491,2.2504
20081103,4.6782,2.4354,2.2428
20081104,4.6694,2.4945,2.1749
20081105,4.6277,2.5063,2.1214
20081106,4.5445,2.5111,2.0334
20081107,4.4126,2.4036,2.009
20081110,4.4038,2.412,1.9918
20081111,4.4294,2.4532,1.9762
20081112,4.3466,2.4133,1.9333
20081113,4.3325,2.4269,1.9056
20081114,4.3158,2.425,1.8908
20081117,4.3633,2.476,1.8873
20081118,4.3455,2.5243,1.8212
20081119,4.295,2.6182,1.6768
20081120,4.1577,2.5277,1.63
20081121,4.1265,2.6443,1.4822
20081124,4.186,2.8051,1.3809
20081125,4.1076,2.7995,1.3081
20081126,4.0258,2.7437,1.2821
20081127,3.9979,2.7519,1.246
20081128,4.0107,2.7839,1.2268
20081201,3.9147,2.7118,1.2029
20081202,3.7757,2.596,1.1797
20081203,3.7252,2.4659,1.2593
20081204,3.7448,2.4717,1.2731
20081205,3.7054,2.4642,1.2412
20081208,3.8549,2.6489,1.206
20081209,3.8535,2.611,1.2425
20081210,3.8407,2.472,1.3687
20081211,3.876,2.3779,1.4981
20081212,3.8952,2.3356,1.5596
20081215,3.7732,2.2461,1.5271
20081216,3.7023,2.0386,1.6637
20081217,3.5381,1.8943,1.6438
20081218,3.5113,1.8404,1.6709
20081219,3.5101,1.8173,1.6928
20081222,3.471,1.7678,1.7032
20081223,3.47,1.7622,1.7078
20081224,3.4017,1.6996,1.7021
20081229,3.4499,1.7429,1.707
20081230,3.4447,1.7138,1.7309
20081231,3.3892,1.625,1.7642
20090102,3.4072,1.6253,1.7819
20090105,3.52,1.6943,1.8257
20090106,3.6258,1.7829,1.8429
20090107,3.6518,1.7498,1.902
20090108,3.5859,1.6077,1.9782
20090109,3.5001,1.4809,2.0192
20090112,3.505,1.4795,2.0255
20090113,3.5796,1.5424,2.0372
20090114,3.4832,1.4653,2.0179
20090115,3.5051,1.4149,2.0902
20090116,3.6622,1.568,2.0942
20090119,3.7915,1.6387,2.1528
20090120,3.8782,1.422,2.4562
20090121,3.8126,1.3547,2.4579
20090122,3.8846,1.3897,2.4949
20090123,4.0668,1.5651,2.5017
20090126,4.0717,1.5254,2.5463
20090127,4.0385,1.4807,2.5578
20090128,4.017,1.3783,2.6387
20090129,4.0593,1.2836,2.7757
20090130,4.0768,1.3365,2.7403
20090202,4.062,1.3287,2.7333
20090203,4.107,1.4004,2.7066
20090204,4.1245,1.5102,2.6143
20090205,4.0704,1.5132,2.5572
20090206,4.0868,1.5549,2.5319
20090209,4.1074,1.6323,2.4751
20090210,4.0053,1.4954,2.5099
20090211,3.8011,1.2755,2.5256
20090212,3.6624,1.1396,2.5228
20090213,3.729,1.2432,2.4858
20090216,3.6337,1.1912,2.4425
20090217,3.5447,0.9744,2.5703
20090218,3.5048,0.9747,2.5301
20090219,3.6458,1.0681,2.5777
20090220,3.5452,0.9702,2.575
20090223,3.577,0.9777,2.5993
20090224,3.5379,0.9522,2.5857
20090225,3.5805,0.9943,2.5862
20090226,3.8281,1.1727,2.6554
20090227,3.8151,1.1674,2.6477
20090302,3.7501,1.1108,2.6393
20090303,3.7568,1.1249,2.6319
20090304,3.8389,1.2765,2.5624
20090305,3.522,1.0991,2.4229
20090306,3.1566,1.0138,2.1428
20090309,3.2245,1.253,1.9715
20090310,3.2203,1.3026,1.9177
20090311,3.1852,1.3511,1.8341
20090312,3.0576,1.2462,1.8114
20090313,3.0585,1.2384,1.8201
20090316,3.1408,1.3008,1.84
20090317,3.1723,1.2523,1.92
20090318,3.2149,1.2297,1.9852
20090319,3.129,1.0114,2.1176
20090320,3.1267,0.9806,2.1461
20090323,3.2543,1.0811,2.1732
20090324,3.4542,1.2422,2.212
20090325,3.4124,1.159,2.2534
20090326,3.4511,1.1818,2.2693
20090327,3.4296,1.1678,2.2618
20090330,3.3233,1.0929,2.2304
20090331,3.3015,1.0674,2.2341
20090401,3.2508,1.0085,2.2423
20090402,3.4827,1.2261,2.2566
20090403,3.5244,1.211,2.3134
20090406,3.5339,1.1769,2.357
20090407,3.546,1.13,2.416
20090408,3.4554,1.0419,2.4135
20090409,3.3993,0.9774,2.4219
20090414,3.3221,0.9066,2.4155
20090415,3.3587,0.955,2.4037
20090416,3.3417,0.9124,2.4293
20090417,3.4579,1.0082,2.4497
20090420,3.3126,0.8595,2.4531
20090421,3.3882,0.9394,2.4488
20090422,3.5503,1.0826,2.4677
20090423,3.6359,1.1007,2.5352
20090424,3.6184,1.0618,2.5566
20090427,3.6126,1.0696,2.543
20090428,3.583,1.0617,2.5213
20090429,3.5772,1.0594,2.5178
20090430,3.6361,1.1256,2.5105
20090501,3.67,1.1479,2.5221
20090505,3.6798,1.1378,2.542
20090506,3.7429,1.185,2.5579
20090507,3.8003,1.2244,2.5759
20090508,3.8422,1.2512,2.591
20090511,3.7696,1.1697,2.5999
20090512,3.762,1.1437,2.6183
20090513,3.6166,1.0052,2.6114
20090514,3.578,0.9673,2.6107
20090515,3.6414,1.0142,2.6272
20090518,3.5767,0.9145,2.6622
20090519,3.5966,0.8807,2.7159
20090520,3.6847,0.9703,2.7144
20090521,3.7635,0.9791,2.7844
20090522,3.8466,1.0164,2.8302
20090526,3.7657,0.9367,2.829
20090527,3.8137,0.9935,2.8202
20090528,3.8564,1.0148,2.8416
20090529,3.8141,0.9807,2.8334
20090601,3.8861,1.0446,2.8415
20090602,3.9362,1.0738,2.8624
20090603,3.8322,0.985,2.8472
20090604,3.8904,1.0431,2.8473
20090605,3.9458,1.0998,2.846
20090608,3.8681,1.0767,2.7914
20090609,3.8451,1.0665,2.7786
20090610,3.9116,1.1377,2.7739
20090611,4.0194,1.226,2.7934
20090612,3.9619,1.1581,2.8038
20090615,3.8532,1.0631,2.7901
20090616,3.8754,1.1398,2.7356
20090617,3.7647,1.0249,2.7398
20090618,3.8183,1.0891,2.7292
20090619,3.771,1.0299,2.7411
20090622,3.7084,0.9893,2.7191
20090623,3.6953,0.9807,2.7146
20090624,3.6751,0.9474,2.7277
20090625,3.6714,0.918,2.7534
20090626,3.7057,0.915,2.7907
20090629,3.6248,0.8587,2.7661
20090630,3.703,0.9421,2.7609
20090701,3.8111,1.0351,2.776
20090702,3.8098,1.013,2.7968
20090703,3.7966,0.9785,2.8181
20090706,3.7396,0.9378,2.8018
20090707,3.7708,0.9457,2.8251
20090708,3.7269,0.9562,2.7707
20090709,3.8974,1.1084,2.789
20090710,3.8579,1.0449,2.813
20090713,3.7893,1.0025,2.7868
20090714,3.8494,1.1087,2.7407
20090715,3.9027,1.1812,2.7215
20090716,3.8913,1.17,2.7213
20090717,3.9144,1.189,2.7254
20090720,3.9359,1.2182,2.7177
20090721,3.9031,1.2272,2.6759
20090722,3.971,1.3168,2.6542
20090723,4.0948,1.4278,2.667
20090724,4.0891,1.3894,2.6997
20090727,4.0907,1.3813,2.7094
20090728,4.0558,1.3395,2.7163
20090729,4.1027,1.3695,2.7332
20090730,4.0723,1.3195,2.7528
20090731,3.9125,1.1844,2.7281
20090803,3.9877,1.2596,2.7281
20090804,3.9549,1.2271,2.7278
20090805,3.9322,1.1942,2.738
20090806,3.859,1.1592,2.6998
20090807,3.9016,1.2004,2.7012
20090810,3.9048,1.1749,2.7299
20090811,3.9344,1.2182,2.7162
20090812,3.9114,1.1898,2.7216
20090813,3.911,1.1795,2.7315
20090814,3.8113,1.0792,2.7321
20090817,3.7282,1.0137,2.7145
20090818,3.7738,1.0659,2.7079
20090819,3.7026,1.0003,2.7023
20090820,3.7325,1.0408,2.6917
20090821,3.7613,1.0579,2.7034
20090824,3.7505,1.0282,2.7223
20090825,3.6719,0.951,2.7209
20090826,3.6154,0.944,2.6714
20090827,3.631,0.9523,2.6787
20090828,3.6313,0.9491,2.6822
20090901,3.6359,0.9536,2.6823
20090902,3.6211,0.9376,2.6835
20090903,3.6732,0.9867,2.6865
20090904,3.6998,0.9902,2.7096
20090907,3.7231,0.9942,2.7289
20090908,3.7651,1.0185,2.7466
20090909,3.8424,1.074,2.7684
20090910,3.7732,1.0,2.7732
20090911,3.7083,0.9285,2.7798
20090914,3.7066,0.9209,2.7857
20090915,3.7271,0.9603,2.7668
20090916,3.7949,1.0293,2.7656
20090917,3.8401,1.112,2.7281
20090918,3.8479,1.0981,2.7498
20090921,3.8287,1.0956,2.7331
20090922,3.8846,1.1296,2.755
20090923,3.8636,1.0908,2.7728
20090924,3.8109,1.014,2.7969
20090925,3.7411,0.9388,2.8023
20090928,3.7545,0.9483,2.8062
20090929,3.7362,0.9366,2.7996
20090930,3.7123,0.9087,2.8036
20091001,3.6276,0.762,2.8656
20091002,3.571,0.6728,2.8982
20091005,3.521,0.6155,2.9055
20091006,3.5293,0.615,2.9143
20091007,3.514,0.573,2.941
20091008,3.4884,0.5048,2.9836
20091009,3.5773,0.5749,3.0024
20091012,3.5107,0.5064,3.0043
20091013,3.5324,0.5568,2.9756
20091014,3.6258,0.6304,2.9954
20091015,3.6877,0.6271,3.0606
20091016,3.7231,0.6517,3.0714
20091019,3.7371,0.662,3.0751
20091020,3.6818,0.6153,3.0665
20091021,3.8316,0.7499,3.0817
20091022,3.8511,0.766,3.0851
20091023,3.8086,0.7308,3.0778
20091026,3.8365,0.7528,3.0837
20091027,3.7577,0.6799,3.0778
20091028,3.7518,0.6799,3.0719
20091029,3.8064,0.7288,3.0776
20091030,3.7684,0.6843,3.0841
20091102,3.8093,0.716,3.0933
20091103,3.8708,0.7585,3.1123
20091104,3.936,0.8055,3.1305
20091105,4.0045,0.8182,3.1863
20091106,4.0363,0.8332,3.2031
20091109,3.9944,0.7796,3.2148
20091110,3.9424,0.7244,3.218
20091111,3.9172,0.695,3.2222
20091112,3.9491,0.7229,3.2262
20091113,3.9738,0.7514,3.2224
20091116,3.924,0.7107,3.2133
20091117,3.8429,0.6924,3.1505
20091118,3.8593,0.705,3.1543
20091119,3.8248,0.6886,3.1362
20091120,3.8105,0.6922,3.1183
20091123,3.843,0.7234,3.1196
20091124,3.826,0.7278,3.0982
20091125,3.8055,0.7061,3.0994
20091126,3.7054,0.6189,3.0865
20091127,3.7213,0.639,3.0823
20091130,3.6987,0.5994,3.0993
20091201,3.7359,0.6119,3.124
20091202,3.7788,0.637,3.1418
20091203,3.8181,0.6546,3.1635
20091204,3.896,0.6794,3.2166
20091207,3.8843,0.6615,3.2228
20091208,3.8859,0.6553,3.2306
20091209,3.8637,0.6308,3.2329
20091210,4.0004,0.7337,3.2667
20091211,4.0548,0.746,3.3088
20091214,4.0289,0.7145,3.3144
20091215,4.0843,0.8072,3.2771
20091216,4.0791,0.7919,3.2872
20091217,4.0384,0.7542,3.2842
20091218,3.9576,0.6858,3.2718
20091221,4.0577,0.7777,3.28
20091222,4.0987,0.8129,3.2858
20091223,4.174,0.8859,3.2881
20091224,4.1848,0.8892,3.2956
20091229,4.2605,0.9602,3.3003
20091230,4.255,0.9494,3.3056
20091231,4.203,0.891,3.312
20100104,4.1421,0.8371,3.305
20100105,4.1991,0.8552,3.3439
20100106,4.2473,0.8663,3.381
20100107,4.246,0.8458,3.4002
20100108,4.2574,0.8326,3.4248
20100111,4.1795,0.7623,3.4172
20100112,4.1284,0.7549,3.3735
20100113,4.1512,0.7655,3.3857
20100114,4.1764,0.7744,3.402
20100115,4.1263,0.7356,3.3907
20100118,4.1303,0.7517,3.3786
20100119,4.218,0.8821,3.3359
20100120,4.2062,0.9079,3.2983
20100121,4.1288,0.8379,3.2909
20100122,4.1237,0.8581,3.2656
20100125,4.1091,0.8606,3.2485
20100126,4.0831,0.8611,3.222
20100127,4.0816,0.9052,3.1764
20100128,4.1512,0.9569,3.1943
20100129,4.1135,0.9211,3.1924
20100201,4.0995,0.9071,3.1924
20100202,4.1189,0.9197,3.1992
20100203,4.1199,0.92,3.1999
20100204,4.11,0.9222,3.1878
20100205,4.0986,0.9178,3.1808
20100208,4.16,0.9881,3.1719
20100209,4.1673,0.9955,3.1718
20100210,4.1382,1.0256,3.1126
20100211,4.245,1.161,3.084
20100212,4.2698,1.1437,3.1261
20100215,4.2954,1.1122,3.1832
20100216,4.2575,1.0703,3.1872
20100217,4.2531,1.043,3.2101
20100218,4.3233,1.0713,3.252
20100219,4.3988,1.1239,3.2749
20100222,4.3617,1.0838,3.2779
20100223,4.3132,1.0391,3.2741
20100224,4.2179,0.9529,3.265
20100225,4.2396,0.9118,3.3278
20100226,4.2373,0.8887,3.3486
20100301,4.2837,0.9134,3.3703
20100302,4.2237,0.8444,3.3793
20100303,4.2297,0.8548,3.3749
20100304,4.1999,0.8204,3.3795
20100305,4.2586,0.9026,3.356
20100308,4.2968,0.9448,3.352
20100309,4.2477,0.8908,3.3569
20100310,4.2823,0.9164,3.3659
20100311,4.3551,0.9693,3.3858
20100312,4.3126,0.9225,3.3901
20100315,4.2779,0.8811,3.3968
20100316,4.2394,0.8334,3.406
20100317,4.2177,0.8092,3.4085
20100318,4.1921,0.7947,3.3974
20100319,4.171,0.7769,3.3941
20100322,4.1362,0.744,3.3922
20100323,4.1391,0.7662,3.3729
20100324,4.1947,0.7895,3.4052
20100325,4.2573,0.7991,3.4582
20100326,4.2724,0.7919,3.4805
20100329,4.2045,0.7254,3.4791
20100330,4.2239,0.7547,3.4692
20100331,4.1764,0.7012,3.4752
20100401,4.1684,0.6836,3.4848
20100406,4.252,0.7501,3.5019
20100407,4.2994,0.7657,3.5337
20100408,4.2601,0.6993,3.5608
20100409,4.3063,0.7296,3.5767
20100412,4.3077,0.7224,3.5853
20100413,4.2788,0.6913,3.5875
20100414,4.2853,0.6925,3.5928
20100415,4.2976,0.7118,3.5858
20100416,4.251,0.6713,3.5797
20100419,4.2597,0.6769,3.5828
20100420,4.2867,0.721,3.5657
20100421,4.2821,0.6816,3.6005
20100422,4.2358,0.6928,3.543
20100423,4.2918,0.7626,3.5292
20100426,4.2481,0.7638,3.4843
20100427,4.2102,0.7278,3.4824
20100428,4.1868,0.7113,3.4755
20100429,4.1959,0.7219,3.474
20100430,4.1034,0.6322,3.4712
20100504,4.0243,0.6276,3.3967
20100505,4.0018,0.6636,3.3382
20100506,3.9799,0.6319,3.348
20100507,4.0203,0.6596,3.3607
20100510,4.1069,0.7292,3.3777
20100511,4.073,0.7009,3.3721
20100512,4.0265,0.7255,3.301
20100513,4.036,0.7532,3.2828
20100514,3.9577,0.7046,3.2531
20100517,3.9501,0.7312,3.2189
20100518,3.9567,0.7906,3.1661
20100519,3.8661,0.7574,3.1087
20100520,3.7595,0.6914,3.0681
20100521,3.7415,0.7318,3.0097
20100524,3.7427,0.7497,2.993
20100525,3.665,0.7296,2.9354
20100526,3.7628,0.8168,2.946
20100527,3.8178,0.817,3.0008
20100528,3.7919,0.7872,3.0047
20100601,3.7824,0.7446,3.0378
20100602,3.7545,0.6758,3.0787
20100603,3.8023,0.7656,3.0367
20100604,3.7306,0.7211,3.0095
20100607,3.7098,0.7584,2.9514
20100608,3.6848,0.8091,2.8757
20100609,3.7419,0.8633,2.8786
20100610,3.773,0.8588,2.9142
20100611,3.6786,0.7716,2.907
20100614,3.7655,0.8678,2.8977
20100615,3.7726,0.871,2.9016
20100616,3.7585,0.8636,2.8949
20100617,3.7114,0.7897,2.9217
20100618,3.7648,0.8777,2.8871
20100621,3.7352,0.7673,2.9679
20100622,3.6863,0.7038,2.9825
20100623,3.6655,0.693,2.9725
20100624,3.6146,0.6489,2.9657
20100625,3.6143,0.6484,2.9659
20100628,3.6103,0.6611,2.9492
20100629,3.6244,0.7171,2.9073
20100630,3.5853,0.6648,2.9205
20100701,3.5406,0.6412,2.8994
20100702,3.5883,0.7098,2.8785
20100705,3.5494,0.6929,2.8565
20100706,3.5802,0.7331,2.8471
20100707,3.5914,0.7668,2.8246
20100708,3.6005,0.7741,2.8264
20100709,3.561,0.7935,2.7675
20100712,3.5665,0.8255,2.741
20100713,3.6078,0.8114,2.7964
20100714,3.633,0.8408,2.7922
20100715,3.6133,0.8556,2.7577
20100716,3.5762,0.8387,2.7375
20100719,3.5925,0.8689,2.7236
20100720,3.5922,0.8887,2.7035
20100721,3.5898,0.9197,2.6701
20100722,3.6015,0.9742,2.6273
20100723,3.6733,1.0159,2.6574
20100726,3.6924,1.033,2.6594
20100727,3.7438,1.0589,2.6849
20100728,3.7196,1.0254,2.6942
20100729,3.6596,0.9594,2.7002
20100730,3.5691,0.8747,2.6944
20100802,3.5911,0.8891,2.702
20100803,3.5213,0.8255,2.6958
20100804,3.5349,0.8442,2.6907
20100805,3.4776,0.7867,2.6909
20100806,3.4676,0.7792,2.6884
20100809,3.486,0.799,2.687
20100810,3.5039,0.8049,2.699
20100811,3.3953,0.6986,2.6967
20100812,3.3682,0.6701,2.6981
20100813,3.3738,0.6879,2.6859
20100816,3.301,0.6529,2.6481
20100817,3.3175,0.6158,2.7017
20100818,3.283,0.626,2.657
20100819,3.267,0.605,2.662
20100820,3.235,0.6016,2.6334
20100823,3.2305,0.5866,2.6439
20100824,3.1351,0.5119,2.6232
20100825,3.098,0.4938,2.6042
20100826,3.0803,0.5136,2.5667
20100827,3.0879,0.5252,2.5627
20100831,3.0217,0.4577,2.564
20100901,3.1237,0.5226,2.6011
20100902,3.1545,0.4902,2.6643
20100903,3.2038,0.4992,2.7046
20100906,3.1769,0.4584,2.7185
20100907,3.1091,0.3971,2.712
20100908,3.1863,0.4466,2.7397
20100909,3.2533,0.4691,2.7842
20100910,3.3269,0.5247,2.8022
20100913,3.3194,0.4913,2.8281
20100914,3.2597,0.428,2.8317
20100915,3.2845,0.4313,2.8532
20100916,3.35,0.4901,2.8599
20100917,3.3361,0.4885,2.8476
20100920,3.3641,0.5138,2.8503
20100921,3.3271,0.4855,2.8416
20100922,3.1757,0.3818,2.7939
20100923,3.1553,0.3992,2.7561
20100924,3.2459,0.4826,2.7633
20100927,3.1772,0.4309,2.7463
20100928,3.1339,0.4239,2.71
20100929,3.109,0.4029,2.7061
20100930,3.1512,0.4299,2.7213
20101001,3.1749,0.4433,2.7316
20101004,3.1342,0.4362,2.698
20101005,3.1686,0.4746,2.694
20101006,3.1004,0.3894,2.711
20101007,3.1317,0.401,2.7307
20101008,3.0665,0.3162,2.7503
20101011,3.0874,0.3373,2.7501
20101012,3.0525,0.2572,2.7953
20101013,3.0864,0.2602,2.8262
20101014,3.0868,0.2777,2.8091
20101015,3.1529,0.3566,2.7963
20101018,3.1763,0.3548,2.8215
20101019,3.2192,0.389,2.8302
20101020,3.2078,0.3535,2.8543
20101021,3.156,0.3084,2.8476
20101022,3.1718,0.3349,2.8369
20101025,3.1414,0.3072,2.8342
20101026,3.2739,0.4238,2.8501
20101027,3.3728,0.4836,2.8892
20101028,3.3703,0.4992,2.8711
20101029,3.3042,0.4312,2.873
20101101,3.2704,0.4088,2.8616
20101102,3.2572,0.4063,2.8509
20101103,3.2235,0.3773,2.8462
20101104,3.18,0.3177,2.8623
20101105,3.203,0.3356,2.8674
20101108,3.2285,0.3556,2.8729
20101109,3.2601,0.3799,2.8802
20101110,3.3811,0.4562,2.9249
20101111,3.3725,0.4136,2.9589
20101112,3.4177,0.4115,3.0062
20101115,3.4894,0.4365,3.0529
20101116,3.5277,0.4926,3.0351
20101117,3.4981,0.5065,2.9916
20101118,3.6152,0.5987,3.0165
20101119,3.6156,0.5732,3.0424
20101122,3.5618,0.5232,3.0386
20101123,3.4931,0.4784,3.0147
20101124,3.5689,0.56,3.0089
20101125,3.5952,0.5902,3.005
20101126,3.5733,0.5866,2.9867
20101129,3.5712,0.6242,2.947
20101130,3.4591,0.5611,2.898
20101201,3.5936,0.6632,2.9304
20101202,3.6423,0.7081,2.9342
20101203,3.6511,0.7266,2.9245
20101206,3.6313,0.7035,2.9278
20101207,3.698,0.7249,2.9731
20101208,3.7754,0.7515,3.0239
20101209,3.7268,0.6741,3.0527
20101210,3.74,0.6953,3.0447
20101213,3.7826,0.7107,3.0719
20101214,3.8335,0.7205,3.113
20101215,3.8348,0.7259,3.1089
20101216,3.8486,0.7315,3.1171
20101217,3.7778,0.6688,3.109
20101220,3.6928,0.5965,3.0963
20101221,3.7188,0.6196,3.0992
20101222,3.7195,0.6214,3.0981
20101223,3.711,0.6167,3.0943
20101224,3.7236,0.627,3.0966
20101229,3.7834,0.6722,3.1112
20101230,3.6901,0.5695,3.1206
20101231,3.6174,0.4934,3.124
20110104,3.6831,0.5452,3.1379
20110105,3.7757,0.6048,3.1709
20110106,3.754,0.5392,3.2148
20110107,3.7352,0.5374,3.1978
20110110,3.7259,0.5271,3.1988
20110111,3.7771,0.5595,3.2176
20110112,3.8616,0.6039,3.2577
20110113,3.8365,0.6018,3.2347
20110114,3.832,0.6097,3.2223
20110117,3.8435,0.6253,3.2182
20110118,3.8877,0.6856,3.2021
20110119,3.8639,0.6676,3.1963
20110120,3.9211,0.7359,3.1852
20110121,3.923,0.7592,3.1638
20110124,3.9028,0.7455,3.1573
20110125,3.8691,0.7213,3.1478
20110126,3.9223,0.7145,3.2078
20110127,3.9237,0.7019,3.2218
20110128,3.8859,0.643,3.2429
20110131,3.8827,0.6548,3.2279
20110201,3.9347,0.6851,3.2496
20110202,3.9692,0.7175,3.2517
20110203,3.9916,0.7104,3.2812
20110204,4.0384,0.7653,3.2731
20110207,4.0427,0.7823,3.2604
20110208,4.0485,0.7846,3.2639
20110209,4.1011,0.7942,3.3069
20110210,4.0976,0.7971,3.3005
20110211,4.0622,0.8128,3.2494
20110214,4.0514,0.7915,3.2599
20110215,4.0682,0.7976,3.2706
20110216,4.0449,0.7789,3.266
20110217,3.9853,0.7686,3.2167
20110218,4.0296,0.7994,3.2302
20110221,3.9526,0.7298,3.2228
20110222,3.8982,0.6668,3.2314
20110223,3.8885,0.636,3.2525
20110224,3.9092,0.5648,3.3444
20110225,3.9026,0.5633,3.3393
20110228,3.8872,0.5469,3.3403
20110301,3.9164,0.5382,3.3782
20110302,3.9385,0.5654,3.3731
20110303,3.9994,0.6367,3.3627
20110304,3.9213,0.5653,3.356
20110307,3.9327,0.5728,3.3599
20110308,3.9752,0.6051,3.3701
20110309,3.9619,0.5916,3.3703
20110310,3.8801,0.5629,3.3172
20110311,3.848,0.5477,3.3003
20110314,3.7929,0.4989,3.294
20110315,3.7568,0.516,3.2408
20110316,3.6925,0.4691,3.2234
20110317,3.7735,0.4981,3.2754
20110318,3.729,0.4501,3.2789
20110321,3.7518,0.458,3.2938
20110322,3.811,0.5337,3.2773
20110323,3.7583,0.5306,3.2277
20110324,3.7974,0.5649,3.2325
20110325,3.8121,0.5808,3.2313
20110328,3.8247,0.551,3.2737
20110329,3.8373,0.5967,3.2406
20110330,3.8796,0.6131,3.2665
20110331,3.8975,0.6233,3.2742
20110401,3.9325,0.6175,3.315
20110404,3.9222,0.6147,3.3075
20110405,3.9621,0.6415,3.3206
20110406,3.9651,0.6377,3.3274
20110407,3.9595,0.6123,3.3472
20110408,4.0216,0.6526,3.369
20110411,4.0365,0.6546,3.3819
20110412,3.9204,0.5855,3.3349
20110413,3.9314,0.6034,3.328
20110414,3.9119,0.6053,3.3066
20110415,3.822,0.5411,3.2809
20110418,3.7773,0.5259,3.2514
20110419,3.7878,0.5239,3.2639
20110420,3.8032,0.5449,3.2583
20110421,3.7638,0.5046,3.2592
20110426,3.7173,0.4685,3.2488
20110427,3.7927,0.5444,3.2483
20110428,3.7116,0.4551,3.2565
20110503,3.6502,0.4071,3.2431
20110504,3.6201,0.3657,3.2544
20110505,3.6292,0.3893,3.2399
20110506,3.6344,0.4209,3.2135
20110509,3.6057,0.426,3.1797
20110510,3.6206,0.418,3.2026
20110511,3.6813,0.4443,3.237
20110512,3.6178,0.4099,3.2079
20110513,3.6196,0.3818,3.2378
20110516,3.6318,0.403,3.2288
20110517,3.6131,0.4174,3.1957
20110518,3.6207,0.458,3.1627
20110519,3.64,0.4782,3.1618
20110520,3.6007,0.4641,3.1366
20110523,3.5636,0.4625,3.1011
20110524,3.602,0.4455,3.1565
20110525,3.5798,0.4174,3.1624
20110526,3.5685,0.388,3.1805
20110527,3.5573,0.3651,3.1922
20110531,3.5655,0.3524,3.2131
20110601,3.5204,0.3196,3.2008
20110602,3.5224,0.3179,3.2045
20110603,3.546,0.3485,3.1975
20110606,3.5427,0.3178,3.2249
20110607,3.6058,0.3363,3.2695
20110608,3.5664,0.2821,3.2843
20110609,3.5516,0.2745,3.2771
20110610,3.5003,0.2313,3.269
20110613,3.5276,0.2479,3.2797
20110614,3.5698,0.23,3.3398
20110615,3.5337,0.1564,3.3773
20110616,3.4618,0.1606,3.3012
20110617,3.4841,0.1843,3.2998
20110620,3.4934,0.2303,3.2631
20110621,3.5147,0.2224,3.2923
20110622,3.4833,0.2304,3.2529
20110623,3.4347,0.2111,3.2236
20110624,3.4236,0.1966,3.227
20110627,3.4466,0.2527,3.1939
20110628,3.5446,0.3195,3.2251
20110629,3.6173,0.3574,3.2599
20110630,3.6665,0.3989,3.2676
20110701,3.6751,0.3944,3.2807
20110704,3.6499,0.3874,3.2625
20110705,3.6146,0.3326,3.282
20110706,3.5359,0.3062,3.2297
20110707,3.5957,0.3352,3.2605
20110708,3.4881,0.2638,3.2243
20110711,3.3823,0.2038,3.1785
20110712,3.3862,0.1973,3.1889
20110713,3.4185,0.1834,3.2351
20110714,3.4059,0.1559,3.25
20110715,3.3786,0.1298,3.2488
20110718,3.3325,0.0918,3.2407
20110719,3.3571,0.0793,3.2778
20110720,3.3815,0.1064,3.2751
20110721,3.4786,0.1967,3.2819
20110722,3.4046,0.1503,3.2543
20110725,3.3336,0.1248,3.2088
20110726,3.3686,0.1745,3.1941
20110727,3.2876,0.0956,3.192
20110728,3.2751,0.0482,3.2269
20110729,3.1755,-0.0472,3.2227
20110801,3.1284,-0.1031,3.2315
20110802,3.0896,-0.1194,3.209
20110803,3.0588,-0.1059,3.1647
20110804,2.9973,-0.1318,3.1291
20110805,3.0228,-0.0919,3.1147
20110808,2.9703,-0.0735,3.0438
20110809,3.0316,0.0558,2.9758
20110810,2.8191,-0.1064,2.9255
20110811,2.8189,-0.042,2.8609
20110812,2.8604,-0.1489,3.0093
20110815,2.8648,-0.1599,3.0247
20110816,2.8825,-0.2263,3.1088
20110817,2.7697,-0.3042,3.0739
20110818,2.6113,-0.3631,2.9744
20110819,2.6955,-0.2992,2.9947
20110822,2.7056,-0.3265,3.0321
20110823,2.6998,-0.2731,2.9729
20110824,2.7997,-0.1783,2.978
20110825,2.7855,-0.1317,2.9172
20110826,2.7915,-0.0618,2.8533
20110830,2.7915,-0.0614,2.8529
20110831,2.9038,0.0138,2.89
20110901,2.8256,-0.0385,2.8641
20110902,2.7343,-0.0862,2.8205
20110905,2.5818,-0.1663,2.7481
20110906,2.5752,-0.16,2.7352
20110907,2.6254,-0.1607,2.7861
20110908,2.6544,-0.1903,2.8447
20110909,2.5477,-0.2786,2.8263
20110912,2.4645,-0.3194,2.7839
20110913,2.4743,-0.2615,2.7358
20110914,2.5028,-0.233,2.7358
20110915,2.6095,-0.1917,2.8012
20110916,2.5756,-0.2381,2.8137
20110919,2.4804,-0.2848,2.7652
20110920,2.4882,-0.2802,2.7684
20110921,2.5064,-0.2411,2.7475
20110922,2.4201,-0.2927,2.7128
20110923,2.4521,-0.2367,2.6888
20110926,2.5041,-0.1776,2.6817
20110927,2.6259,-0.1089,2.7348
20110928,2.5982,-0.1143,2.7125
20110929,2.62,-0.1791,2.7991
20110930,2.5096,-0.2349,2.7445
20111003,2.4312,-0.2552,2.6864
20111004,2.3394,-0.2921,2.6315
20111005,2.4461,-0.2466,2.6927
20111006,2.4908,-0.2744,2.7652
20111007,2.5689,-0.3117,2.8806
20111010,2.661,-0.2038,2.8648
20111011,2.6745,-0.17,2.8445
20111012,2.7553,-0.1002,2.8555
20111013,2.6616,-0.1013,2.7629
20111014,2.7262,-0.0414,2.7676
20111017,2.6504,-0.0775,2.7279
20111018,2.5593,-0.1449,2.7042
20111019,2.5954,-0.0899,2.6853
20111020,2.5915,-0.0885,2.68
20111021,2.6585,-0.0618,2.7203
20111024,2.6717,-0.0079,2.6796
20111025,2.6199,-0.0058,2.6257
20111026,2.5548,-0.0224,2.5772
20111027,2.7322,0.0621,2.6701
20111028,2.7559,0.027,2.7289
20111031,2.5642,-0.1115,2.6757
20111101,2.323,-0.2662,2.5892
20111102,2.3965,-0.2541,2.6506
20111103,2.4866,-0.2053,2.6919
20111104,2.441,-0.2391,2.6801
20111107,2.4091,-0.2432,2.6523
20111108,2.3843,-0.2638,2.6481
20111109,2.2941,-0.296,2.5901
20111110,2.3165,-0.2835,2.6
20111111,2.418,-0.2541,2.6721
20111114,2.3222,-0.3066,2.6288
20111115,2.2605,-0.3293,2.5898
20111116,2.2853,-0.3538,2.6391
20111117,2.3504,-0.3166,2.667
20111118,2.3882,-0.3084,2.6966
20111121,2.3385,-0.269,2.6075
20111122,2.3118,-0.3574,2.6692
20111123,2.2837,-0.4072,2.6909
20111124,2.3,-0.4044,2.7044
20111125,2.4371,-0.3582,2.7953
20111128,2.3873,-0.3926,2.7799
20111129,2.3565,-0.4255,2.782
20111130,2.4275,-0.3402,2.7677
20111201,2.3936,-0.401,2.7946
20111202,2.4223,-0.3488,2.7711
20111205,2.4685,-0.2789,2.7474
20111206,2.351,-0.3617,2.7127
20111207,2.3442,-0.3706,2.7148
20111208,2.2427,-0.4241,2.6668
20111209,2.2813,-0.3964,2.6777
20111212,2.2157,-0.3999,2.6156
20111213,2.2396,-0.4155,2.6551
20111214,2.2122,-0.4681,2.6803
20111215,2.2325,-0.4938,2.7263
20111216,2.169,-0.5369,2.7059
20111219,2.198,-0.5412,2.7392
20111220,2.2187,-0.522,2.7407
20111221,2.1627,-0.5408,2.7035
20111222,2.1707,-0.5624,2.7331
20111223,2.1645,-0.5668,2.7313
20111228,2.1477,-0.5906,2.7383
20111229,2.0897,-0.6155,2.7052
20111230,2.105,-0.5942,2.6992
20120103,2.155,-0.5516,2.7066
20120104,2.1673,-0.5624,2.7297
20120105,2.1732,-0.6054,2.7786
20120106,2.1506,-0.6778,2.8284
20120109,2.1219,-0.6974,2.8193
20120110,2.1873,-0.6225,2.8098
20120111,2.1287,-0.6533,2.782
20120112,2.1448,-0.6327,2.7775
20120113,2.0961,-0.6562,2.7523
20120116,2.0974,-0.6409,2.7383
20120117,2.089,-0.6705,2.7595
20120118,2.0779,-0.6613,2.7392
20120119,2.1837,-0.6099,2.7936
20120120,2.2388,-0.5745,2.8133
20120123,2.3022,-0.5198,2.822
20120124,2.3136,-0.4545,2.7681
20120125,2.2912,-0.4464,2.7376
20120126,2.2286,-0.5008,2.7294
20120127,2.1993,-0.5202,2.7195
20120130,2.1241,-0.5731,2.6972
20120131,2.0983,-0.5901,2.6884
20120201,2.1752,-0.5306,2.7058
20120202,2.2348,-0.5232,2.758
20120203,2.3207,-0.4803,2.801
20120206,2.3047,-0.4928,2.7975
20120207,2.3615,-0.4624,2.8239
20120208,2.3415,-0.5185,2.86
20120209,2.3956,-0.5209,2.9165
20120210,2.2915,-0.5791,2.8706
20120213,2.2858,-0.535,2.8208
20120214,2.2504,-0.6554,2.9058
20120215,2.2289,-0.6312,2.8601
20120216,2.2778,-0.5839,2.8617
20120217,2.3439,-0.5914,2.9353
20120220,2.3952,-0.5254,2.9206
20120221,2.3697,-0.5374,2.9071
20120222,2.295,-0.6318,2.9268
20120223,2.2581,-0.628,2.8861
20120224,2.2312,-0.6578,2.889
20120227,2.2087,-0.7012,2.9099
20120228,2.1962,-0.7042,2.9004
20120229,2.2582,-0.6717,2.9299
20120301,2.3057,-0.5998,2.9055
20120302,2.2345,-0.643,2.8775
20120305,2.2815,-0.5895,2.871
20120306,2.2177,-0.6284,2.8461
20120307,2.2337,-0.6082,2.8419
20120308,2.2416,-0.6081,2.8497
20120309,2.2505,-0.5935,2.844
20120312,2.1853,-0.6284,2.8137
20120313,2.2669,-0.5882,2.8551
20120314,2.4427,-0.506,2.9487
20120315,2.478,-0.4564,2.9344
20120316,2.5583,-0.4038,2.9621
20120319,2.5425,-0.4033,2.9458
20120320,2.5371,-0.3902,2.9273
20120321,2.4865,-0.4248,2.9113
20120322,2.4376,-0.448,2.8856
20120323,2.3822,-0.489,2.8712
20120326,2.4407,-0.4474,2.8881
20120327,2.3647,-0.5015,2.8662
20120328,2.3103,-0.5491,2.8594
20120329,2.2987,-0.5701,2.8688
20120330,2.3026,-0.5797,2.8823
20120402,2.3261,-0.5436,2.8697
20120403,2.2702,-0.5937,2.8639
20120404,2.3094,-0.5595,2.8689
20120405,2.2559,-0.5922,2.8481
20120410,2.1032,-0.6866,2.7898
20120411,2.1485,-0.6543,2.8028
20120412,2.1881,-0.6532,2.8413
20120413,2.1447,-0.6822,2.8269
20120416,2.1347,-0.7073,2.842
20120417,2.2038,-0.641,2.8448
20120418,2.2379,-0.5843,2.8222
20120419,2.2564,-0.5289,2.7853
20120420,2.2827,-0.5168,2.7995
20120423,2.2298,-0.5603,2.7901
20120424,2.2019,-0.5718,2.7737
20120425,2.2482,-0.5099,2.7581
20120426,2.2083,-0.5311,2.7394
20120427,2.2337,-0.5464,2.7801
20120430,2.2225,-0.5575,2.78
20120501,2.2076,-0.5806,2.7882
20120502,2.1559,-0.6011,2.757
20120503,2.1499,-0.5925,2.7424
20120504,2.1081,-0.61,2.7181
20120508,2.0447,-0.6378,2.6825
20120509,2.0169,-0.6641,2.681
20120510,2.1054,-0.643,2.7484
20120511,2.0853,-0.7083,2.7936
20120514,1.9979,-0.7385,2.7364
20120515,2.0141,-0.74,2.7541
20120516,1.9957,-0.7584,2.7541
20120517,1.9562,-0.7923,2.7485
20120518,1.9466,-0.787,2.7336
20120521,1.9693,-0.7655,2.7348
20120522,1.9969,-0.6983,2.6952
20120523,1.8931,-0.7374,2.6305
20120524,1.8989,-0.728,2.6269
20120525,1.8774,-0.679,2.5564
20120528,1.8866,-0.6308,2.5174
20120529,1.9011,-0.6272,2.5283
20120530,1.7639,-0.6865,2.4504
20120531,1.6781,-0.74,2.4181
20120601,1.6376,-0.7283,2.3659
20120606,1.7754,-0.6364,2.4118
20120607,1.83,-0.5853,2.4153
20120608,1.7355,-0.6023,2.3378
20120611,1.7624,-0.5596,2.322
20120612,1.811,-0.5419,2.3529
20120613,1.8725,-0.5334,2.4059
20120614,1.8588,-0.5654,2.4242
20120615,1.8,-0.6412,2.4412
20120618,1.7919,-0.6441,2.436
20120619,1.8499,-0.6243,2.4742
20120620,1.9006,-0.5996,2.5002
20120621,1.8258,-0.6019,2.4277
20120622,1.8502,-0.5839,2.4341
20120625,1.7987,-0.6108,2.4095
20120626,1.8131,-0.5992,2.4123
20120627,1.8155,-0.5589,2.3744
20120628,1.768,-0.5888,2.3568
20120629,1.8651,-0.5593,2.4244
20120702,1.8298,-0.5786,2.4084
20120703,1.8896,-0.5252,2.4148
20120704,1.8557,-0.5671,2.4228
20120705,1.7954,-0.624,2.4194
20120706,1.7315,-0.6417,2.3732
20120709,1.72,-0.6243,2.3443
20120710,1.7219,-0.5857,2.3076
20120711,1.6991,-0.5827,2.2818
20120712,1.6667,-0.5892,2.2559
20120713,1.6872,-0.5866,2.2738
20120716,1.6322,-0.6244,2.2566
20120717,1.6419,-0.6867,2.3286
20120718,1.6138,-0.7097,2.3235
20120719,1.6659,-0.7096,2.3755
20120720,1.6232,-0.7245,2.3477
20120723,1.6116,-0.6993,2.3109
20120724,1.6064,-0.7142,2.3206
20120725,1.6001,-0.702,2.3021
20120726,1.6197,-0.6859,2.3056
20120727,1.678,-0.6334,2.3114
20120730,1.6844,-0.648,2.3324
20120731,1.6111,-0.6927,2.3038
20120801,1.6627,-0.6812,2.3439
20120802,1.5833,-0.7328,2.3161
20120803,1.7078,-0.6294,2.3372
20120806,1.6466,-0.6838,2.3304
20120807,1.7498,-0.6468,2.3966
20120808,1.7145,-0.6712,2.3857
20120809,1.7666,-0.6553,2.4219
20120810,1.6848,-0.7248,2.4096
20120813,1.7098,-0.7103,2.4201
20120814,1.7498,-0.71,2.4598
20120815,1.8334,-0.6859,2.5193
20120816,1.8443,-0.6689,2.5132
20120817,1.8247,-0.6954,2.5201
20120820,1.8174,-0.6731,2.4905
20120821,1.8624,-0.6137,2.4761
20120822,1.7856,-0.6531,2.4387
20120823,1.7218,-0.6746,2.3964
20120824,1.6828,-0.6949,2.3777
20120828,1.6428,-0.7292,2.372
20120829,1.659,-0.7366,2.3956
20120830,1.6064,-0.7822,2.3886
20120831,1.6236,-0.8061,2.4297
20120903,1.645,-0.7966,2.4416
20120904,1.6202,-0.8268,2.447
20120905,1.6389,-0.7766,2.4155
20120906,1.7112,-0.7181,2.4293
20120907,1.6811,-0.7351,2.4162
20120910,1.7313,-0.6877,2.419
20120911,1.7345,-0.6655,2.4
20120912,1.8318,-0.6169,2.4487
20120913,1.8071,-0.6479,2.455
20120914,1.9636,-0.6176,2.5812
20120917,1.9194,-0.6982,2.6176
20120918,1.8682,-0.6498,2.518
20120919,1.8301,-0.637,2.4671
20120920,1.7846,-0.6438,2.4284
20120921,1.8264,-0.6311,2.4575
20120924,1.8048,-0.608,2.4128
20120925,1.8089,-0.5559,2.3648
20120926,1.669,-0.594,2.263
20120927,1.7138,-0.5736,2.2874
20120928,1.7105,-0.5683,2.2788
20121001,1.7275,-0.5566,2.2841
20121002,1.7052,-0.5663,2.2715
20121003,1.6801,-0.6055,2.2856
20121004,1.699,-0.6059,2.3049
20121005,1.771,-0.5731,2.3441
20121008,1.7312,-0.6245,2.3557
20121009,1.7267,-0.6126,2.3393
20121010,1.7653,-0.6052,2.3705
20121011,1.7846,-0.6902,2.4748
20121012,1.7243,-0.7436,2.4679
20121015,1.7614,-0.6773,2.4387
20121016,1.8269,-0.6103,2.4372
20121017,1.9267,-0.541,2.4677
20121018,1.9298,-0.5296,2.4594
20121019,1.898,-0.5441,2.4421
20121022,1.922,-0.5274,2.4494
20121023,1.8408,-0.5747,2.4155
20121024,1.8671,-0.5495,2.4166
20121025,1.9361,-0.5295,2.4656
20121026,1.8951,-0.5508,2.4459
20121029,1.8223,-0.5959,2.4182
20121030,1.8497,-0.5736,2.4233
20121031,1.8749,-0.5629,2.4378
20121101,1.8883,-0.5541,2.4424
20121102,1.8765,-0.5663,2.4428
20121105,1.8369,-0.5818,2.4187
20121106,1.8364,-0.569,2.4054
20121107,1.7795,-0.6095,2.389
20121108,1.7937,-0.6053,2.399
20121109,1.7537,-0.6396,2.3933
20121112,1.7377,-0.6493,2.387
20121113,1.7321,-0.6491,2.3812
20121114,1.7757,-0.6465,2.4222
20121115,1.7587,-0.6572,2.4159
20121116,1.7566,-0.6592,2.4158
20121119,1.8022,-0.6473,2.4495
20121120,1.8782,-0.6132,2.4914
20121121,1.8829,-0.5907,2.4736
20121122,1.873,-0.5957,2.4687
20121123,1.868,-0.6138,2.4818
20121126,1.8632,-0.6312,2.4944
20121127,1.8771,-0.6515,2.5286
20121128,1.7929,-0.69,2.4829
20121129,1.7786,-0.7186,2.4972
20121130,1.7969,-0.6983,2.4952
20121203,1.8463,-0.7115,2.5578
20121204,1.8387,-0.7271,2.5658
20121205,1.8096,-0.7009,2.5105
20121206,1.7773,-0.7509,2.5282
20121207,1.7787,-0.7587,2.5374
20121210,1.812,-0.7321,2.5441
20121211,1.8467,-0.7454,2.5921
20121212,1.8651,-0.7174,2.5825
20121213,1.9055,-0.7183,2.6238
20121214,1.9127,-0.756,2.6687
20121217,1.9416,-0.7386,2.6802
20121218,2.0079,-0.6996,2.7075
20121219,2.0216,-0.6779,2.6995
20121220,2.0075,-0.6769,2.6844
20121221,1.9452,-0.7171,2.6623
20121224,1.9515,-0.7082,2.6597
20121227,1.8666,-0.7704,2.637
20121228,1.8805,-0.7365,2.617
20121231,1.8876,-0.7293,2.6169
20130102,2.056,-0.6366,2.6926
20130103,2.145,-0.5603,2.7053
20130104,2.1906,-0.5399,2.7305
20130107,2.1566,-0.5201,2.6767
20130108,2.1003,-0.5359,2.6362
20130109,2.0952,-0.5426,2.6378
20130110,2.1729,-0.8902,3.0631
20130111,2.1612,-0.8788,3.04
20130114,2.1127,-0.8965,3.0092
20130115,2.0993,-0.8986,2.9979
20130116,2.0738,-0.9608,3.0346
20130117,2.1172,-0.9308,3.048
20130118,2.0866,-0.9272,3.0138
20130121,2.1335,-0.8938,3.0273
20130122,2.1031,-0.9334,3.0365
20130123,2.0761,-0.9775,3.0536
20130124,2.0951,-0.9675,3.0626
20130125,2.1414,-0.9495,3.0909
20130128,2.1894,-0.927,3.1164
20130129,2.1712,-0.9274,3.0986
20130130,2.2032,-0.9163,3.1195
20130131,2.1883,-0.9442,3.1325
20130201,2.1905,-0.9934,3.1839
20130204,2.1758,-1.0265,3.2023
20130205,2.2211,-0.9865,3.2076
20130206,2.2006,-0.945,3.1456
20130207,2.2065,-0.9867,3.1932
20130208,2.2021,-0.997,3.1991
20130211,2.2199,-0.9784,3.1983
20130212,2.2208,-1.0496,3.2704
20130213,2.3327,-0.9892,3.3219
20130214,2.3304,-1.0023,3.3327
20130215,2.3271,-0.9786,3.3057
20130218,2.3271,-0.9619,3.289
20130219,2.3204,-0.9465,3.2669
20130220,2.3443,-0.9817,3.326
20130221,2.2551,-1.0293,3.2844
20130222,2.2638,-1.0142,3.278
20130225,2.2351,-1.0226,3.2577
20130226,2.1183,-1.0936,3.2119
20130227,2.1014,-1.0951,3.1965
20130228,2.1117,-1.1363,3.248
20130301,2.006,-1.2125,3.2185
20130304,2.043,-1.2119,3.2549
20130305,2.1025,-1.1891,3.2916
20130306,2.0956,-1.1716,3.2672
20130307,2.1569,-1.1492,3.3061
20130308,2.2045,-1.1332,3.3377
20130311,2.1612,-1.1889,3.3501
20130312,2.1134,-1.2821,3.3955
20130313,2.1127,-1.2779,3.3906
20130314,2.108,-1.2355,3.3435
20130315,2.0835,-1.2291,3.3126
20130318,2.035,-1.2669,3.3019
20130319,1.9617,-1.2788,3.2405
20130320,2.0068,-1.2482,3.255
20130321,1.9921,-1.2419,3.234
20130322,1.9822,-1.2838,3.266
20130325,1.9343,-1.3361,3.2704
20130326,1.9218,-1.3471,3.2689
20130327,1.8538,-1.3745,3.2283
20130328,1.9006,-1.374,3.2746
20130402,1.9075,-1.3626,3.2701
20130403,1.8822,-1.3803,3.2625
20130404,1.8341,-1.3807,3.2148
20130405,1.7485,-1.4226,3.1711
20130408,1.8158,-1.3867,3.2025
20130409,1.8631,-1.3768,3.2399
20130410,1.9143,-1.3718,3.2861
20130411,1.8991,-1.3812,3.2803
20130412,1.8604,-1.3655,3.2259
20130415,1.8395,-1.3585,3.198
20130416,1.8653,-1.2818,3.1471
20130417,1.8139,-1.2701,3.084
20130418,1.7854,-1.2747,3.0601
20130419,1.7882,-1.2422,3.0304
20130422,1.7781,-1.2902,3.0683
20130423,1.8425,-1.2659,3.1084
20130424,1.8164,-1.2735,3.0899
20130425,1.8585,-1.2346,3.0931
20130426,1.8093,-1.2606,3.0699
20130429,1.776,-1.2533,3.0293
20130430,1.7922,-1.2315,3.0237
20130501,1.7875,-1.2155,3.003
20130502,1.7322,-1.2303,2.9625
20130503,1.8528,-1.1868,3.0396
20130507,1.9219,-1.1484,3.0703
20130508,1.893,-1.1696,3.0626
20130509,1.9136,-1.1447,3.0583
20130510,2.0223,-1.098,3.1203
20130513,2.0206,-1.096,3.1166
20130514,2.0372,-1.0768,3.114
20130515,2.0699,-1.0335,3.1034
20130516,2.0112,-1.0762,3.0874
20130517,2.0285,-1.0423,3.0708
20130520,2.0603,-1.0192,3.0795
20130521,2.0814,-0.9776,3.059
20130522,2.044,-0.987,3.031
20130523,2.063,-0.9639,3.0269
20130524,2.0408,-1.0285,3.0693
20130528,2.1052,-1.0415,3.1467
20130529,2.1509,-1.0097,3.1606
20130530,2.1103,-0.9989,3.1092
20130531,2.1634,-0.9501,3.1135
20130603,2.1557,-0.9302,3.0859
20130604,2.2029,-0.8965,3.0994
20130605,2.1759,-0.8849,3.0608
20130606,2.196,-0.8339,3.0299
20130607,2.2334,-0.7609,2.9943
20130610,2.2996,-0.717,3.0166
20130611,2.3342,-0.6053,2.9395
20130612,2.3148,-0.6423,2.9571
20130613,2.2821,-0.65,2.9321
20130614,2.2244,-0.717,2.9414
20130617,2.2399,-0.7259,2.9658
20130618,2.2985,-0.7189,3.0174
20130619,2.2847,-0.7351,3.0198
20130620,2.4551,-0.6298,3.0849
20130621,2.564,-0.5258,3.0898
20130624,2.7221,-0.2821,3.0042
20130625,2.6889,-0.3085,2.9974
20130626,2.6121,-0.3916,3.0037
20130627,2.59,-0.3779,2.9679
20130628,2.6171,-0.3497,2.9668
20130701,2.5963,-0.4056,3.0019
20130702,2.5618,-0.4664,3.0282
20130703,2.5701,-0.4762,3.0463
20130704,2.5707,-0.5562,3.1269
20130705,2.6785,-0.5398,3.2183
20130708,2.6767,-0.5278,3.2045
20130709,2.6256,-0.525,3.1506
20130710,2.6051,-0.5928,3.1979
20130711,2.5705,-0.6434,3.2139
20130712,2.5086,-0.6597,3.1683
20130715,2.5302,-0.6429,3.1731
20130716,2.4652,-0.7182,3.1834
20130717,2.492,-0.7108,3.2028
20130718,2.4613,-0.6939,3.1552
20130719,2.4927,-0.6437,3.1364
20130722,2.4675,-0.638,3.1055
20130723,2.506,-0.5819,3.0879
20130724,2.5951,-0.5175,3.1126
20130725,2.594,-0.5086,3.1026
20130726,2.5344,-0.5499,3.0843
20130729,2.5308,-0.5474,3.0782
20130730,2.517,-0.5487,3.0657
20130731,2.5581,-0.5335,3.0916
20130801,2.6106,-0.5532,3.1638
20130802,2.6337,-0.5395,3.1732
20130805,2.6829,-0.497,3.1799
20130806,2.6871,-0.4915,3.1786
20130807,2.6901,-0.4792,3.1693
20130808,2.6951,-0.4579,3.153
20130809,2.6763,-0.4532,3.1295
20130812,2.68,-0.4376,3.1176
20130813,2.8158,-0.3831,3.1989
20130814,2.8581,-0.3542,3.2123
20130815,2.9048,-0.3276,3.2324
20130816,2.9268,-0.2733,3.2001
20130819,2.9697,-0.2057,3.1754
20130820,2.905,-0.2272,3.1322
20130821,2.9364,-0.2666,3.203
20130822,2.942,-0.2389,3.1809
20130823,2.9318,-0.2414,3.1732
20130827,2.8163,-0.3478,3.1641
20130828,2.8542,-0.3673,3.2215
20130829,2.8263,-0.3642,3.1905
20130830,2.8293,-0.3505,3.1798
20130902,2.8945,-0.311,3.2055
20130903,2.925,-0.2907,3.2157
20130904,2.9244,-0.2913,3.2157
20130905,3.0525,-0.2042,3.2567
20130906,2.9852,-0.2245,3.2097
20130909,3.0044,-0.1909,3.1953
20130910,3.0692,-0.1276,3.1968
20130911,3.055,-0.1162,3.1712
20130912,2.998,-0.1541,3.1521
20130913,2.9699,-0.178,3.1479
20130916,2.9398,-0.1971,3.1369
20130917,2.9875,-0.1653,3.1528
20130918,3.0517,-0.1072,3.1589
20130919,2.9506,-0.199,3.1496
20130920,2.9745,-0.1968,3.1713
20130923,2.9608,-0.1553,3.1161
20130924,2.8467,-0.2496,3.0963
20130925,2.802,-0.2804,3.0824
20130926,2.7965,-0.2828,3.0793
20130927,2.7582,-0.3168,3.075
20130930,2.7591,-0.3198,3.0789
20131001,2.7558,-0.3222,3.078
20131002,2.7494,-0.3273,3.0767
20131003,2.7402,-0.351,3.0912
20131004,2.7857,-0.3296,3.1153
20131007,2.7587,-0.3505,3.1092
20131008,2.7646,-0.3552,3.1198
20131009,2.7461,-0.3713,3.1174
20131010,2.8067,-0.3612,3.1679
20131011,2.7923,-0.3552,3.1475
20131014,2.8163,-0.3333,3.1496
20131015,2.8731,-0.279,3.1521
20131016,2.9152,-0.2541,3.1693
20131017,2.8262,-0.3245,3.1507
20131018,2.7929,-0.3525,3.1454
20131021,2.8189,-0.3398,3.1587
20131022,2.72,-0.4219,3.1419
20131023,2.6835,-0.4663,3.1498
20131024,2.7145,-0.4435,3.158
20131025,2.6919,-0.4647,3.1566
20131028,2.6945,-0.4672,3.1617
20131029,2.6817,-0.4808,3.1625
20131030,2.6296,-0.4957,3.1253
20131031,2.7045,-0.4392,3.1437
20131101,2.7422,-0.402,3.1442
20131104,2.7314,-0.3962,3.1276
20131105,2.8143,-0.322,3.1363
20131106,2.8156,-0.3039,3.1195
20131107,2.7769,-0.3201,3.097
20131108,2.8704,-0.2826,3.153
20131111,2.8975,-0.2645,3.162
20131112,2.8959,-0.2127,3.1086
20131113,2.8963,-0.1918,3.0881
20131114,2.856,-0.1752,3.0312
20131115,2.8433,-0.2149,3.0582
20131118,2.8231,-0.2573,3.0804
20131119,2.8264,-0.3156,3.142
20131120,2.835,-0.3111,3.1461
20131121,2.9352,-0.2397,3.1749
20131122,2.9079,-0.2685,3.1764
20131125,2.8795,-0.289,3.1685
20131126,2.8439,-0.309,3.1529
20131127,2.8641,-0.2979,3.162
20131128,2.8522,-0.3203,3.1725
20131129,2.8776,-0.3197,3.1973
20131202,2.9632,-0.2639,3.2271
20131203,2.931,-0.2831,3.2141
20131204,3.0167,-0.2208,3.2375
20131205,3.0335,-0.206,3.2395
20131206,3.0112,-0.2284,3.2396
20131209,3.0319,-0.211,3.2429
20131210,3.0008,-0.2287,3.2295
20131211,2.9941,-0.2291,3.2232
20131212,3.0289,-0.1909,3.2198
20131213,3.0255,-0.1836,3.2091
20131216,3.0073,-0.1916,3.1989
20131217,3.0063,-0.216,3.2223
20131218,3.0458,-0.2057,3.2515
20131219,3.0855,-0.1763,3.2618
20131220,3.0649,-0.1893,3.2542
20131223,3.089,-0.1704,3.2594
20131224,3.1051,-0.1569,3.262
20131227,3.2047,-0.0837,3.2884
20131230,3.1602,-0.11,3.2702
20131231,3.1571,-0.109,3.2661
20140102,3.1625,-0.0803,3.2428
20140103,3.1579,-0.0604,3.2183
20140106,3.1053,-0.0755,3.1808
20140107,3.0831,-0.0898,3.1729
20140108,3.114,-0.0797,3.1937
20140109,3.1076,-0.0846,3.1922
20140110,3.0124,-0.1553,3.1677
20140113,2.9638,-0.1994,3.1632
20140114,2.9593,-0.2081,3.1674
20140115,2.9968,-0.1876,3.1844
20140116,2.9422,-0.2136,3.1558
20140117,2.9634,-0.1996,3.163
20140120,2.9516,-0.1952,3.1468
20140121,2.9568,-0.1748,3.1316
20140122,2.995,-0.1534,3.1484
20140123,2.9291,-0.1884,3.1175
20140124,2.8906,-0.2126,3.1032
20140127,2.9011,-0.1736,3.0747
20140128,2.9319,-0.1384,3.0703
20140129,2.8858,-0.188,3.0738
20140130,2.8716,-0.2108,3.0824
20140131,2.8347,-0.2354,3.0701
20140203,2.822,-0.2342,3.0562
20140204,2.8262,-0.2098,3.036
20140205,2.8178,-0.2171,3.0349
20140206,2.8765,-0.1742,3.0507
20140207,2.843,-0.1816,3.0246
20140210,2.8554,-0.1589,3.0143
20140211,2.8655,-0.1249,2.9904
20140212,2.9467,-0.0699,3.0166
20140213,2.9125,-0.1001,3.0126
20140214,2.9202,-0.1097,3.0299
20140217,2.9105,-0.122,3.0325
20140218,2.8837,-0.206,3.0897
20140219,2.8666,-0.2155,3.0821
20140220,2.9421,-0.1651,3.1072
20140221,2.92,-0.1827,3.1027
20140224,2.9076,-0.1923,3.0999
20140225,2.8807,-0.2135,3.0942
20140226,2.859,-0.2307,3.0897
20140227,2.8089,-0.265,3.0739
20140228,2.8561,-0.2566,3.1127
20140303,2.7912,-0.3046,3.0958
20140304,2.8314,-0.3035,3.1349
20140305,2.8581,-0.305,3.1631
20140306,2.9093,-0.2679,3.1772
20140307,2.9217,-0.2554,3.1771
20140310,2.9295,-0.2372,3.1667
20140311,2.9174,-0.2449,3.1623
20140312,2.8831,-0.2721,3.1552
20140313,2.8268,-0.3225,3.1493
20140314,2.799,-0.3398,3.1388
20140317,2.8114,-0.348,3.1594
20140318,2.8103,-0.3634,3.1737
20140319,2.8267,-0.3498,3.1765
20140320,2.9001,-0.2827,3.1828
20140321,2.8815,-0.266,3.1475
20140324,2.8299,-0.2847,3.1146
20140325,2.8449,-0.2733,3.1182
20140326,2.8328,-0.3067,3.1395
20140327,2.8054,-0.3414,3.1468
20140328,2.857,-0.2949,3.1519
20140331,2.8687,-0.2991,3.1678
20140401,2.8762,-0.2931,3.1693
20140402,2.9067,-0.2598,3.1665
20140403,2.887,-0.2622,3.1492
20140404,2.8226,-0.315,3.1376
20140407,2.8003,-0.3168,3.1171
20140408,2.8298,-0.3019,3.1317
20140409,2.8307,-0.3046,3.1353
20140410,2.7498,-0.3769,3.1267
20140411,2.748,-0.3829,3.1309
20140414,2.7709,-0.3694,3.1403
20140415,2.737,-0.408,3.145
20140416,2.7682,-0.4072,3.1754
20140417,2.7938,-0.3896,3.1834
20140422,2.8518,-0.3519,3.2037
20140423,2.8088,-0.3773,3.1861
20140424,2.8276,-0.3579,3.1855
20140425,2.7714,-0.3863,3.1577
20140428,2.8041,-0.3636,3.1677
20140429,2.8274,-0.3586,3.186
20140430,2.8078,-0.3684,3.1762
20140501,2.7788,-0.3908,3.1696
20140502,2.7778,-0.3939,3.1717
20140506,2.7919,-0.3776,3.1695
20140507,2.8,-0.3717,3.1717
20140508,2.7859,-0.3869,3.1728
20140509,2.8213,-0.368,3.1893
20140512,2.872,-0.3359,3.2079
20140513,2.8223,-0.3595,3.1818
20140514,2.7331,-0.4127,3.1458
20140515,2.6619,-0.4761,3.138
20140516,2.7023,-0.4475,3.1498
20140519,2.7227,-0.4327,3.1554
20140520,2.7551,-0.3799,3.135
20140521,2.7852,-0.3529,3.1381
20140522,2.7954,-0.336,3.1314
20140523,2.7745,-0.3471,3.1216
20140527,2.7786,-0.3205,3.0991
20140528,2.687,-0.3844,3.0714
20140529,2.6701,-0.3848,3.0549
20140530,2.7029,-0.3904,3.0933
20140602,2.7511,-0.3641,3.1152
20140603,2.7952,-0.3371,3.1323
20140604,2.8411,-0.2742,3.1153
20140605,2.8259,-0.2999,3.1258
20140606,2.8064,-0.3095,3.1159
20140609,2.841,-0.294,3.135
20140610,2.8713,-0.2787,3.15
20140611,2.8595,-0.2812,3.1407
20140612,2.8599,-0.2757,3.1356
20140613,2.8882,-0.2583,3.1465
20140616,2.8901,-0.2567,3.1468
20140617,2.914,-0.248,3.162
20140618,2.8739,-0.2787,3.1526
20140619,2.8693,-0.2769,3.1462
20140620,2.9033,-0.2492,3.1525
20140623,2.872,-0.2639,3.1359
20140624,2.8782,-0.2559,3.1341
20140625,2.789,-0.3215,3.1105
20140626,2.7763,-0.3319,3.1082
20140627,2.7755,-0.3148,3.0903
20140630,2.812,-0.2904,3.1024
20140701,2.8415,-0.2682,3.1097
20140702,2.8878,-0.2335,3.1213
20140703,2.8951,-0.2293,3.1244
20140704,2.9023,-0.2192,3.1215
20140707,2.8764,-0.2308,3.1072
20140708,2.8017,-0.2879,3.0896
20140709,2.807,-0.2837,3.0907
20140710,2.7711,-0.3049,3.076
20140711,2.7479,-0.3262,3.0741
20140714,2.7539,-0.3214,3.0753
20140715,2.796,-0.3112,3.1072
20140716,2.7984,-0.2958,3.0942
20140717,2.7373,-0.3377,3.075
20140718,2.7175,-0.3532,3.0707
20140721,2.7033,-0.3606,3.0639
20140722,2.7282,-0.3406,3.0688
20140723,2.6961,-0.3576,3.0537
20140724,2.746,-0.3235,3.0695
20140725,2.7074,-0.3538,3.0612
20140728,2.716,-0.3297,3.0457
20140729,2.6772,-0.3654,3.0426
20140730,2.7296,-0.3283,3.0579
20140731,2.7598,-0.3021,3.0619
20140801,2.6986,-0.3411,3.0397
20140804,2.6793,-0.3458,3.0251
20140805,2.7239,-0.3043,3.0282
20140806,2.6544,-0.3441,2.9985
20140807,2.6332,-0.3559,2.9891
20140808,2.5934,-0.3879,2.9813
20140811,2.6336,-0.3697,3.0033
20140812,2.6232,-0.4015,3.0247
20140813,2.5891,-0.4428,3.0319
20140814,2.5786,-0.457,3.0356
20140815,2.5052,-0.5186,3.0238
20140818,2.5746,-0.4674,3.042
20140819,2.5381,-0.5299,3.068
20140820,2.5594,-0.5231,3.0825
20140821,2.547,-0.5381,3.0851
20140822,2.5525,-0.5267,3.0792
20140826,2.4761,-0.5711,3.0472
20140827,2.3913,-0.609,3.0003
20140828,2.3896,-0.6299,3.0195
20140829,2.3916,-0.6547,3.0463
20140901,2.4121,-0.6536,3.0657
20140902,2.4605,-0.6445,3.105
20140903,2.4983,-0.6228,3.1211
20140904,2.5199,-0.5941,3.114
20140905,2.497,-0.6074,3.1044
20140908,2.4975,-0.6013,3.0988
20140909,2.5058,-0.5605,3.0663
20140910,2.5316,-0.5413,3.0729
20140911,2.5311,-0.5296,3.0607
20140912,2.5728,-0.5001,3.0729
20140915,2.5761,-0.4823,3.0584
20140916,2.568,-0.4734,3.0414
20140917,2.5566,-0.4755,3.0321
20140918,2.6255,-0.4323,3.0578
20140919,2.5806,-0.4767,3.0573
20140922,2.545,-0.499,3.044
20140923,2.5237,-0.5007,3.0244
20140924,2.5183,-0.4851,3.0034
20140925,2.4982,-0.5,2.9982
20140926,2.5002,-0.4858,2.986
20140929,2.4827,-0.5024,2.9851
20140930,2.4682,-0.5024,2.9706
20141001,2.4116,-0.5271,2.9387
20141002,2.3853,-0.5235,2.9088
20141003,2.4365,-0.4998,2.9363
20141006,2.4027,-0.5346,2.9373
20141007,2.336,-0.5774,2.9134
20141008,2.2963,-0.5816,2.8779
20141009,2.3095,-0.5565,2.866
20141010,2.2674,-0.5825,2.8499
20141013,2.2092,-0.6184,2.8276
20141014,2.1823,-0.6058,2.7881
20141015,2.0366,-0.7078,2.7444
20141016,2.1241,-0.6861,2.8102
20141017,2.2388,-0.6525,2.8913
20141020,2.2001,-0.7017,2.9018
20141021,2.2128,-0.7072,2.92
20141022,2.2431,-0.6975,2.9406
20141023,2.2813,-0.6362,2.9175
20141024,2.2817,-0.6056,2.8873
20141027,2.2594,-0.6041,2.8635
20141028,2.2812,-0.613,2.8942
20141029,2.3055,-0.6109,2.9164
20141030,2.2799,-0.6219,2.9018
20141031,2.3054,-0.6034,2.9088
20141103,2.3315,-0.5828,2.9143
20141104,2.282,-0.6127,2.8947
20141105,2.3087,-0.5897,2.8984
20141106,2.3011,-0.5957,2.8968
20141107,2.2655,-0.6398,2.9053
20141110,2.247,-0.6506,2.8976
20141111,2.288,-0.634,2.922
20141112,2.2447,-0.6779,2.9226
20141113,2.2378,-0.6982,2.936
20141114,2.199,-0.726,2.925
20141117,2.1757,-0.7355,2.9112
20141118,2.1797,-0.7485,2.9282
20141119,2.1937,-0.7413,2.935
20141120,2.1574,-0.7662,2.9236
20141121,2.1118,-0.8079,2.9197
20141124,2.1079,-0.8149,2.9228
20141125,2.0634,-0.8576,2.921
20141126,2.029,-0.8945,2.9235
20141127,1.9828,-0.9165,2.8993
20141128,1.9853,-0.895,2.8803
20141201,1.9482,-0.9105,2.8587
20141202,2.028,-0.8928,2.9208
20141203,2.0653,-0.8779,2.9432
20141204,2.0438,-0.9064,2.9502
20141205,2.0704,-0.8852,2.9556
20141208,2.0288,-0.896,2.9248
20141209,1.953,-0.9218,2.8748
20141210,1.975,-0.8943,2.8693
20141211,1.9647,-0.8833,2.848
20141212,1.8612,-0.9347,2.7959
20141215,1.8776,-0.9148,2.7924
20141216,1.8316,-0.9443,2.7759
20141217,1.8209,-0.9768,2.7977
20141218,1.9309,-0.9207,2.8516
20141219,1.9195,-0.9263,2.8458
20141222,1.8886,-0.955,2.8436
20141223,1.9166,-0.943,2.8596
20141224,1.9456,-0.9233,2.8689
20141229,1.8746,-0.9804,2.855
20141230,1.8605,-0.966,2.8265
20141231,1.8196,-0.9867,2.8063
20150102,1.788,-0.9881,2.7761
20150105,1.7322,-1.038,2.7702
20150106,1.6551,-1.0716,2.7267
20150107,1.6658,-1.0287,2.6945
20150108,1.703,-1.0172,2.7202
20150109,1.6486,-1.0784,2.727
20150112,1.6345,-1.0722,2.7067
20150113,1.646,-1.0718,2.7178
20150114,1.5691,-1.1231,2.6922
20150115,1.5717,-1.1493,2.721
20150116,1.5961,-1.1361,2.7322
20150119,1.5771,-1.1522,2.7293
20150120,1.58,-1.1507,2.7307
20150121,1.5326,-1.1701,2.7027
20150122,1.5659,-1.1277,2.6936
20150123,1.5212,-1.1243,2.6455
20150126,1.5555,-1.0604,2.6159
20150127,1.5238,-1.0411,2.5649
20150128,1.5062,-1.052,2.5582
20150129,1.4673,-1.0587,2.526
20150130,1.3867,-1.088,2.4747
20150202,1.4292,-1.0819,2.5111
20150203,1.5091,-1.0501,2.5592
20150204,1.575,-1.0224,2.5974
20150205,1.594,-0.9911,2.5851
20150206,1.6891,-0.9041,2.5932
20150209,1.6569,-0.913,2.5699
20150210,1.7122,-0.8493,2.5615
20150211,1.7312,-0.8166,2.5478
20150212,1.7264,-0.8244,2.5508
20150213,1.7337,-0.8357,2.5694
20150216,1.7567,-0.83,2.5867
20150217,1.8204,-0.8255,2.6459
20150218,1.907,-0.7898,2.6968
20150219,1.8863,-0.8081,2.6944
20150220,1.8349,-0.8545,2.6894
20150223,1.868,-0.8376,2.7056
20150224,1.8272,-0.859,2.6862
20150225,1.7726,-0.8882,2.6608
20150226,1.7984,-0.8767,2.6751
20150227,1.8567,-0.8589,2.7156
20150302,1.8719,-0.8414,2.7133
20150303,1.9324,-0.7769,2.7093
20150304,1.9754,-0.7153,2.6907
20150305,1.9563,-0.7123,2.6686
20150306,2.0485,-0.6853,2.7338
20150309,2.0293,-0.6878,2.7171
20150310,1.9013,-0.7721,2.6734
20150311,1.907,-0.7622,2.6692
20150312,1.8353,-0.8012,2.6365
20150313,1.7953,-0.8016,2.5969
20150316,1.7758,-0.7976,2.5734
20150317,1.7693,-0.8242,2.5935
20150318,1.6933,-0.9396,2.6329
20150319,1.6193,-1.0408,2.6601
20150320,1.6147,-1.1053,2.72
20150323,1.6078,-1.0941,2.7019
20150324,1.6068,-1.1389,2.7457
20150325,1.5752,-1.1719,2.7471
20150326,1.6693,-1.1387,2.808
20150327,1.63,-1.1829,2.8129
20150330,1.66,-1.1501,2.8101
20150331,1.6605,-1.1008,2.7613
20150401,1.6396,-1.1046,2.7442
20150402,1.6863,-1.0903,2.7766
20150407,1.6922,-1.0966,2.7888
20150408,1.6777,-1.1089,2.7866
20150409,1.6817,-1.1061,2.7878
20150410,1.6937,-1.12,2.8137
20150413,1.7011,-1.127,2.8281
20150414,1.611,-1.1766,2.7876
20150415,1.658,-1.1574,2.8154
20150416,1.7016,-1.1353,2.8369
20150417,1.6853,-1.1414,2.8267
20150420,1.669,-1.1499,2.8189
20150421,1.6708,-1.1439,2.8147
20150422,1.7958,-1.0667,2.8625
20150423,1.7914,-1.0796,2.871
20150424,1.7466,-1.1284,2.875
20150427,1.7891,-1.0827,2.8718
20150428,1.7919,-1.0656,2.8575
20150429,1.9337,-0.9667,2.9004
20150430,1.9447,-1.0028,2.9475
20150501,1.9455,-0.981,2.9265
20150505,2.0857,-0.8806,2.9663
20150506,2.0838,-0.8841,2.9679
20150507,2.0363,-0.9155,2.9518
20150508,1.9735,-0.9852,2.9587
20150511,2.0321,-0.9829,3.015
20150512,2.1051,-0.9384,3.0435
20150513,2.1006,-0.9268,3.0274
20150514,2.1084,-0.8871,2.9955
20150515,2.0154,-0.978,2.9934
20150518,2.0653,-0.9627,3.028
20150519,2.0739,-0.9551,3.029
20150520,2.0916,-0.9373,3.0289
20150521,2.0852,-0.9282,3.0134
20150522,2.0376,-0.9336,2.9712
20150526,1.9874,-0.9358,2.9232
20150527,2.0002,-0.9312,2.9314
20150528,1.952,-0.9503,2.9023
20150529,1.9178,-0.984,2.9018
20150601,1.9619,-0.9751,2.937
20150602,2.0635,-0.9252,2.9887
20150603,2.1879,-0.8297,3.0176
20150604,2.1276,-0.8538,2.9814
20150605,2.1935,-0.821,3.0145
20150608,2.1628,-0.8342,2.997
20150609,2.2243,-0.8111,3.0354
20150610,2.2685,-0.7805,3.049
20150611,2.1954,-0.8227,3.0181
20150612,2.094,-0.891,2.985
20150615,2.1516,-0.86,3.0116
20150616,2.131,-0.8784,3.0094
20150617,2.1892,-0.8819,3.0711
20150618,2.1674,-0.9043,3.0717
20150619,2.133,-0.893,3.026
20150622,2.2305,-0.7951,3.0256
20150623,2.2414,-0.808,3.0494
20150624,2.2592,-0.7985,3.0577
20150625,2.2697,-0.7689,3.0386
20150626,2.3026,-0.7456,3.0482
20150629,2.1897,-0.8031,2.9928
20150630,2.1552,-0.8478,3.003
20150701,2.2209,-0.8017,3.0226
20150702,2.2058,-0.8149,3.0207
20150703,2.1273,-0.8804,3.0077
20150706,2.146,-0.848,2.994
20150707,1.9466,-0.9799,2.9265
20150708,2.0299,-0.9422,2.9721
20150709,2.0878,-0.9039,2.9917
20150710,2.2107,-0.8124,3.0231
20150713,2.2486,-0.7504,2.999
20150714,2.2618,-0.7503,3.0121
20150715,2.2673,-0.7296,2.9969
20150716,2.2085,-0.7716,2.9801
20150717,2.2103,-0.7728,2.9831
20150720,2.204,-0.781,2.985
20150721,2.2164,-0.769,2.9854
20150722,2.1596,-0.8087,2.9683
20150723,2.1531,-0.8118,2.9649
20150724,2.0581,-0.8598,2.9179
20150727,2.0451,-0.8659,2.911
20150728,2.0665,-0.85,2.9165
20150729,2.0971,-0.8201,2.9172
20150730,2.0923,-0.8418,2.9341
20150731,2.0074,-0.9016,2.909
20150803,2.001,-0.906,2.907
20150804,1.996,-0.9046,2.9006
20150805,2.0899,-0.8706,2.9605
20150806,2.0412,-0.8768,2.918
20150807,1.9728,-0.9078,2.8806
20150810,2.0415,-0.8578,2.8993
20150811,1.9399,-0.9336,2.8735
20150812,1.9038,-0.974,2.8778
20150813,1.961,-0.9439,2.9049
20150814,1.9989,-0.8948,2.8937
20150817,1.9507,-0.9088,2.8595
20150818,2.0026,-0.8797,2.8823
20150819,1.9833,-0.8774,2.8607
20150820,1.8909,-0.9103,2.8012
20150821,1.8364,-0.9285,2.7649
20150824,1.8044,-0.9005,2.7049
20150825,1.9125,-0.8142,2.7267
20150826,1.9598,-0.7284,2.6882
20150827,1.9856,-0.7401,2.7257
20150828,1.9669,-0.813,2.7799
20150901,1.9513,-0.8516,2.8029
20150902,1.9585,-0.8391,2.7976
20150903,1.9268,-0.8998,2.8266
20150904,1.844,-0.9678,2.8118
20150907,1.8262,-0.9711,2.7973
20150908,1.8587,-0.9382,2.7969
20150909,1.8852,-0.9058,2.791
20150910,1.8741,-0.9245,2.7986
20150911,1.8345,-0.9422,2.7767
20150914,1.8639,-0.8872,2.7511
20150915,1.9229,-0.8784,2.8013
20150916,1.9584,-0.8709,2.8293
20150917,1.9699,-0.8804,2.8503
20150918,1.8614,-0.9455,2.8069
20150921,1.9106,-0.8732,2.7838
20150922,1.7975,-0.913,2.7105
20150923,1.8236,-0.9214,2.745
20150924,1.757,-0.963,2.72
20150925,1.8649,-0.8897,2.7546
20150928,1.8023,-0.9107,2.713
20150929,1.7753,-0.9004,2.6757
20150930,1.7919,-0.8953,2.6872
20151001,1.7711,-0.9511,2.7222
20151002,1.7223,-0.9858,2.7081
20151005,1.8104,-0.9388,2.7492
20151006,1.8216,-0.9268,2.7484
20151007,1.8507,-0.9264,2.7771
20151008,1.8358,-0.9131,2.7489
20151009,1.8803,-0.8844,2.7647
20151012,1.8458,-0.8998,2.7456
20151013,1.8616,-0.8642,2.7258
20151014,1.7859,-0.8947,2.6806
20151015,1.7999,-0.8975,2.6974
20151016,1.8181,-0.8819,2.7
20151019,1.8523,-0.8545,2.7068
20151020,1.8825,-0.8376,2.7201
20151021,1.8215,-0.8769,2.6984
20151022,1.825,-0.8911,2.7161
20151023,1.8888,-0.8649,2.7537
20151026,1.8542,-0.8784,2.7326
20151027,1.7838,-0.916,2.6998
20151028,1.8257,-0.8934,2.7191
20151029,1.9527,-0.8029,2.7556
20151030,1.9457,-0.8001,2.7458
20151102,1.9771,-0.7611,2.7382
20151103,1.9985,-0.7272,2.7257
20151104,2.0282,-0.7268,2.755
20151105,2.0061,-0.7561,2.7622
20151106,2.0748,-0.696,2.7708
20151109,2.0968,-0.6969,2.7937
20151110,2.066,-0.7604,2.8264
20151111,2.0799,-0.7655,2.8454
20151112,2.051,-0.7831,2.8341
20151113,2.0204,-0.7902,2.8106
20151116,1.9862,-0.7949,2.7811
20151117,2.0244,-0.7653,2.7897
20151118,1.9778,-0.7853,2.7631
20151119,1.9359,-0.8111,2.747
20151120,1.9173,-0.8377,2.755
20151123,1.9308,-0.8369,2.7677
20151124,1.9039,-0.8583,2.7622
20151125,1.929,-0.8446,2.7736
20151126,1.8775,-0.9061,2.7836
20151127,1.8576,-0.9263,2.7839
20151130,1.8741,-0.9059,2.78
20151201,1.8102,-0.9463,2.7565
20151202,1.7924,-0.9443,2.7367
20151203,1.9158,-0.852,2.7678
20151204,1.9742,-0.7884,2.7626
20151207,1.8645,-0.8382,2.7027
20151208,1.8605,-0.8253,2.6858
20151209,1.9253,-0.8076,2.7329
20151210,1.8984,-0.8092,2.7076
20151211,1.8516,-0.819,2.6706
20151214,1.866,-0.7989,2.6649
20151215,1.994,-0.7426,2.7366
20151216,1.9941,-0.7425,2.7366
20151217,1.9002,-0.7937,2.6939
20151218,1.888,-0.8048,2.6928
20151221,1.8709,-0.8163,2.6872
20151222,1.9337,-0.7596,2.6933
20151223,1.9948,-0.705,2.6998
20151224,1.9725,-0.7222,2.6947
20151229,1.9629,-0.712,2.6749
20151230,2.0441,-0.6384,2.6825
20151231,2.0097,-0.6704,2.6801
20160104,1.9342,-0.724,2.6582
20160105,1.9299,-0.7403,2.6702
20160106,1.8443,-0.7978,2.6421
20160107,1.8586,-0.8054,2.664
20160108,1.8213,-0.836,2.6573
20160111,1.8261,-0.843,2.6691
20160112,1.8125,-0.8405,2.653
20160113,1.8028,-0.8475,2.6503
20160114,1.79,-0.8314,2.6214
20160115,1.7139,-0.8641,2.578
20160118,1.7531,-0.8296,2.5827
20160119,1.7707,-0.8307,2.6014
20160120,1.6839,-0.8783,2.5622
20160121,1.7353,-0.8607,2.596
20160122,1.778,-0.877,2.655
20160125,1.7467,-0.9018,2.6485
20160126,1.7539,-0.8968,2.6507
20160127,1.7558,-0.8976,2.6534
20160128,1.7281,-0.9209,2.649
20160129,1.6355,-0.9702,2.6057
20160201,1.6975,-0.9071,2.6046
20160202,1.62,-0.9327,2.5527
20160203,1.578,-0.9667,2.5447
20160204,1.636,-0.9506,2.5866
20160205,1.6383,-0.9625,2.6008
20160208,1.4715,-1.0526,2.5241
20160209,1.4813,-1.0136,2.4949
20160210,1.4894,-0.9898,2.4792
20160211,1.3448,-1.071,2.4158
20160212,1.4708,-0.9729,2.4437
20160215,1.4924,-0.9811,2.4735
20160216,1.4945,-0.9779,2.4724
20160217,1.5569,-0.9349,2.4918
20160218,1.512,-0.9506,2.4626
20160219,1.477,-0.9432,2.4202
20160222,1.4721,-0.9442,2.4163
20160223,1.4997,-0.9372,2.4369
20160224,1.4213,-0.9687,2.39
20160225,1.4431,-0.9594,2.4025
20160226,1.4882,-0.9576,2.4458
20160229,1.4096,-1.0088,2.4184
20160301,1.4685,-0.9744,2.4429
20160302,1.5436,-0.9406,2.4842
20160303,1.5293,-0.9731,2.5024
20160304,1.5716,-0.9987,2.5703
20160307,1.5594,-1.017,2.5764
20160308,1.4501,-1.0714,2.5215
20160309,1.5537,-1.0164,2.5701
20160310,1.6123,-1.0235,2.6358
20160311,1.6593,-1.0074,2.6667
20160314,1.6285,-1.0355,2.664
20160315,1.6125,-1.0224,2.6349
20160316,1.5989,-1.0298,2.6287
20160317,1.5393,-1.1008,2.6401
20160318,1.5475,-1.1054,2.6529
20160321,1.5642,-1.0653,2.6295
20160322,1.5429,-1.1013,2.6442
20160323,1.5355,-1.1036,2.6391
20160324,1.5518,-1.0775,2.6293
20160329,1.5061,-1.092,2.5981
20160330,1.5431,-1.0802,2.6233
20160331,1.5041,-1.114,2.6181
20160401,1.5226,-1.1004,2.623
20160404,1.5181,-1.1131,2.6312
20160405,1.4629,-1.1281,2.591
20160406,1.4791,-1.1221,2.6012
20160407,1.4206,-1.1847,2.6053
20160408,1.4665,-1.1694,2.6359
20160411,1.4966,-1.1592,2.6558
20160412,1.5459,-1.1436,2.6895
20160413,1.5323,-1.158,2.6903
20160414,1.5453,-1.1154,2.6607
20160415,1.5169,-1.1157,2.6326
20160418,1.5762,-1.0574,2.6336
20160419,1.6199,-1.0416,2.6615
20160420,1.5632,-1.0675,2.6307
20160421,1.6772,-1.0053,2.6825
20160422,1.6971,-1.0041,2.7012
20160425,1.6988,-0.9816,2.6804
20160426,1.7551,-0.9152,2.6703
20160427,1.7159,-0.9242,2.6401
20160428,1.6917,-0.9326,2.6243
20160429,1.6947,-0.9454,2.6401
20160503,1.6194,-0.962,2.5814
20160504,1.6243,-0.9501,2.5744
20160505,1.5756,-0.9803,2.5559
20160506,1.52,-1.0127,2.5327
20160509,1.5198,-0.9944,2.5142
20160510,1.5074,-0.9966,2.504
20160511,1.4985,-0.995,2.4935
20160512,1.5103,-1.0043,2.5146
20160513,1.4804,-1.0273,2.5077
20160516,1.501,-1.0134,2.5144
20160517,1.4718,-1.0416,2.5134
20160518,1.547,-1.0201,2.5671
20160519,1.5421,-1.0003,2.5424
20160520,1.5735,-0.9786,2.5521
20160523,1.5696,-0.9755,2.5451
20160524,1.584,-0.9772,2.5612
20160525,1.5582,-1.0207,2.5789
20160526,1.5237,-1.0458,2.5695
20160527,1.5477,-1.0168,2.5645
20160531,1.5474,-1.0117,2.5591
20160601,1.4824,-1.0219,2.5043
20160602,1.4555,-1.0365,2.492
20160603,1.3888,-1.1086,2.4974
20160606,1.3971,-1.1383,2.5354
20160607,1.3765,-1.1168,2.4933
20160608,1.3639,-1.127,2.4909
20160609,1.3508,-1.1119,2.4627
20160610,1.3358,-1.1,2.4358
20160613,1.329,-1.0697,2.3987
20160614,1.2456,-1.1459,2.3915
20160615,1.2314,-1.1735,2.4049
20160616,1.2155,-1.2208,2.4363
20160617,1.2584,-1.2149,2.4733
20160620,1.3619,-1.1482,2.5101
20160621,1.3993,-1.1144,2.5137
20160622,1.4396,-1.0657,2.5053
20160623,1.481,-1.0467,2.5277
20160624,1.2172,-1.309,2.5262
20160627,1.0721,-1.5134,2.5855
20160628,1.0748,-1.5505,2.6253
20160629,1.0635,-1.5588,2.6223
20160630,1.0263,-1.5598,2.5861
20160701,0.9859,-1.5872,2.5731
20160704,0.9529,-1.5828,2.5357
20160705,0.8941,-1.6296,2.5237
20160706,0.8802,-1.685,2.5652
20160707,0.8984,-1.7164,2.6148
20160708,0.861,-1.7191,2.5801
20160711,0.869,-1.6994,2.5684
20160712,0.9245,-1.6195,2.544
20160713,0.8611,-1.6624,2.5235
20160714,0.9128,-1.6344,2.5472
20160715,0.9593,-1.5932,2.5525
20160718,0.9345,-1.6058,2.5403
20160719,0.9288,-1.6383,2.5671
20160720,0.9561,-1.5863,2.5424
20160721,0.971,-1.575,2.546
20160722,0.9338,-1.5838,2.5176
20160725,0.9328,-1.5843,2.5171
20160726,0.9514,-1.5998,2.5512
20160727,0.8496,-1.6872,2.5368
20160728,0.8283,-1.6938,2.5221
20160729,0.7998,-1.7155,2.5153
20160801,0.8452,-1.6873,2.5325
20160802,0.9213,-1.6391,2.5604
20160803,0.9106,-1.652,2.5626
20160804,0.7429,-1.822,2.5649
20160805,0.7631,-1.8548,2.6179
20160808,0.7211,-1.9039,2.625
20160809,0.673,-1.962,2.635
20160810,0.6407,-2.0122,2.6529
20160811,0.628,-1.9992,2.6272
20160812,0.6228,-1.9873,2.6101
20160815,0.6514,-1.9813,2.6327
20160816,0.6999,-2.0219,2.7218
20160817,0.6883,-2.0277,2.716
20160818,0.6874,-2.0286,2.716
20160819,0.741,-1.9878,2.7288
20160822,0.6972,-2.0163,2.7135
20160823,0.6726,-2.0555,2.7281
20160824,0.6899,-2.0542,2.7441
20160825,0.6896,-2.068,2.7576
20160826,0.6591,-2.107,2.7661
20160830,0.6609,-2.123,2.7839
20160831,0.6615,-2.1367,2.7982
20160901,0.7001,-2.144,2.8441
20160902,0.7703,-2.045,2.8153
20160905,0.7381,-2.066,2.8041
20160906,0.6972,-2.1007,2.7979
20160907,0.6966,-2.1134,2.81
20160908,0.7869,-2.0594,2.8463
20160909,0.9002,-1.9802,2.8804
20160912,0.9019,-1.9746,2.8765
20160913,0.9296,-1.9638,2.8934
20160914,0.928,-1.9695,2.8975
20160915,0.9368,-1.9675,2.9043
20160916,0.9053,-1.9752,2.8805
20160919,0.919,-1.9535,2.8725
20160920,0.8405,-1.9903,2.8308
20160921,0.8465,-1.9863,2.8328
20160922,0.7533,-2.0708,2.8241
20160923,0.7599,-2.0669,2.8268
20160926,0.7367,-2.1072,2.8439
20160927,0.6963,-2.1554,2.8517
20160928,0.7014,-2.1674,2.8688
20160929,0.7478,-2.1846,2.9324
20160930,0.7968,-2.1015,2.8983
20161003,0.7745,-2.1849,2.9594
20161004,0.7991,-2.2031,3.0022
20161005,0.8586,-2.1896,3.0482
20161006,0.9215,-2.2189,3.1404
20161007,1.0109,-2.1996,3.2105
20161010,1.0646,-2.1606,3.2252
20161011,1.0353,-2.226,3.2613
20161012,1.0891,-2.1655,3.2546
20161013,1.0601,-2.11,3.1701
20161014,1.148,-1.9995,3.1475
20161017,1.1696,-1.9781,3.1477
20161018,1.132,-2.0508,3.1828
20161019,1.1268,-2.0649,3.1917
20161020,1.1261,-2.1031,3.2292
20161021,1.1213,-2.0903,3.2116
20161024,1.1345,-2.1011,3.2356
20161025,1.1217,-2.1244,3.2461
20161026,1.2045,-2.0583,3.2628
20161027,1.2924,-2.0265,3.3189
20161028,1.307,-2.0046,3.3116
20161031,1.2877,-2.042,3.3297
20161101,1.3338,-2.0071,3.3409
20161102,1.2378,-2.0701,3.3079
20161103,1.2638,-1.9935,3.2573
20161104,1.1885,-2.0348,3.2233
20161107,1.247,-1.9904,3.2374
20161108,1.2865,-1.9632,3.2497
20161109,1.2909,-1.9949,3.2858
20161110,1.3991,-1.9299,3.329
20161111,1.4199,-1.8872,3.3071
20161114,1.4954,-1.8225,3.3179
20161115,1.437,-1.8765,3.3135
20161116,1.4673,-1.8514,3.3187
20161117,1.4529,-1.8315,3.2844
20161118,1.5336,-1.7581,3.2917
20161121,1.4869,-1.7857,3.2726
20161122,1.4593,-1.8088,3.2681
20161123,1.5342,-1.7717,3.3059
20161124,1.4997,-1.8003,3.3
20161125,1.4818,-1.7739,3.2557
20161128,1.4406,-1.7968,3.2374
20161129,1.4508,-1.7783,3.2291
20161130,1.4765,-1.7721,3.2486
20161201,1.5399,-1.74,3.2799
20161202,1.4445,-1.8539,3.2984
20161205,1.467,-1.8477,3.3147
20161206,1.481,-1.8244,3.3054
20161207,1.4332,-1.8668,3.3
20161208,1.4508,-1.8616,3.3124
20161209,1.5066,-1.82,3.3266
20161212,1.557,-1.7997,3.3567
20161213,1.5014,-1.857,3.3584
20161214,1.4565,-1.8638,3.3203
20161215,1.5751,-1.7442,3.3193
20161216,1.5261,-1.7543,3.2804
20161219,1.4794,-1.7742,3.2536
20161220,1.4881,-1.8091,3.2972
20161221,1.4408,-1.8479,3.2887
20161222,1.4326,-1.858,3.2906
20161223,1.4012,-1.8827,3.2839
20161228,1.3587,-1.9192,3.2779
20161229,1.2848,-1.9739,3.2587
20161230,1.2955,-1.9956,3.2911
20170103,1.3976,-1.9596,3.3572
20170104,1.3915,-1.9763,3.3678
20170105,1.3849,-1.9958,3.3807
20170106,1.4388,-1.9502,3.389
20170109,1.4147,-1.9602,3.3749
20170110,1.421,-1.9758,3.3968
20170111,1.4221,-2.0076,3.4297
20170112,1.359,-2.0315,3.3905
20170113,1.4285,-1.9874,3.4159
20170116,1.391,-1.9965,3.3875
20170117,1.3667,-1.9631,3.3298
20170118,1.3911,-1.9621,3.3532
20170119,1.4593,-1.8888,3.3481
20170120,1.4898,-1.8454,3.3352
20170123,1.4485,-1.8795,3.328
20170124,1.4492,-1.9079,3.3571
20170125,1.5297,-1.8482,3.3779
20170126,1.5782,-1.8405,3.4187
20170127,1.5377,-1.8858,3.4235
20170130,1.5103,-1.9218,3.4321
20170131,1.4858,-1.9721,3.4579
20170201,1.5331,-1.9624,3.4955
20170202,1.4618,-1.9849,3.4467
20170203,1.4378,-1.958,3.3958
20170206,1.3979,-1.9872,3.3851
20170207,1.3672,-1.9969,3.3641
20170208,1.2992,-2.0304,3.3296
20170209,1.3094,-2.028,3.3374
20170210,1.3459,-1.9958,3.3417
20170213,1.3689,-1.9716,3.3405
20170214,1.3891,-1.9409,3.33
20170215,1.3846,-1.9254,3.31
20170216,1.3315,-1.9359,3.2674
20170217,1.2852,-1.9442,3.2294
20170220,1.2992,-1.9259,3.2251
20170221,1.3207,-1.8718,3.1925
20170222,1.2782,-1.8653,3.1435
20170223,1.2237,-1.9358,3.1595
20170224,1.1477,-2.002,3.1497
20170227,1.142,-2.0156,3.1576
20170228,1.1303,-2.0161,3.1464
20170301,1.1845,-1.9743,3.1588
20170302,1.1979,-1.9714,3.1693
20170303,1.1857,-1.9504,3.1361
20170306,1.2051,-1.919,3.1241
20170307,1.1776,-1.9482,3.1258
20170308,1.2267,-1.948,3.1747
20170309,1.2119,-1.9529,3.1648
20170310,1.2408,-1.9464,3.1872
20170313,1.2528,-1.9502,3.203
20170314,1.2383,-1.9604,3.1987
20170315,1.2228,-1.9678,3.1906
20170316,1.2484,-1.925,3.1734
20170317,1.2379,-1.8643,3.1022
20170320,1.2354,-1.8877,3.1231
20170321,1.2551,-1.9078,3.1629
20170322,1.1756,-1.987,3.1626
20170323,1.2288,-1.982,3.2108
20170324,1.2071,-2.0257,3.2328
20170327,1.181,-2.0449,3.2259
20170328,1.1967,-2.0268,3.2235
20170329,1.1599,-2.0253,3.1852
20170330,1.127,-2.0413,3.1683
20170331,1.1343,-2.0696,3.2039
20170403,1.0741,-2.1409,3.215
20170404,1.0716,-2.1711,3.2427
20170405,1.1033,-2.1757,3.279
20170406,1.1063,-2.2029,3.3092
20170407,1.0872,-2.1934,3.2806
20170410,1.103,-2.2051,3.3081
20170411,1.0645,-2.2781,3.3426
20170412,1.0686,-2.2984,3.367
20170413,1.0615,-2.2594,3.3209
20170418,1.0546,-2.172,3.2266
20170419,1.0846,-2.1195,3.2041
20170420,1.0866,-2.096,3.1826
20170421,1.0588,-2.1258,3.1846
20170424,1.0923,-2.0928,3.1851
20170425,1.1066,-2.0654,3.172
20170426,1.1107,-2.0423,3.153
20170427,1.0894,-2.0162,3.1056
20170428,1.1067,-2.0716,3.1783
20170502,1.1195,-2.0453,3.1648
20170503,1.1058,-2.0207,3.1265
20170504,1.1432,-1.9592,3.1024
20170505,1.1517,-1.9218,3.0735
20170508,1.177,-1.8781,3.0551
20170509,1.2314,-1.8774,3.1088
20170510,1.2007,-1.9371,3.1378
20170511,1.1967,-1.9751,3.1718
20170512,1.1234,-1.9985,3.1219
20170515,1.1594,-2.0063,3.1657
20170516,1.1479,-2.0069,3.1548
20170517,1.1022,-2.0159,3.1181
20170518,1.0957,-2.0177,3.1134
20170519,1.1192,-2.0152,3.1344
20170522,1.1145,-2.0242,3.1387
20170523,1.1028,-2.0558,3.1586
20170524,1.1054,-2.0522,3.1576
20170525,1.0791,-2.0432,3.1223
20170526,1.0488,-2.0682,3.117
20170530,1.0366,-2.0768,3.1134
20170531,1.0669,-2.0281,3.095
20170601,1.1007,-2.0033,3.104
20170602,1.0876,-2.0188,3.1064
20170605,1.0925,-2.003,3.0955
20170606,1.0298,-2.059,3.0888
20170607,1.0263,-2.0407,3.067
20170608,1.0773,-1.9663,3.0436
20170609,1.056,-2.0048,3.0608
20170612,1.0204,-2.0478,3.0682
20170613,1.0749,-2.0154,3.0903
20170614,0.9756,-2.0595,3.0351
20170615,1.0779,-1.9319,3.0098
20170616,1.0631,-1.9414,3.0045
20170619,1.0686,-1.954,3.0226
20170620,1.0463,-1.9905,3.0368
20170621,1.0613,-1.9751,3.0364
20170622,1.0558,-2.0097,3.0655
20170623,1.0708,-1.9629,3.0337
20170626,1.0638,-1.9769,3.0407
20170627,1.1249,-1.926,3.0509
20170628,1.1951,-1.8632,3.0583
20170629,1.2846,-1.798,3.0826
20170630,1.2971,-1.8253,3.1224
20170703,1.3139,-1.832,3.1459
20170704,1.2899,-1.8311,3.121
20170705,1.2978,-1.8027,3.1005
20170706,1.3631,-1.7547,3.1178
20170707,1.3475,-1.7526,3.1001
20170710,1.3148,-1.7578,3.0726
20170711,1.3224,-1.7347,3.0571
20170712,1.3051,-1.7793,3.0844
20170713,1.333,-1.7347,3.0677
20170714,1.3542,-1.6725,3.0267
20170717,1.3154,-1.6738,2.9892
20170718,1.253,-1.7648,3.0178
20170719,1.2241,-1.7917,3.0158
20170720,1.2483,-1.7981,3.0464
20170721,1.2096,-1.8238,3.0334
20170724,1.218,-1.8434,3.0614
20170725,1.2846,-1.81,3.0946
20170726,1.2632,-1.825,3.0882
20170727,1.2352,-1.8146,3.0498
20170728,1.2533,-1.7936,3.0469
20170731,1.2613,-1.7877,3.049
20170801,1.2414,-1.8017,3.0431
20170802,1.2737,-1.7758,3.0495
20170803,1.192,-1.8353,3.0273
20170804,1.2009,-1.8246,3.0255
20170807,1.1736,-1.8462,3.0198
20170808,1.1861,-1.8565,3.0426
20170809,1.1353,-1.8958,3.0311
20170810,1.111,-1.9431,3.0541
20170811,1.0969,-1.9519,3.0488
20170814,1.1145,-1.926,3.0405
20170815,1.1238,-1.963,3.0868
20170816,1.1443,-1.9548,3.0991
20170817,1.134,-1.9615,3.0955
20170818,1.1174,-1.9632,3.0806
20170821,1.1039,-1.9692,3.0731
20170822,1.1226,-1.9414,3.064
20170823,1.0893,-1.9829,3.0722
20170824,1.0964,-1.9881,3.0845
20170825,1.0924,-2.0006,3.093
20170829,1.039,-2.0649,3.1039
20170830,1.0788,-2.0277,3.1065
20170831,1.0758,-2.0245,3.1003
20170901,1.1043,-2.0014,3.1057
20170904,1.101,-1.9986,3.0996
20170905,1.0609,-2.0279,3.0888
20170906,1.0522,-2.0521,3.1043
20170907,1.0065,-2.1226,3.1291
20170908,1.0421,-2.0919,3.134
20170911,1.0867,-2.0447,3.1314
20170912,1.1923,-1.9653,3.1576
20170913,1.1947,-1.9812,3.1759
20170914,1.266,-1.9145,3.1805
20170915,1.3643,-1.7657,3.13
20170918,1.3477,-1.7558,3.1035
20170919,1.3736,-1.7573,3.1309
20170920,1.3755,-1.7715,3.147
20170921,1.4109,-1.7513,3.1622
20170922,1.4052,-1.7628,3.168
20170925,1.3756,-1.8,3.1756
20170926,1.3769,-1.7844,3.1613
20170927,1.423,-1.7345,3.1575
20170928,1.4234,-1.7385,3.1619
20170929,1.4009,-1.7517,3.1526
20171002,1.3685,-1.7829,3.1514
20171003,1.3996,-1.755,3.1546
20171004,1.4122,-1.7663,3.1785
20171005,1.4294,-1.7652,3.1946
20171006,1.4103,-1.7976,3.2079
20171009,1.4026,-1.7777,3.1803
20171010,1.4096,-1.798,3.2076
20171011,1.4223,-1.802,3.2243
20171012,1.4221,-1.759,3.1811
20171013,1.4111,-1.772,3.1831
20171016,1.3848,-1.7972,3.182
20171017,1.329,-1.8764,3.2054
20171018,1.3604,-1.8174,3.1778
20171019,1.3206,-1.8342,3.1548
20171020,1.3794,-1.7669,3.1463
20171023,1.3586,-1.7848,3.1434
20171024,1.4039,-1.7379,3.1418
20171025,1.4643,-1.6996,3.1639
20171026,1.4559,-1.6913,3.1472
20171027,1.4121,-1.7111,3.1232
20171030,1.3846,-1.7377,3.1223
20171031,1.3894,-1.7572,3.1466
20171101,1.4025,-1.7555,3.158
20171102,1.3185,-1.836,3.1545
20171103,1.3204,-1.8073,3.1277
20171106,1.3135,-1.7948,3.1083
20171107,1.2963,-1.8398,3.1361
20171108,1.2657,-1.8706,3.1363
20171109,1.3191,-1.8387,3.1578
20171110,1.399,-1.7783,3.1773
20171113,1.3899,-1.8072,3.1971
20171114,1.3719,-1.8364,3.2083
20171115,1.3474,-1.8468,3.1942
20171116,1.3619,-1.824,3.1859
20171117,1.3626,-1.8273,3.1899
20171120,1.3405,-1.8513,3.1918
20171121,1.3294,-1.8574,3.1868
20171122,1.334,-1.8403,3.1743
20171123,1.307,-1.8651,3.1721
20171124,1.306,-1.8642,3.1702
20171127,1.317,-1.8623,3.1793
20171128,1.3124,-1.8668,3.1792
20171129,1.4092,-1.7582,3.1674
20171130,1.3844,-1.7415,3.1259
20171201,1.2825,-1.8222,3.1047
20171204,1.342,-1.7621,3.1041
20171205,1.3229,-1.8078,3.1307
20171206,1.2891,-1.8424,3.1315
20171207,1.3135,-1.8352,3.1487
20171208,1.3401,-1.7885,3.1286
20171211,1.2652,-1.8397,3.1049
20171212,1.2885,-1.8626,3.1511
20171213,1.2803,-1.8336,3.1139
20171214,1.2379,-1.861,3.0989
20171215,1.2215,-1.8784,3.0999
20171218,1.2113,-1.8819,3.0932
20171219,1.2728,-1.836,3.1088
20171220,1.3281,-1.8093,3.1374
20171221,1.3296,-1.8276,3.1572
20171222,1.3074,-1.8506,3.158
20171227,1.2405,-1.9022,3.1427
20171228,1.2656,-1.8736,3.1392
20171229,1.258,-1.8714,3.1294
20180102,1.3498,-1.811,3.1608
20180103,1.2874,-1.8721,3.1595
20180104,1.3084,-1.8656,3.174
20180105,1.3109,-1.8495,3.1604
20180108,1.2968,-1.8568,3.1536
20180109,1.349,-1.8301,3.1791
20180110,1.3618,-1.8299,3.1917
20180111,1.3865,-1.8057,3.1922
20180112,1.4083,-1.7762,3.1845
20180115,1.3918,-1.7841,3.1759
20180116,1.3766,-1.8396,3.2162
20180117,1.3705,-1.8422,3.2127
20180118,1.4056,-1.8095,3.2151
20180119,1.4089,-1.8181,3.227
20180122,1.4246,-1.8006,3.2252
20180123,1.4254,-1.7939,3.2193
20180124,1.4791,-1.7259,3.205
20180125,1.4788,-1.7023,3.1811
20180126,1.5031,-1.694,3.1971
20180129,1.5222,-1.6913,3.2135
20180130,1.5242,-1.6943,3.2185
20180131,1.5477,-1.6644,3.2121
20180201,1.5795,-1.6226,3.2021
20180202,1.6246,-1.5954,3.22
20180205,1.6192,-1.6099,3.2291
20180206,1.5723,-1.6595,3.2318
20180207,1.5972,-1.6545,3.2517
20180208,1.6782,-1.5427,3.2209
20180209,1.6487,-1.5427,3.1914
20180212,1.6513,-1.5434,3.1947
20180213,1.6726,-1.549,3.2216
20180214,1.6852,-1.5362,3.2214
20180215,1.7105,-1.5349,3.2454
20180216,1.6442,-1.5906,3.2348
20180219,1.6607,-1.5832,3.2439
20180220,1.6306,-1.6122,3.2428
20180221,1.6131,-1.6052,3.2183
20180222,1.6075,-1.5928,3.2003
20180223,1.589,-1.5942,3.1832
20180226,1.5746,-1.5973,3.1719
20180227,1.6196,-1.5605,3.1801
20180228,1.5738,-1.5975,3.1713
20180301,1.535,-1.6238,3.1588
20180302,1.5275,-1.6407,3.1682
20180305,1.56,-1.6181,3.1781
20180306,1.5895,-1.59,3.1795
20180307,1.5672,-1.5992,3.1664
20180308,1.5469,-1.6113,3.1582
20180309,1.5714,-1.5935,3.1649
20180312,1.5721,-1.5917,3.1638
20180313,1.5538,-1.5905,3.1443
20180314,1.4956,-1.6406,3.1362
20180315,1.5021,-1.6273,3.1294
20180316,1.5029,-1.6185,3.1214
20180319,1.5081,-1.5928,3.1009
20180320,1.5521,-1.5994,3.1515
20180321,1.5971,-1.5691,3.1662
20180322,1.4822,-1.666,3.1482
20180323,1.5131,-1.6505,3.1636
20180326,1.5139,-1.6444,3.1583
20180327,1.484,-1.6646,3.1486
20180328,1.4361,-1.707,3.1431
20180329,1.424,-1.7392,3.1632
20180403,1.4325,-1.7245,3.157
20180404,1.4439,-1.7118,3.1557
20180405,1.4911,-1.6796,3.1707
20180406,1.4728,-1.6809,3.1537
20180409,1.4832,-1.6706,3.1538
20180410,1.496,-1.664,3.16
20180411,1.4621,-1.6865,3.1486
20180412,1.5199,-1.627,3.1469
20180413,1.5114,-1.6122,3.1236
20180416,1.5408,-1.5782,3.119
20180417,1.5242,-1.5895,3.1137
20180418,1.5015,-1.6291,3.1306
20180419,1.5916,-1.558,3.1496
20180420,1.5762,-1.5777,3.1539
20180423,1.6058,-1.5503,3.1561
20180424,1.6237,-1.5408,3.1645
20180425,1.622,-1.5532,3.1752
20180426,1.5865,-1.5759,3.1624
20180427,1.5349,-1.6129,3.1478
20180430,1.5084,-1.6459,3.1543
20180501,1.492,-1.6704,3.1624
20180502,1.5436,-1.6334,3.177
20180503,1.4826,-1.6841,3.1667
20180504,1.4874,-1.6825,3.1699
20180508,1.5312,-1.6431,3.1743
20180509,1.5577,-1.6103,3.168
20180510,1.5165,-1.66,3.1765
20180511,1.5403,-1.6364,3.1767
20180514,1.5737,-1.6031,3.1768
20180515,1.6068,-1.5728,3.1796
20180516,1.596,-1.5761,3.1721
20180517,1.6526,-1.5383,3.1909
20180518,1.5961,-1.5786,3.1747
20180521,1.5859,-1.5829,3.1688
20180522,1.618,-1.5688,3.1868
20180523,1.5316,-1.6454,3.177
20180524,1.4967,-1.6526,3.1493
20180525,1.436,-1.6924,3.1284
20180529,1.3393,-1.763,3.1023
20180530,1.3355,-1.78,3.1155
20180531,1.3335,-1.8066,3.1401
20180601,1.39,-1.7625,3.1525
20180604,1.4092,-1.7625,3.1717
20180605,1.4001,-1.7602,3.1603
20180606,1.4964,-1.6773,3.1737
20180607,1.5223,-1.6424,3.1647
20180608,1.5074,-1.6645,3.1719
20180611,1.5215,-1.6601,3.1816
20180612,1.5038,-1.6878,3.1916
20180613,1.4696,-1.74,3.2096
20180614,1.4362,-1.7644,3.2006
20180615,1.4268,-1.7598,3.1866
20180618,1.4359,-1.7483,3.1842
20180619,1.3958,-1.7687,3.1645
20180620,1.4075,-1.7488,3.1563
20180621,1.391,-1.7471,3.1381
20180622,1.4256,-1.7315,3.1571
20180625,1.4137,-1.7455,3.1592
20180626,1.4129,-1.734,3.1469
20180627,1.3648,-1.7745,3.1393
20180628,1.3712,-1.7553,3.1265
20180629,1.391,-1.7531,3.1441
20180702,1.3701,-1.7831,3.1532
20180703,1.3575,-1.788,3.1455
20180704,1.3905,-1.7487,3.1392
20180705,1.3683,-1.7584,3.1267
20180706,1.3736,-1.7497,3.1233
20180709,1.3878,-1.741,3.1288
20180710,1.4114,-1.7146,3.126
20180711,1.4117,-1.7226,3.1343
20180712,1.3904,-1.7323,3.1227
20180713,1.3867,-1.7417,3.1284
20180716,1.4079,-1.7266,3.1345
20180717,1.3739,-1.7406,3.1145
20180718,1.3405,-1.774,3.1145
20180719,1.298,-1.8087,3.1067
20180720,1.345,-1.7737,3.1187
20180723,1.3777,-1.755,3.1327
20180724,1.3762,-1.754,3.1302
20180725,1.3775,-1.7547,3.1322
20180726,1.3917,-1.7491,3.1408
20180727,1.3951,-1.7529,3.148
20180730,1.4642,-1.6939,3.1581
20180731,1.4422,-1.7229,3.1651
20180801,1.4984,-1.6742,3.1726
20180802,1.4897,-1.6771,3.1668
20180803,1.4376,-1.7248,3.1624
20180806,1.4124,-1.744,3.1564
20180807,1.4445,-1.7407,3.1852
20180808,1.4328,-1.7517,3.1845
20180809,1.4178,-1.7604,3.1782
20180810,1.365,-1.8066,3.1716
20180813,1.3832,-1.7957,3.1789
20180814,1.3834,-1.8018,3.1852
20180815,1.3394,-1.8415,3.1809
20180816,1.3508,-1.8384,3.1892
20180817,1.3497,-1.8308,3.1805
20180820,1.3357,-1.8353,3.171
20180821,1.3867,-1.7927,3.1794
20180822,1.3935,-1.7812,3.1747
20180823,1.3959,-1.775,3.1709
20180824,1.3958,-1.7704,3.1662
20180828,1.4269,-1.7519,3.1788
20180829,1.471,-1.6922,3.1632
20180830,1.4349,-1.7131,3.148
20180831,1.4116,-1.728,3.1396
20180903,1.3869,-1.7741,3.161
20180904,1.4063,-1.7752,3.1815
20180905,1.4509,-1.7151,3.166
20180906,1.3998,-1.7512,3.151
20180907,1.4388,-1.7033,3.1421
20180910,1.4531,-1.6714,3.1245
20180911,1.4834,-1.6627,3.1461
20180912,1.4681,-1.6705,3.1386
20180913,1.4863,-1.6627,3.149
20180914,1.5074,-1.6415,3.1489
20180917,1.5161,-1.6302,3.1463
20180918,1.5467,-1.6008,3.1475
20180919,1.5955,-1.602,3.1975
20180920,1.5769,-1.6366,3.2135
20180921,1.5409,-1.6984,3.2393
20180924,1.5954,-1.6821,3.2775
20180925,1.6189,-1.6862,3.3051
20180926,1.5859,-1.6951,3.281
20180927,1.5843,-1.6824,3.2667
20180928,1.568,-1.705,3.273
20181001,1.5707,-1.7274,3.2981
20181002,1.5307,-1.7631,3.2938
20181003,1.5551,-1.7441,3.2992
20181004,1.653,-1.6679,3.3209
20181005,1.7021,-1.5906,3.2927
20181008,1.6748,-1.6475,3.3223
20181009,1.6778,-1.6497,3.3275
20181010,1.716,-1.6101,3.3261
20181011,1.674,-1.6186,3.2926
20181012,1.6327,-1.6516,3.2843
20181015,1.6029,-1.6909,3.2938
20181016,1.6108,-1.6851,3.2959
20181017,1.5619,-1.7249,3.2868
20181018,1.5544,-1.7161,3.2705
20181019,1.5564,-1.7035,3.2599
20181022,1.5142,-1.7375,3.2517
20181023,1.4749,-1.7536,3.2285
20181024,1.4433,-1.7853,3.2286
20181025,1.4286,-1.8109,3.2395
20181026,1.3595,-1.8692,3.2287
20181029,1.3875,-1.8552,3.2427
20181030,1.3932,-1.8735,3.2667
20181031,1.4322,-1.8288,3.261
20181101,1.4488,-1.774,3.2228
20181102,1.4887,-1.7342,3.2229
20181105,1.4947,-1.7379,3.2326
20181106,1.5312,-1.7226,3.2538
20181107,1.5303,-1.7236,3.2539
20181108,1.5635,-1.6987,3.2622
20181109,1.5002,-1.7592,3.2594
20181112,1.4433,-1.851,3.2943
20181113,1.5125,-1.7671,3.2796
20181114,1.5092,-1.8071,3.3163
20181115,1.3785,-1.9941,3.3726
20181116,1.4229,-1.9638,3.3867
20181119,1.3859,-1.982,3.3679
20181120,1.3967,-1.9517,3.3484
20181121,1.3963,-1.9382,3.3345
20181122,1.4234,-1.882,3.3054
20181123,1.3835,-1.9008,3.2843
20181126,1.417,-1.8571,3.2741
20181127,1.3963,-1.8742,3.2705
20181128,1.3924,-1.878,3.2704
20181129,1.3567,-1.9259,3.2826
20181130,1.3685,-1.953,3.3215
20181203,1.3306,-2.029,3.3596
20181204,1.2959,-2.0888,3.3847
20181205,1.3223,-2.0417,3.364
20181206,1.2351,-2.1046,3.3397
20181207,1.2714,-2.0908,3.3622
20181210,1.1653,-2.2238,3.3891
20181211,1.1971,-2.1906,3.3877
20181212,1.2797,-2.1643,3.444
20181213,1.2837,-2.1301,3.4138
20181214,1.2472,-2.1741,3.4213
20181217,1.278,-2.1336,3.4116
20181218,1.3028,-2.095,3.3978
20181219,1.2958,-2.0899,3.3857
20181220,1.285,-2.0502,3.3352
20181221,1.3348,-2.0102,3.345
20181224,1.2783,-2.0607,3.339
20181227,1.3273,-2.0111,3.3384
20181228,1.2898,-2.0404,3.3302
20181231,1.3052,-1.989,3.2942
20190102,1.2413,-2.0369,3.2782
20190103,1.207,-2.0966,3.3036
20190104,1.292,-2.0606,3.3526
20190107,1.2645,-2.0798,3.3443
20190108,1.2869,-2.0539,3.3408
20190109,1.2649,-2.0785,3.3434
20190110,1.2952,-2.0784,3.3736
20190111,1.317,-2.0643,3.3813
20190114,1.3171,-2.0457,3.3628
20190115,1.2829,-2.0839,3.3668
20190116,1.3352,-2.0128,3.348
20190117,1.3608,-1.881,3.2418
20190118,1.378,-1.8908,3.2688
20190121,1.3489,-1.9276,3.2765
20190122,1.3491,-1.9041,3.2532
20190123,1.349,-1.9024,3.2514
20190124,1.2905,-1.9405,3.231
20190125,1.3319,-1.891,3.2229
20190128,1.2975,-1.9335,3.231
20190129,1.294,-1.9557,3.2497
20190130,1.2874,-1.9747,3.2621
20190131,1.2543,-1.9902,3.2445
20190201,1.2744,-1.9961,3.2705
20190204,1.3059,-1.9957,3.3016
20190205,1.2559,-2.0188,3.2747
20190206,1.2447,-2.0311,3.2758
20190207,1.2027,-2.0754,3.2781
20190208,1.1729,-2.0813,3.2542
20190211,1.197,-2.0829,3.2799
20190212,1.2118,-2.0443,3.2561
20190213,1.2137,-2.0439,3.2576
20190214,1.173,-2.0923,3.2653
20190215,1.1992,-2.0732,3.2724
20190218,1.2008,-2.0677,3.2685
20190219,1.2094,-2.0559,3.2653
20190220,1.2153,-2.0566,3.2719
20190221,1.2423,-2.0331,3.2754
20190222,1.1906,-2.0728,3.2634
20190225,1.2075,-2.042,3.2495
20190226,1.2372,-1.9759,3.2131
20190227,1.3151,-1.8923,3.2074
20190228,1.333,-1.8886,3.2216
20190301,1.3303,-1.9169,3.2472
20190304,1.3102,-1.9516,3.2618
20190305,1.3177,-1.953,3.2707
20190306,1.2559,-2.0484,3.3043
20190307,1.1859,-2.1271,3.313
20190308,1.219,-2.0971,3.3161
20190311,1.199,-2.117,3.316
20190312,1.2046,-2.1276,3.3322
20190313,1.237,-2.093,3.33
20190314,1.2603,-2.0984,3.3587
20190315,1.2426,-2.073,3.3156
20190318,1.2187,-2.093,3.3117
20190319,1.2225,-2.082,3.3045
20190320,1.1726,-2.1802,3.3528
20190321,1.0822,-2.3456,3.4278
20190322,1.0342,-2.3939,3.4281
20190325,1.0163,-2.4085,3.4248
20190326,1.0397,-2.3486,3.3883
20190327,1.0338,-2.324,3.3578
20190328,1.0382,-2.3118,3.35
20190329,1.0361,-2.326,3.3621
20190401,1.0774,-2.2947,3.3721
20190402,1.0364,-2.3591,3.3955
20190403,1.1088,-2.2838,3.3926
20190404,1.1195,-2.3052,3.4247
20190405,1.1195,-2.3052,3.4247
20190408,1.1195,-2.3052,3.4247
20190409,1.1195,-2.3052,3.4247
20190410,1.2559,-2.0484,3.3043
20190411,1.1803,-2.1996,3.3799
20190412,1.249,-2.1267,3.3757
20190415,1.2518,-2.1226,3.3744
20190416,1.251,-2.1095,3.3605
20190417,1.2724,-2.1018,3.3742
20190418,1.0364,-2.3591,3.3955
20190423,1.2602,-2.1015,3.3617
20190424,1.2074,-2.1525,3.3599
20190425,1.1916,-2.1529,3.3445
20190426,1.1809,-2.1415,3.3224
20190429,1.1875,-2.163,3.3505
20190430,1.2169,-2.1565,3.3734
20190501,1.1881,-2.185,3.3731
20190502,1.2213,-2.1661,3.3874
20190503,1.253,-2.0989,3.3519
20190507,1.1983,-2.1607,3.359
20190508,1.1689,-2.2154,3.3843
20190509,1.1567,-2.2014,3.3581
20190510,1.1654,-2.2061,3.3715
20190513,1.1401,-2.2131,3.3532
20190514,1.1337,-2.2274,3.3611
20190515,1.108,-2.2516,3.3596
20190516,1.1081,-2.2601,3.3682
20190517,1.0814,-2.2821,3.3635
20190520,1.1018,-2.2767,3.3785
20190521,1.1285,-2.2543,3.3828
20190522,1.0682,-2.3189,3.3871
20190523,1.0021,-2.3531,3.3552
20190524,1.0364,-2.3591,3.3955
20190528,0.9682,-2.4081,3.3763
20190529,0.947,-2.4593,3.4063
20190530,0.9392,-2.4829,3.4221
20190531,0.9332,-2.4573,3.3905
20190603,0.9066,-2.4891,3.3957
20190604,0.9372,-2.4676,3.4048
20190605,0.9063,-2.5019,3.4082
20190606,0.8717,-2.5597,3.4314
20190607,0.8505,-2.5765,3.427
20190610,0.8738,-2.5853,3.4591
20190611,0.8853,-2.5888,3.4741
20190612,0.9106,-2.5115,3.4221
20190613,0.8772,-2.538,3.4152
20190614,1.0364,-2.3591,3.3955
20190617,1.0364,-2.3591,3.3955
20190618,1.0364,-2.3591,3.3955
20190619,0.9034,-2.5104,3.4138
20190620,1.0364,-2.3591,3.3955
20190621,0.8925,-2.4822,3.3747
20190624,0.8555,-2.513,3.3685
20190625,0.8398,-2.5217,3.3615
20190626,0.8665,-2.4945,3.361
20190627,0.8771,-2.4699,3.347
20190628,0.8914,-2.422,3.3134
20190701,0.8507,-2.4675,3.3182
20190702,0.779,-2.5324,3.3114
20190703,0.7372,-2.5635,3.3007
20190704,0.7244,-2.5568,3.2812
20190705,0.7939,-2.5052,3.2991
20190708,0.7522,-2.5351,3.2873
20190709,0.7662,-2.5264,3.2926
20190710,0.8006,-2.4779,3.2785
20190711,0.8841,-2.4085,3.2926
20190712,0.8785,-2.4155,3.294
20190715,0.8395,-2.447,3.2865
20190716,0.864,-2.4549,3.3189
20190717,0.8086,-2.5685,3.3771
20190718,0.8076,-2.5536,3.3612
20190719,0.7833,-2.5702,3.3535
20190722,0.7582,-2.603,3.3612
20190723,0.7367,-2.6307,3.3674
20190724,0.7292,-2.6281,3.3573
20190725,0.7649,-2.5679,3.3328
20190726,0.744,-2.6072,3.3512
20190729,0.7117,-2.6663,3.378
20190730,0.701,-2.7002,3.4012
20190731,0.6791,-2.7514,3.4305
20190801,0.6422,-2.7802,3.4224
20190802,0.6158,-2.777,3.3928
20190805,0.5588,-2.8299,3.3887
20190806,0.5681,-2.813,3.3811
20190807,0.5241,-2.8067,3.3308
20190808,0.5771,-2.7631,3.3402
20190809,0.54,-2.781,3.321
20190812,0.538,-2.7944,3.3324
20190813,0.5332,-2.8046,3.3378
20190814,0.4826,-2.8869,3.3695
20190815,0.4377,-2.9487,3.3864
20190816,0.4992,-2.9258,3.425
20190819,0.5215,-2.9299,3.4514
20190820,0.4908,-2.9372,3.428
20190821,0.4913,-2.9565,3.4478
20190822,0.5556,-2.8886,3.4442
20190823,0.5433,-2.8661,3.4094
20190827,0.4703,-2.9295,3.3998
20190828,0.4073,-3.0017,3.409
20190829,0.401,-3.0121,3.4131
20190830,0.4426,-2.947,3.3896
20190902,0.3923,-2.9901,3.3824
20190903,0.3604,-3.0472,3.4076
20190904,0.4698,-2.9066,3.3764
20190905,0.5722,-2.8155,3.3877
20190906,0.4684,-2.9223,3.3907
20190909,0.5685,-2.8521,3.4206
20190910,0.5968,-2.8304,3.4272
20190911,0.6037,-2.8258,3.4295
20190912,0.6012,-2.8069,3.4081
20190913,0.7237,-2.668,3.3917
20190916,0.6497,-2.7742,3.4239
20190917,0.6504,-2.7421,3.3925
20190918,0.6067,-2.8078,3.4145
20190919,0.5947,-2.8303,3.425
20190920,0.5911,-2.8169,3.408
20190923,0.4975,-2.9313,3.4288
20190924,0.4931,-2.9282,3.4213
20190925,0.4891,-2.9402,3.4293
20190926,0.4897,-2.9463,3.436
20190927,0.4735,-2.9755,3.449
20190930,0.4567,-2.982,3.4387
20191001,0.4357,-3.0061,3.4418
20191002,0.4622,-2.9812,3.4434
20191003,0.4508,-2.9798,3.4306
20191004,0.405,-3.0185,3.4235
20191007,0.4187,-2.9861,3.4048
20191008,0.3807,-3.0117,3.3924
20191009,0.4287,-2.9526,3.3813
20191010,0.5199,-2.8591,3.379
20191011,0.6794,-2.632,3.3114
20191014,0.6111,-2.6818,3.2929
20191015,0.6748,-2.5598,3.2346
20191016,0.6625,-2.6016,3.2641
20191017,0.6685,-2.5599,3.2284
20191018,0.6843,-2.5266,3.2109
20191021,0.7241,-2.4271,3.1512
20191022,0.6767,-2.4696,3.1463
20191023,0.6517,-2.5156,3.1673
20191024,0.6002,-2.5568,3.157
20191025,0.6373,-2.5415,3.1788
20191028,0.6938,-2.452,3.1458
20191029,0.6885,-2.3955,3.084
20191030,0.6548,-2.4372,3.092
20191031,0.5984,-2.5334,3.1318
20191101,0.6417,-2.5005,3.1422
20191104,0.6881,-2.4856,3.1737
20191105,0.7357,-2.456,3.1917
20191106,0.7104,-2.4599,3.1703
20191107,0.748,-2.4354,3.1834
20191108,0.7736,-2.4199,3.1935
20191111,0.7844,-2.4047,3.1891
20191112,0.7934,-2.3906,3.184
20191113,0.7377,-2.4368,3.1745
20191114,0.6987,-2.4664,3.1651
20191115,0.7086,-2.432,3.1406
20191118,0.726,-2.4106,3.1366
20191119,0.7208,-2.4084,3.1292
20191120,0.7154,-2.4258,3.1412
20191121,0.743,-2.4159,3.1589
20191122,0.6945,-2.4694,3.1639
20191125,0.6839,-2.4682,3.1521
20191126,0.6293,-2.4993,3.1286
20191127,0.6658,-2.4604,3.1262
20191128,0.6616,-2.4466,3.1082
20191129,0.6848,-2.47,3.1548
20191202,0.7326,-2.471,3.2036
20191203,0.674,-2.4956,3.1696
20191204,0.7274,-2.433,3.1604
20191205,0.769,-2.3876,3.1566
20191206,0.7598,-2.4116,3.1714
20191209,0.7601,-2.4412,3.2013
20191210,0.7858,-2.4424,3.2282
20191211,0.7729,-2.4885,3.2614
20191212,0.8229,-2.4706,3.2935
20191213,0.8016,-2.3539,3.1555
20191216,0.8251,-2.2953,3.1204
20191217,0.7676,-2.4298,3.1974
20191218,0.7857,-2.4908,3.2765
20191219,0.8153,-2.4346,3.2499
20191220,0.7848,-2.4385,3.2233
20191223,0.7807,-2.4571,3.2378
20191224,0.7695,-2.4769,3.2464
20191227,0.7592,-2.4634,3.2226
20191230,0.8684,-2.3644,3.2328
20191231,0.8214,-2.3928,3.2142
20200102,0.7916,-2.4368,3.2284
20200103,0.7443,-2.4961,3.2404
20200106,0.7677,-2.486,3.2537
20200107,0.7913,-2.4559,3.2472
20200108,0.8012,-2.4445,3.2457
20200109,0.8299,-2.4093,3.2392
20200110,0.7872,-2.4438,3.231
20200113,0.7654,-2.4749,3.2403
20200114,0.7311,-2.5171,3.2482
20200115,0.6598,-2.582,3.2418
20200116,0.6515,-2.6003,3.2518
20200117,0.6473,-2.6063,3.2536
20200120,0.6606,-2.5996,3.2602
20200121,0.6374,-2.6205,3.2579
20200122,0.6416,-2.6093,3.2509
20200123,0.5942,-2.6513,3.2455
20200124,0.5749,-2.6643,3.2392
20200127,0.5128,-2.7043,3.2171
20200128,0.5528,-2.6396,3.1924
20200129,0.5328,-2.6488,3.1816
20200130,0.5493,-2.6149,3.1642
20200131,0.5295,-2.5923,3.1218
20200203,0.5402,-2.6054,3.1456
20200204,0.5669,-2.5806,3.1475
20200205,0.6097,-2.5483,3.158
20200206,0.6019,-2.5622,3.1641
20200207,0.5798,-2.5851,3.1649
20200210,0.5657,-2.5874,3.1531
20200211,0.5766,-2.5629,3.1395
20200212,0.6246,-2.5262,3.1508
20200213,0.6505,-2.5184,3.1689
20200214,0.6311,-2.5366,3.1677
20200217,0.6524,-2.5285,3.1809
20200218,0.6269,-2.5375,3.1644
20200219,0.6161,-2.5451,3.1612
20200220,0.5911,-2.5808,3.1719
20200221,0.5676,-2.5843,3.1519
20200224,0.5357,-2.609,3.1447
20200225,0.5043,-2.6534,3.1577
20200226,0.504,-2.6573,3.1613
20200227,0.4616,-2.6827,3.1443
20200228,0.4331,-2.6335,3.0666
20200302,0.4079,-2.6722,3.0801
20200303,0.3922,-2.699,3.0912
20200304,0.3695,-2.7189,3.0884
20200305,0.3318,-2.7292,3.061
20200306,0.2038,-2.7924,2.9962
20200309,0.1607,-2.6957,2.8564
20200310,0.2189,-2.678,2.8969
20200311,0.2867,-2.6723,2.959
20200312,0.2827,-2.6548,2.9375
20200313,0.4009,-2.548,2.9489
20200316,0.4788,-2.4018,2.8806
20200317,0.5499,-2.2759,2.8258
20200318,0.8101,-1.9789,2.789
20200319,0.8325,-1.9422,2.7747
20200320,0.5273,-2.2562,2.7835
20200323,0.3931,-2.4637,2.8568
20200324,0.4432,-2.4552,2.8984
20200325,0.4298,-2.5028,2.9326
20200326,0.3654,-2.601,2.9664
20200327,0.3415,-2.6717,3.0132
20200330,0.3111,-2.6902,3.0013
20200331,0.3616,-2.6146,2.9762
20200401,0.315,-2.6556,2.9706
20200402,0.3376,-2.6912,3.0288
20200403,0.3247,-2.6918,3.0165
20200406,0.3389,-2.6825,3.0214
20200407,0.3968,-2.6299,3.0267
20200408,0.383,-2.6318,3.0148
20200409,0.3122,-2.6907,3.0029
20200414,0.3275,-2.6752,3.0027
20200415,0.2926,-2.686,2.9786
20200416,0.2919,-2.6471,2.939
20200417,0.2916,-2.6019,2.8935
20200420,0.3284,-2.5369,2.8653
20200421,0.2907,-2.5136,2.8043
20200422,0.3157,-2.5464,2.8621
20200423,0.2977,-2.5668,2.8645
20200424,0.2961,-2.55,2.8461
20200427,0.3197,-2.5047,2.8244
20200428,0.3023,-2.547,2.8493
20200429,0.3026,-2.5703,2.8729
20200430,0.2439,-2.611,2.8549
20200501,0.2711,-2.591,2.8621
20200504,0.2367,-2.6307,2.8674
20200505,0.2098,-2.6787,2.8885
20200506,0.2426,-2.6782,2.9208
20200507,0.2482,-2.6934,2.9416
20200511,0.2753,-2.672,2.9473
20200512,0.2629,-2.6663,2.9292
20200513,0.2374,-2.6924,2.9298
20200514,0.2329,-2.7033,2.9362
20200515,0.2453,-2.7191,2.9644
20200518,0.2723,-2.7248,2.9971
20200519,0.265,-2.7488,3.0138
20200520,0.2547,-2.8032,3.0579
20200521,0.186,-2.8843,3.0703
20200522,0.181,-2.8641,3.0451
20200526,0.2212,-2.8427,3.0639
20200527,0.1892,-2.8893,3.0785
20200528,0.2045,-2.8894,3.0939
20200529,0.1845,-2.9205,3.105
20200601,0.2346,-2.8941,3.1287
20200602,0.2294,-2.8971,3.1265
20200603,0.2946,-2.8455,3.1401
20200604,0.3202,-2.7865,3.1067
20200605,0.3668,-2.7765,3.1433
20200608,0.3471,-2.7826,3.1297
20200609,0.332,-2.8048,3.1368
20200610,0.2741,-2.8269,3.101
20200611,0.2003,-2.8613,3.0616
20200612,0.2169,-2.823,3.0399
20200615,0.2179,-2.8153,3.0332
20200616,0.2091,-2.8361,3.0452
20200617,0.1975,-2.8835,3.081
20200618,0.2429,-2.8137,3.0566
20200619,0.2555,-2.8217,3.0772
20200622,0.2143,-2.8862,3.1005
20200623,0.2366,-2.8876,3.1242
20200624,0.215,-2.8821,3.0971
20200625,0.1827,-2.8806,3.0633
20200626,0.1934,-2.8765,3.0699
20200629,0.1779,-2.9188,3.0967
20200630,0.1917,-2.9309,3.1226
20200701,0.237,-2.9168,3.1538
20200702,0.2083,-2.9731,3.1814
20200703,0.2073,-2.9876,3.1949
20200706,0.221,-2.9889,3.2099
20200707,0.2041,-2.9729,3.177
20200708,0.2002,-2.9597,3.1599
20200709,0.1776,-2.9322,3.1098
20200710,0.1705,-2.9085,3.079
20200713,0.2114,-2.9075,3.1189
20200714,0.1707,-2.964,3.1347
20200715,0.1943,-2.9465,3.1408
20200716,0.1588,-2.9537,3.1125
20200717,0.1849,-2.9171,3.102
20200720,0.1734,-2.9336,3.107
20200721,0.1651,-2.9598,3.1249
20200722,0.1455,-2.9834,3.1289
20200723,0.1495,-2.9805,3.13
20200724,0.1767,-2.9787,3.1554
20200727,0.1417,-3.0267,3.1684
20200728,0.1382,-3.0475,3.1857
20200729,0.1502,-3.0635,3.2137
20200730,0.1171,-3.0844,3.2015
20200731,0.1252,-3.0632,3.1884
20200803,0.1317,-3.0629,3.1946
20200804,0.1114,-3.0762,3.1876
20200805,0.165,-3.0231,3.1881
20200806,0.1389,-3.0238,3.1627
20200807,0.1804,-3.0101,3.1905
20200810,0.1702,-3.0603,3.2305
20200811,0.2421,-2.9953,3.2374
20200812,0.2761,-2.9512,3.2273
20200813,0.2852,-2.9299,3.2151
20200814,0.2862,-2.8917,3.1779
20200817,0.2591,-2.9237,3.1828
20200818,0.2583,-2.9052,3.1635
20200819,0.2721,-2.9041,3.1762
20200820,0.2679,-2.9183,3.1862
20200821,0.2542,-2.9616,3.2158
20200824,0.2497,-3.0018,3.2515
20200825,0.3124,-2.9798,3.2922
20200826,0.3499,-2.9537,3.3036
20200827,0.3839,-2.9262,3.3101
20200828,0.3533,-2.9858,3.3391
20200901,0.3495,-3.0026,3.3521
20200902,0.2791,-3.0018,3.2809
20200903,0.2682,-3.0057,3.2739
20200904,0.2928,-2.9741,3.2669
20200907,0.291,-3.0129,3.3039
20200908,0.2172,-3.1595,3.3767
20200909,0.2803,-3.1301,3.4104
20200910,0.2819,-3.1008,3.3827
20200911,0.2234,-3.1571,3.3805
20200914,0.2384,-3.1177,3.3561
20200915,0.2554,-3.0776,3.333
20200916,0.2564,-3.0748,3.3312
20200917,0.219,-3.1333,3.3523
20200918,0.2185,-3.1302,3.3487
20200921,0.195,-3.1211,3.3161
20200922,0.2368,-3.0752,3.312
20200923,0.2651,-3.0337,3.2988
20200924,0.2468,-3.0075,3.2543
20200925,0.2205,-3.0488,3.2693
20200928,0.2376,-3.0203,3.2579
20200929,0.216,-3.0425,3.2585
20200930,0.2562,-3.0126,3.2688
20201001,0.2667,-3.034,3.3007
20201002,0.2877,-2.9863,3.274
20201005,0.3187,-2.9738,3.2925
20201006,0.3241,-2.9479,3.272
20201007,0.3405,-2.9331,3.2736
20201008,0.3282,-2.9535,3.2817
20201009,0.3109,-2.9757,3.2866
20201012,0.3137,-2.9682,3.2819
20201013,0.2737,-3.0179,3.2916
20201014,0.2617,-3.0417,3.3034
20201015,0.2149,-3.0804,3.2953
20201016,0.2174,-3.0948,3.3122
20201019,0.2121,-3.0958,3.3079
20201020,0.2319,-3.0994,3.3313
20201021,0.2777,-3.0304,3.3081
20201022,0.3261,-2.9956,3.3217
20201023,0.3274,-3.0061,3.3335
20201026,0.3235,-2.9975,3.321
20201027,0.2737,-3.032,3.3057
20201028,0.2531,-3.0412,3.2943
20201029,0.2566,-3.058,3.3146
20201030,0.2976,-3.0339,3.3315
20201102,0.2634,-3.0562,3.3196
20201103,0.3144,-3.0267,3.3411
20201104,0.2479,-3.0725,3.3204
20201105,0.2781,-3.0327,3.3108
20201106,0.3204,-2.9776,3.298
20201109,0.4241,-2.9043,3.3284
20201110,0.4447,-2.8295,3.2742
20201111,0.459,-2.7865,3.2455
20201112,0.3987,-2.8347,3.2334
20201113,0.3802,-2.8269,3.2071
20201116,0.3916,-2.8238,3.2154
20201117,0.3712,-2.8454,3.2166
20201118,0.3798,-2.8495,3.2293
20201119,0.3712,-2.842,3.2132
20201120,0.3471,-2.8835,3.2306
20201123,0.3684,-2.8327,3.2011
20201124,0.3708,-2.8047,3.1755
20201125,0.3562,-2.9053,3.2615
20201126,0.3232,-2.928,3.2512
20201127,0.3403,-2.9186,3.2589
20201130,0.3555,-2.925,3.2805
20201201,0.4066,-2.9054,3.312
20201202,0.3999,-2.9099,3.3098
20201203,0.3758,-2.9255,3.3013
20201204,0.3944,-2.949,3.3434
20201207,0.3221,-3.0576,3.3797
20201208,0.2969,-3.1043,3.4012
20201209,0.2974,-3.0768,3.3742
20201210,0.2456,-3.152,3.3976
20201211,0.2077,-3.1761,3.3838
20201214,0.2646,-3.0849,3.3495
20201215,0.3023,-3.0276,3.3299
20201216,0.3201,-3.0119,3.332
20201217,0.3121,-2.9875,3.2996
20201218,0.2815,-3.0192,3.3007
20201221,0.2404,-3.0648,3.3052
20201222,0.2233,-3.0458,3.2691
20201223,0.346,-2.8948,3.2408
20201224,0.2952,-2.9287,3.2239
20201229,0.2523,-2.9478,3.2001
20201230,0.2552,-2.9472,3.2024
20201231,0.2308,-2.9818,3.2126
20210104,0.229,-2.9807,3.2097
20210105,0.2543,-2.9331,3.1874
20210106,0.2849,-2.9083,3.1932
20210107,0.3395,-2.8624,3.2019
20210108,0.3371,-2.8801,3.2172
20210111,0.354,-2.8606,3.2146
20210112,0.3987,-2.8337,3.2324
20210113,0.3544,-2.8786,3.233
20210114,0.3347,-2.9023,3.237
20210115,0.3387,-2.895,3.2337
20210118,0.344,-2.9021,3.2461
20210119,0.3331,-2.9168,3.2499
20210120,0.3468,-2.871,3.2178
20210121,0.3769,-2.8426,3.2195
20210122,0.3624,-2.8564,3.2188
20210125,0.3108,-2.9176,3.2284
20210126,0.3195,-2.9224,3.2419
20210127,0.3155,-2.946,3.2615
20210128,0.3276,-2.9602,3.2878
20210129,0.372,-2.9332,3.3052
20210201,0.3694,-2.9485,3.3179
20210202,0.3986,-2.9269,3.3255
20210203,0.4173,-2.9249,3.3422
20210204,0.4871,-2.8554,3.3425
20210205,0.5417,-2.8044,3.3461
20210208,0.5345,-2.8109,3.3454
20210209,0.5139,-2.818,3.3319
20210210,0.5353,-2.8053,3.3406
20210211,0.5197,-2.8118,3.3315
20210212,0.5738,-2.7746,3.3484
20210215,0.6274,-2.7541,3.3815
20210216,0.6786,-2.7037,3.3823
20210217,0.6335,-2.7312,3.3647
20210218,0.685,-2.6643,3.3493
20210219,0.7566,-2.6145,3.3711
20210222,0.7513,-2.5998,3.3511
20210223,0.7919,-2.5879,3.3798
20210224,0.8381,-2.5643,3.4024
20210225,0.8598,-2.6315,3.4913
20210226,0.8926,-2.5754,3.468
20210301,0.8372,-2.6134,3.4506
20210302,0.7774,-2.6362,3.4136
20210303,0.8465,-2.6058,3.4523
20210304,0.8064,-2.6553,3.4617
20210305,0.8444,-2.6297,3.4741
20210308,0.8272,-2.632,3.4592
20210309,0.8016,-2.6788,3.4804
20210310,0.7955,-2.693,3.4885
20210311,0.8245,-2.6754,3.4999
20210312,0.9087,-2.6123,3.521
20210315,0.8759,-2.675,3.5509
20210316,0.8698,-2.6789,3.5487
20210317,0.9178,-2.6492,3.567
20210318,0.9621,-2.604,3.5661
20210319,0.9272,-2.6275,3.5547
20210322,0.9057,-2.6363,3.542
20210323,0.8528,-2.6837,3.5365
20210324,0.8364,-2.7309,3.5673
20210325,0.8174,-2.7675,3.5849
20210326,0.8384,-2.7778,3.6162
20210329,0.8751,-2.7484,3.6235
20210330,0.9257,-2.6915,3.6172
20210331,0.9282,-2.7121,3.6403
20210401,0.8859,-2.7793,3.6652
20210406,0.8821,-2.7637,3.6458
20210407,0.8742,-2.7444,3.6186
20210408,0.8477,-2.7495,3.5972
20210409,0.8717,-2.6924,3.5641
20210412,0.8836,-2.6943,3.5779
20210413,0.8757,-2.7025,3.5782
20210414,0.8974,-2.6715,3.5689
20210415,0.8173,-2.7166,3.5339
20210416,0.8558,-2.6889,3.5447
20210419,0.8461,-2.6968,3.5429
20210420,0.8242,-2.6863,3.5105
20210421,0.8353,-2.6872,3.5225
20210422,0.82,-2.7004,3.5204
20210423,0.8386,-2.6869,3.5255
20210426,0.845,-2.6833,3.5283
20210427,0.8591,-2.6683,3.5274
20210428,0.8871,-2.6421,3.5292
20210429,0.9348,-2.6118,3.5466
20210430,0.931,-2.6376,3.5686
20210504,0.8843,-2.6809,3.5652
20210505,0.908,-2.6808,3.5888
20210506,0.8773,-2.7289,3.6062
20210507,0.8565,-2.7406,3.5971
20210510,0.8803,-2.718,3.5983
20210511,0.934,-2.6383,3.5723
20210512,0.9868,-2.605,3.5918
20210513,1.0004,-2.5848,3.5852
20210514,0.9662,-2.6247,3.5909
20210517,0.9677,-2.6365,3.6042
20210518,0.9624,-2.6448,3.6072
20210519,0.9418,-2.6788,3.6206
20210520,0.944,-2.6708,3.6148
20210521,0.9371,-2.722,3.6591
20210524,0.9118,-2.7253,3.6371
20210525,0.8893,-2.728,3.6173
20210526,0.8509,-2.7562,3.6071
20210527,0.9099,-2.6975,3.6074
20210528,0.8888,-2.7394,3.6282
20210601,0.93,-2.7192,3.6492
20210602,0.902,-2.7816,3.6836
20210603,0.9352,-2.7568,3.692
20210604,0.896,-2.7492,3.6452
20210607,0.9104,-2.7464,3.6568
20210608,0.8784,-2.7448,3.6232
20210609,0.8366,-2.7578,3.5944
20210610,0.8575,-2.7231,3.5806
20210611,0.8137,-2.7354,3.5491
20210614,0.8374,-2.7318,3.5692
20210615,0.8621,-2.7181,3.5802
20210616,0.848,-2.7102,3.5582
20210617,0.888,-2.6229,3.5109
20210618,0.8507,-2.6049,3.4556
20210621,0.8569,-2.6046,3.4615
20210622,0.8776,-2.5909,3.4685
20210623,0.8783,-2.6326,3.5109
20210624,0.8394,-2.6604,3.4998
20210625,0.8728,-2.6328,3.5056
20210628,0.8296,-2.6703,3.4999
20210629,0.8316,-2.6605,3.4921
20210630,0.8202,-2.6663,3.4865
20210701,0.8274,-2.6601,3.4875
20210702,0.805,-2.6793,3.4843
20210705,0.8145,-2.6743,3.4888
20210706,0.7263,-2.7591,3.4854
20210707,0.6896,-2.7785,3.4681
20210708,0.689,-2.763,3.452
20210709,0.7555,-2.6911,3.4466
20210712,0.7375,-2.7027,3.4402
20210713,0.7115,-2.7471,3.4586
20210714,0.7173,-2.8096,3.5269
20210715,0.757,-2.7519,3.5089
20210716,0.7141,-2.7989,3.513
20210719,0.6317,-2.8586,3.4903
20210720,0.6321,-2.8649,3.497
20210721,0.6849,-2.8316,3.5165
20210722,0.6521,-2.8902,3.5423
20210723,0.6693,-2.9079,3.5772
20210726,0.6549,-2.9507,3.6056
20210727,0.647,-2.9261,3.5731
20210728,0.6543,-2.9312,3.5855
20210729,0.6516,-2.9516,3.6032
20210730,0.65,-2.9457,3.5957
20210802,0.6273,-2.9593,3.5866
20210803,0.5994,-3.0076,3.607
20210804,0.6135,-3.0237,3.6372
20210805,0.6043,-3.0342,3.6385
20210806,0.698,-2.9705,3.6685
20210809,0.6586,-2.9972,3.6558
20210810,0.6609,-2.9887,3.6496
20210811,0.658,-2.9736,3.6316
20210812,0.6773,-2.9435,3.6208
20210813,0.6583,-2.9469,3.6052
20210816,0.6492,-2.934,3.5832
20210817,0.6399,-2.944,3.5839
20210818,0.648,-2.9708,3.6188
20210819,0.6233,-2.9783,3.6016
20210820,0.6078,-2.9861,3.5939
20210823,0.621,-2.9919,3.6129
20210824,0.6222,-3.0238,3.646
20210825,0.6824,-2.991,3.6734
20210826,0.6808,-2.9981,3.6789
20210827,0.6694,-3.0015,3.6709
20210831,0.7138,-2.937,3.6508
20210901,0.6901,-2.9633,3.6534
20210902,0.6762,-2.9955,3.6717
20210903,0.7077,-2.9677,3.6754
20210906,0.6867,-3.0076,3.6943
20210907,0.7355,-3.0047,3.7402
20210908,0.7258,-3.0409,3.7667
20210909,0.7329,-3.0156,3.7485
20210910,0.7403,-3.0166,3.7569
20210913,0.7404,-3.053,3.7934
20210914,0.7322,-3.0648,3.797
20210915,0.7539,-3.1499,3.9038
20210916,0.7999,-3.0752,3.8751
20210917,0.8473,-2.9946,3.8419
20210920,0.7977,-3.0323,3.83
20210921,0.7932,-3.0307,3.8239
20210922,0.793,-3.0387,3.8317
20210923,0.8961,-2.9149,3.811
20210924,0.9297,-2.8939,3.8236
20210927,0.9543,-3.0068,3.9611
20210928,0.9953,-2.909,3.9043
20210929,0.988,-2.8325,3.8205
20210930,1.0429,-2.7975,3.8404
20211001,1.0273,-2.8304,3.8577
20211004,1.0147,-2.9022,3.9169
20211005,1.1005,-2.9163,4.0168
20211006,1.084,-2.8937,3.9777
20211007,1.0881,-2.8839,3.972
20211008,1.1683,-2.7943,3.9626
20211011,1.1906,-2.7509,3.9415
20211012,1.1504,-2.8145,3.9649
20211013,1.0627,-2.8773,3.94
20211014,1.0428,-2.9653,4.0081
20211015,1.0897,-2.9415,4.0312
20211018,1.118,-2.868,3.986
20211019,1.1458,-2.8745,4.0203
20211020,1.1482,-2.9685,4.1167
20211021,1.2055,-2.9961,4.2016
20211022,1.1595,-3.0807,4.2402
20211025,1.1374,-3.0862,4.2236
20211026,1.1108,-3.0594,4.1702
20211027,0.9751,-3.1249,4.1
20211028,0.9791,-3.1072,4.0863
20211029,1.0393,-2.9436,3.9829
20211101,1.0689,-2.9646,4.0335
20211102,1.0298,-3.0444,4.0742
20211103,1.068,-2.9755,4.0435
20211104,0.9528,-3.1204,4.0732
20211105,0.8401,-3.2078,4.0479
20211108,0.8549,-3.2213,4.0762
20211109,0.8219,-3.2873,4.1092
20211110,0.9261,-3.1806,4.1067
20211111,0.9179,-3.1589,4.0768
20211112,0.9197,-3.1673,4.087
20211115,0.954,-3.1519,4.1059
20211116,0.9716,-3.1018,4.0734
20211117,0.9809,-3.1685,4.1494
20211118,0.9367,-3.2545,4.1912
20211119,0.8882,-3.2406,4.1288
20211122,0.9381,-3.1714,4.1095
20211123,0.9777,-3.1605,4.1382
20211124,1.0121,-3.1416,4.1537
20211125,0.9682,-3.1932,4.1614
20211126,0.8111,-3.3222,4.1333
20211129,0.8497,-3.3039,4.1536
20211130,0.8244,-3.3296,4.154
20211201,0.8379,-3.3659,4.2038
20211202,0.7997,-3.3891,4.1888
20211203,0.7686,-3.3893,4.1579
20211206,0.7347,-3.4013,4.136
20211207,0.7234,-3.4198,4.1432
20211208,0.7546,-3.4068,4.1614
20211209,0.7479,-3.4075,4.1554
20211210,0.7239,-3.4025,4.1264
20211213,0.7053,-3.3754,4.0807
20211214,0.7242,-3.2532,3.9774
20211215,0.7286,-3.2205,3.9491
20211216,0.7525,-3.1711,3.9236
20211217,0.7756,-3.1507,3.9263
20211220,0.7772,-3.1748,3.952
20211221,0.8847,-3.1377,4.0224
20211222,0.8996,-3.1258,4.0254
20211223,0.941,-3.0297,3.9707
20211224,0.9267,-3.019,3.9457
20211229,1.0195,-2.9259,3.9454
20211230,0.9831,-2.917,3.9001
20211231,0.9785,-2.8871,3.8656
20220104,1.0842,-2.8672,3.9514
20220105,1.0863,-2.8403,3.9266
20220106,1.1575,-2.7316,3.8891
20220107,1.1849,-2.711,3.8959
20220110,1.199,-2.7016,3.9006
20220111,1.1781,-2.738,3.9161
20220112,1.1558,-2.7857,3.9415
20220113,1.1252,-2.8263,3.9515
20220114,1.1568,-2.8057,3.9625
20220117,1.1952,-2.7692,3.9644
20220118,1.2239,-2.7438,3.9677
20220119,1.2779,-2.7429,4.0208
20220120,1.2395,-2.7407,3.9802
20220121,1.1811,-2.7661,3.9472
20220124,1.1369,-2.8981,4.035
20220125,1.1661,-2.8885,4.0546
20220126,1.2166,-2.8182,4.0348
20220127,1.2432,-2.8246,4.0678
20220128,1.2548,-2.8325,4.0873
20220131,1.3238,-2.7727,4.0965
20220201,1.3208,-2.7868,4.1076
20220202,1.2628,-2.8199,4.0827
20220203,1.3857,-2.6615,4.0472
20220204,1.417,-2.5736,3.9906
20220207,1.4257,-2.5532,3.9789
20220208,1.504,-2.4954,3.9994
20220209,1.4325,-2.5829,4.0154
20220210,1.5219,-2.522,4.0439
20220211,1.5381,-2.4771,4.0152
20220214,1.5721,-2.4645,4.0366
20220215,1.5768,-2.4117,3.9885
20220216,1.5264,-2.5078,4.0342
20220217,1.4731,-2.6276,4.1007
20220218,1.3936,-2.7053,4.0989
20220221,1.4099,-2.7402,4.1501
20220222,1.4786,-2.6765,4.1551
20220223,1.4832,-2.6735,4.1567
20220224,1.4594,-2.8503,4.3097
20220225,1.4673,-2.7437,4.211
20220228,1.4274,-2.8279,4.2553
20220301,1.1579,-3.1529,4.3108
20220302,1.2544,-3.1174,4.3718
20220303,1.3142,-3.0248,4.339
20220304,1.2012,-3.1156,4.3168
20220307,1.2918,-3.1132,4.405
20220308,1.4186,-3.1032,4.5218
20220309,1.5069,-2.945,4.4519
20220310,1.5176,-2.8652,4.3828
20220311,1.5226,-2.8495,4.3721
20220314,1.6034,-2.7492,4.3526
20220315,1.5674,-2.7135,4.2809
20220316,1.6248,-2.6135,4.2383
20220317,1.5756,-2.6837,4.2593
20220318,1.4975,-2.7429,4.2404
20220321,1.6163,-2.5942,4.2105
20220322,1.6989,-2.4885,4.1874
20220323,1.6472,-2.6205,4.2677
20220324,1.6353,-2.6511,4.2864
20220325,1.6791,-2.5726,4.2517
20220328,1.6136,-2.6037,4.2173
20220329,1.6508,-2.5186,4.1694
20220330,1.6641,-2.5358,4.1999
20220331,1.6264,-2.6455,4.2719
20220401,1.6308,-2.6486,4.2794
20220404,1.5643,-2.6742,4.2385
20220405,1.6662,-2.6182,4.2844
20220406,1.7254,-2.5799,4.3053
20220407,1.7334,-2.5169,4.2503
20220408,1.7629,-2.4899,4.2528
20220411,1.8458,-2.3796,4.2254
20220412,1.8041,-2.4057,4.2098
20220413,1.8099,-2.4514,4.2613
20220414,1.8839,-2.3459,4.2298
20220419,1.9894,-2.2318,4.2212
20220420,1.9175,-2.2994,4.2169
20220421,1.9812,-2.2674,4.2486
20220422,1.9537,-2.3543,4.308
20220425,1.8459,-2.4053,4.2512
20220426,1.7962,-2.4653,4.2615
20220427,1.8232,-2.3803,4.2035
20220428,1.8782,-2.3107,4.1889
20220429,1.9191,-2.3329,4.252
20220503,1.9526,-2.2698,4.2224
20220504,1.9782,-2.2197,4.1979
20220505,1.9634,-2.2077,4.1711
20220506,2.0192,-2.0477,4.0669
20220509,1.9667,-2.0961,4.0628
20220510,1.8602,-2.2,4.0602
20220511,1.8818,-2.2725,4.1543
20220512,1.7176,-2.5276,4.2452
20220513,1.7617,-2.4593,4.221
20220516,1.7549,-2.4984,4.2533
20220517,1.8909,-2.39,4.2809
20220518,1.8691,-2.3087,4.1778
20220519,1.8728,-2.2289,4.1017
20220520,1.9003,-2.1298,4.0301
20220523,1.987,-2.0292,4.0162
20220524,1.8786,-2.0593,3.9379
20220525,1.9249,-2.0972,4.0221
20220526,1.9959,-2.0733,4.0692
20220527,1.946,-2.0874,4.0334
20220530,2.0008,-2.12,4.1208
20220531,2.1303,-1.8662,3.9965
20220601,2.1457,-1.8318,3.9775
20220606,2.2539,-1.7013,3.9552
20220607,2.2042,-1.7226,3.9268
20220608,2.2409,-1.6561,3.897
20220609,2.3182,-1.5998,3.918
20220610,2.4145,-1.4205,3.835
20220613,2.4927,-1.3226,3.8153
20220614,2.5454,-1.2839,3.8293
20220615,2.4538,-1.3521,3.8059
20220616,2.5136,-1.2381,3.7517
20220617,2.4922,-1.1358,3.628
20220620,2.5934,-1.0096,3.603
20220621,2.6398,-0.9994,3.6392
20220622,2.474,-1.2245,3.6985
20220623,2.3027,-1.2978,3.6005
20220624,2.3145,-1.3341,3.6486
20220627,2.4003,-1.202,3.6023
20220628,2.4864,-1.0357,3.5221
20220629,2.3966,-1.0523,3.4489
20220630,2.2942,-1.2125,3.5067
20220701,2.1203,-1.4139,3.5342
20220704,2.2503,-1.3167,3.567
20220705,2.1281,-1.424,3.5521
20220706,2.1388,-1.3335,3.4723
20220707,2.1623,-1.3496,3.5119
20220708,2.2736,-1.2272,3.5008
20220711,2.2328,-1.2462,3.479
20220712,2.1496,-1.2873,3.4369
20220713,2.139,-1.2799,3.4189
20220714,2.1635,-1.2203,3.3838
20220715,2.1715,-1.2131,3.3846
20220718,2.2327,-1.1149,3.3476
20220719,2.275,-1.023,3.298
20220720,2.2179,-1.1521,3.37
20220721,2.114,-1.2196,3.3336
20220722,2.0209,-1.2667,3.2876
20220725,2.0247,-1.2183,3.243
20220726,1.9855,-1.3348,3.3203
20220727,2.019,-1.3507,3.3697
20220728,1.9204,-1.5155,3.4359
20220729,1.9277,-1.6458,3.5735
20220801,1.8509,-1.75,3.6009
20220802,1.8854,-1.7411,3.6265
20220803,1.9725,-1.6478,3.6203
20220804,1.9273,-1.7346,3.6619
20220805,2.0884,-1.5905,3.6789
20220808,2.0009,-1.6651,3.666
20220809,2.0349,-1.5937,3.6286
20220810,2.002,-1.6005,3.6025
20220811,2.1265,-1.5304,3.6569
20220812,2.1801,-1.4276,3.6077
20220815,2.0804,-1.5509,3.6313
20220816,2.1948,-1.5009,3.6957
20220817,2.3349,-1.6176,3.9525
20220818,2.3378,-1.6145,3.9523
20220819,2.4607,-1.5569,4.0176
20220822,2.5446,-1.5518,4.0964
20220823,2.5987,-1.3227,3.9214
20220824,2.7218,-1.1268,3.8486
20220825,2.661,-1.3552,4.0162
20220826,2.6461,-1.4113,4.0574
20220830,2.7712,-1.2059,3.9771
20220831,2.8624,-1.0948,3.9572
20220901,2.9689,-0.9659,3.9348
20220902,2.9584,-0.9394,3.8978
20220905,2.9703,-0.9918,3.9621
20220906,3.0907,-0.8881,3.9788
20220907,3.0732,-0.9501,4.0233
20220908,3.2052,-0.7674,3.9726
20220909,3.1724,-0.7147,3.8871
20220912,3.1065,-0.6357,3.7422
20220913,3.1928,-0.4926,3.6854
20220914,3.174,-0.6254,3.7994
20220915,3.1921,-0.6597,3.8518
20220916,3.2056,-0.6382,3.8438
20220920,3.3364,-0.5708,3.9072
20220921,3.3695,-0.5501,3.9196
20220922,3.5516,-0.3065,3.8581
20220923,3.8426,-0.0296,3.8722
20220926,4.1817,0.4851,3.6966
20220927,4.4341,1.0633,3.3708
20220928,4.0517,0.5365,3.5152
20220929,4.121,0.3827,3.7383
20220930,4.1021,0.1927,3.9094
20221003,3.9766,0.2163,3.7603
20221004,3.9036,0.2792,3.6244
20221005,4.0527,0.6155,3.4372
20221006,4.2134,0.6338,3.5796
20221007,4.2826,0.8853,3.3973
20221010,4.5445,1.6162,2.9283
20221011,4.4839,1.5645,2.9194
20221012,4.5387,1.4719,3.0668
20221013,4.3034,1.4911,2.8123
20221014,4.3868,1.411,2.9758
20221017,4.0661,0.9696,3.0965
20221018,3.9967,0.7729,3.2238
20221019,3.9383,0.4541,3.4842
20221020,3.9214,0.3932,3.5282
20221021,4.1101,0.5096,3.6005
20221024,3.8207,0.1552,3.6655
20221025,3.7265,0.0802,3.6463
20221026,3.6771,0.1174,3.5597
20221027,3.5847,-0.0076,3.5923
20221028,3.5362,-0.0027,3.5389
20221031,3.6167,0.2013,3.4154
20221101,3.5422,0.1135,3.4287
20221102,3.512,0.1259,3.3861
20221103,3.5795,0.0994,3.4801
20221104,3.63,0.0921,3.5379
20221107,3.7038,0.1351,3.5687
20221108,3.6336,0.0417,3.5919
20221109,3.5229,-0.0842,3.6071
20221110,3.3474,-0.2483,3.5957
20221111,3.432,-0.1738,3.6058
20221114,3.4335,-0.2218,3.6553
20221115,3.384,-0.2715,3.6555
20221116,3.2255,-0.4636,3.6891
20221117,3.277,-0.3638,3.6408
20221118,3.3129,-0.3198,3.6327
20221121,3.2554,-0.3311,3.5865
20221122,3.2208,-0.3461,3.5669
20221123,3.078,-0.4356,3.5136
20221124,3.1054,-0.3943,3.4997
20221125,3.2018,-0.3283,3.5301
20221128,3.1932,1.0633,2.1299
20221129,3.1737,-0.2905,3.4642
20221130,3.2515,-0.2469,3.4984
20221201,3.1981,-0.3171,3.5152
20221202,3.254,-0.2083,3.4623
20221205,3.1801,-0.2469,3.427
20221206,3.1651,-0.1735,3.3386
20221207,3.1417,-0.1892,3.3309
20221208,3.1667,-0.1259,3.2926
20221209,3.2488,-0.0011,3.2499
20221212,3.2922,0.0842,3.208
20221213,3.3452,0.1629,3.1823
20221214,3.3973,0.1069,3.2904
20221215,3.2988,-0.033,3.3318
20221216,3.4179,0.0214,3.3965
20221219,3.5326,0.1574,3.3752
20221220,3.662,0.2949,3.3671
20221221,3.62,0.2825,3.3375
20221222,3.6422,0.2444,3.3978
20221223,3.6767,0.3126,3.3641
20221228,3.7272,0.3819,3.3453
20221229,3.7416,0.403,3.3386
20221230,3.7312,0.4046,3.3266
20230103,3.7084,0.3726,3.3358
20230104,3.5766,0.3284,3.2482
20230105,3.6311,0.4609,3.1702
20230106,3.5511,0.4375,3.1136
20230109,3.614,0.5336,3.0804
20230110,3.6194,0.4544,3.165
20230111,3.4642,0.3277,3.1365
20230112,3.4164,0.2826,3.1338
20230113,3.421,0.3123,3.1087
20230116,3.4515,0.4106,3.0409
20230117,3.4035,0.3378,3.0657
20230118,3.3646,0.2022,3.1624
20230119,3.3627,0.2281,3.1346
20230120,3.4154,0.246,3.1694
20230123,3.4278,0.2516,3.1762
20230124,3.366,0.1883,3.1777
20230125,3.3419,0.2084,3.1335
20230126,3.3924,0.2182,3.1742
20230127,3.4077,0.1975,3.2102
20230130,3.401,0.1873,3.2137
20230131,3.4113,0.1957,3.2156
20230201,3.4169,0.2057,3.2112
20230202,3.1011,-0.1003,3.2014
20230203,3.162,-0.0423,3.2043
20230206,3.3253,0.0759,3.2494
20230207,3.3729,0.0972,3.2757
20230208,3.3932,0.1185,3.2747
20230209,3.384,0.09,3.294
20230210,3.4792,0.2096,3.2696
20230213,3.4942,0.2298,3.2644
20230214,3.5809,0.3093,3.2716
20230215,3.5463,0.1682,3.3781
20230216,3.5894,0.2076,3.3818
20230217,3.6157,0.3211,3.2946
20230220,3.5722,0.2708,3.3014
20230221,3.7004,0.4101,3.2903
20230222,3.6732,0.3869,3.2863
20230223,3.6798,0.3866,3.2932
20230224,3.7337,0.441,3.2927
20230227,3.7797,0.4542,3.3255
20230228,3.7806,0.4146,3.366
20230301,3.7959,0.4287,3.3672
20230302,3.8239,0.3972,3.4267
20230303,3.8245,0.3805,3.444
20230306,3.793,0.3508,3.4422
20230307,3.7715,0.4252,3.3463
20230308,3.6903,0.3668,3.3235
20230309,3.7376,0.3611,3.3765
20230310,3.556,0.2178,3.3382
20230313,3.3381,0.007,3.3311
20230314,3.4648,0.1278,3.337
20230315,3.2957,0.0642,3.2315
20230316,3.319,0.0888,3.2302
20230317,3.2315,0.033,3.1985
20230320,3.285,0.1238,3.1612
20230321,3.3377,0.1305,3.2072
20230322,3.428,0.1114,3.3166
20230323,3.3224,0.0327,3.2897
20230324,3.2375,-0.0039,3.2414
20230327,3.3268,0.0223,3.3045
20230328,3.4124,0.0239,3.3885
20230329,3.4105,-0.073,3.4835
20230330,3.4719,-0.0844,3.5563
20230331,3.4781,-0.0375,3.5156
20230403,3.3628,-0.1621,3.5249
20230404,3.3963,-0.1354,3.5317
20230405,3.404,-0.0743,3.4783
20230406,3.3977,-0.0148,3.4125
20230411,3.4981,0.1175,3.3806
20230412,3.5235,0.1641,3.3594
20230413,3.5207,0.1508,3.3699
20230414,3.6085,0.1911,3.4174
20230417,3.657,0.2216,3.4354
20230418,3.6959,0.3133,3.3826
20230419,3.8049,0.3072,3.4977
20230420,3.7354,0.2291,3.5063
20230421,3.7231,0.2075,3.5156
20230424,3.7151,0.2001,3.515
20230425,3.6396,0.1942,3.4454
20230426,3.6574,0.288,3.3694
20230427,3.7406,0.3472,3.3934
20230428,3.6783,0.3548,3.3235
20230502,3.6269,0.3571,3.2698
20230503,3.65,0.4146,3.2354
20230504,3.6409,0.4181,3.2228
20230505,3.7292,0.4666,3.2626
20230509,3.7891,0.5224,3.2667
20230510,3.7511,0.4503,3.3008
20230511,3.6715,0.3853,3.2862
20230512,3.7302,0.456,3.2742
20230515,3.7779,0.5167,3.2612
20230516,3.7773,0.5704,3.2069
20230517,3.7846,0.5461,3.2385
20230518,3.9169,0.6549,3.262
20230519,3.968,0.7337,3.2343
20230522,4.002,0.7708,3.2312
20230523,4.1156,0.8699,3.2457
20230524,4.1376,0.6839,3.4537
20230525,4.3025,0.8503,3.4522
20230526,4.2932,0.8606,3.4326
20230530,4.1883,0.768,3.4203
20230531,4.1155,0.7011,3.4144
20230601,4.0651,0.6821,3.383
20230602,4.0871,0.6983,3.3888
20230605,4.1464,0.6885,3.4579
20230606,4.1437,0.6566,3.4871
20230607,4.1671,0.6528,3.5143
20230608,4.1886,0.6703,3.5183
20230609,4.1629,0.6943,3.4686
20230612,4.2551,0.7984,3.4567
20230613,4.361,0.8582,3.5028
20230614,4.329,0.8218,3.5072
20230615,4.3164,0.8076,3.5088
20230616,4.3298,0.8337,3.4961
20230619,4.4053,0.9333,3.472
20230620,4.2451,0.7885,3.4566
20230621,4.3187,0.6893,3.6294
20230622,4.2892,0.7261,3.5631
20230623,4.2158,0.732,3.4838
20230626,4.1999,0.7069,3.493
20230627,4.284,0.8116,3.4724
20230628,4.2383,0.7421,3.4962
20230629,4.2652,0.7384,3.5268
20230630,4.2884,0.7547,3.5337
20230703,4.3323,0.8309,3.5014
20230704,4.3143,0.8477,3.4666
20230705,4.3826,0.8946,3.488
20230706,4.5406,1.0577,3.4829
20230707,4.5455,1.0489,3.4966
20230710,4.5447,1.0246,3.5201
20230711,4.5576,1.0532,3.5044
20230712,4.4337,0.967,3.4667
20230713,4.3601,0.9198,3.4403
20230714,4.3371,0.972,3.3651
20230717,4.3617,0.9782,3.3835
20230718,4.2532,0.8891,3.3641
20230719,4.1158,0.6508,3.465
20230720,4.1812,0.7013,3.4799
20230721,4.1803,0.6796,3.5007
20230724,4.1648,0.6659,3.4989
20230725,4.1896,0.682,3.5076
20230726,4.1971,0.6797,3.5174
20230727,4.2295,0.7186,3.5109
20230728,4.2372,0.7362,3.501
20230731,4.2135,0.7192,3.4943
20230801,4.3071,0.7832,3.5239
20230802,4.3168,0.7948,3.522
20230803,4.3899,0.8697,3.5202
20230804,4.3269,0.8071,3.5198
20230807,4.3814,0.8494,3.532
20230808,4.3142,0.8003,3.5139
20230809,4.3044,0.8133,3.4911
20230810,4.2945,0.825,3.4695
20230811,4.4533,0.9627,3.4906
20230814,4.4942,1.0122,3.482
20230815,4.5246,1.0685,3.4561
20230816,4.5505,0.9863,3.5642
20230817,4.6445,1.0624,3.5821
20230818,4.6084,1.0464,3.562
20230821,4.6537,1.0863,3.5674
20230822,4.5956,1.0534,3.5422
20230823,4.4118,0.8955,3.5163
20230824,4.359,0.8591,3.4999
20230825,4.3832,0.873,3.5102
20230829,4.3714,0.8721,3.4993
20230830,4.3564,0.848,3.5084
20230831,4.292,0.7659,3.5261
20230901,4.3443,0.7926,3.5517
20230904,4.402,0.851,3.551
20230905,4.4451,0.8787,3.5664
20230906,4.4751,0.9096,3.5655
20230907,4.4205,0.8442,3.5763
20230908,4.3609,0.7951,3.5658
20230911,4.4295,0.8525,3.577
20230912,4.371,0.8099,3.5611
20230913,4.3033,0.7324,3.5709
20230914,4.2251,0.6521,3.573
20230915,4.308,0.7073,3.6007
20230918,4.3556,0.7751,3.5805
20230919,4.3027,0.7101,3.5926
20230920,4.1982,0.5567,3.6415
20230921,4.2514,0.6047,3.6467
20230922,4.222,0.5832,3.6388
20230925,4.2906,0.6044,3.6862
20230926,4.2969,0.6428,3.6541
20230927,4.3219,0.6763,3.6456
20230928,4.5121,0.857,3.6551
20230929,4.3923,0.7585,3.6338
20231002,4.5236,0.8855,3.6381
20231003,4.5578,0.9367,3.6211
20231004,4.5812,0.9887,3.5925
20231005,4.5238,0.943,3.5808
20231006,4.5791,1.0142,3.5649
20231009,4.4775,0.9051,3.5724
20231010,4.424,0.8566,3.5674
20231011,4.3063,0.7851,3.5212
20231012,4.3927,0.8718,3.5209
20231013,4.3747,0.859,3.5157
20231016,4.4575,0.9416,3.5159
20231017,4.5067,0.978,3.5287
20231018,4.6263,0.9963,3.63
20231019,4.6651,1.0546,3.6105
20231020,4.6449,1.0115,3.6334
20231023,4.6085,0.9957,3.6128
20231024,4.5509,0.9571,3.5938
20231025,4.5971,1.0021,3.595
20231026,4.591,0.9849,3.6061
20231027,4.5358,0.95,3.5858
20231030,4.5623,0.968,3.5943
20231031,4.5067,0.948,3.5587
20231101,4.4798,0.9055,3.5743
20231102,4.383,0.8001,3.5829
20231103,4.293,0.7281,3.5649
20231106,4.3666,0.8105,3.5561
20231107,4.2795,0.7221,3.5574
20231108,4.2386,0.6936,3.545
20231109,4.2685,0.716,3.5525
20231110,4.3173,0.7737,3.5436
20231113,4.3251,0.7893,3.5358
20231114,4.1548,0.6427,3.5121
20231115,4.2039,0.6032,3.6007
20231116,4.1182,0.5605,3.5577
20231117,4.1094,0.5834,3.526
20231120,4.1265,0.5793,3.5472
20231121,4.1005,0.5625,3.538
20231122,4.1607,0.614,3.5467
20231123,4.2365,0.6688,3.5677
20231124,4.2885,0.7232,3.5653
20231127,4.2152,0.6769,3.5383
20231128,4.1689,0.6361,3.5328
20231129,4.0955,0.6011,3.4944
20231130,4.1773,0.7115,3.4658
20231201,4.1664,0.7151,3.4513
20231204,4.1874,0.7805,3.4069
20231205,4.0276,0.6546,3.373
20231206,3.9694,0.5959,3.3735
20231207,3.9854,0.5865,3.3989
20231208,4.0283,0.6014,3.4269
20231211,4.0888,0.6922,3.3966
20231212,3.9778,0.6204,3.3574
20231213,3.8472,0.5042,3.343
20231214,3.8064,0.4374,3.369
20231215,3.7223,0.3984,3.3239
20231218,3.7167,0.3429,3.3738
20231219,3.6611,0.2899,3.3712
20231220,3.5712,0.1597,3.4115
20231221,3.5577,0.1983,3.3594
20231222,3.5323,0.1666,3.3657
20231227,3.4787,0.1232,3.3555
20231228,3.5144,0.158,3.3564
20231229,3.5803,0.2062,3.3741
20240102,3.6776,0.2972,3.3804
20240103,3.7114,0.3283,3.3831
20240104,3.7474,0.3591,3.3883
20240105,3.7869,0.3893,3.3976
20240108,3.8078,0.4547,3.3531
20240109,3.8169,0.4697,3.3472
20240110,3.8374,0.4956,3.3418
20240111,3.8791,0.5392,3.3399
20240112,3.8448,0.4926,3.3522
20240115,3.8475,0.5235,3.324
20240116,3.8556,0.54,3.3156
20240117,4.0095,0.6498,3.3597
20240118,3.9775,0.6186,3.3589
20240119,3.9613,0.5889,3.3724
20240122,3.9277,0.5819,3.3458
20240123,4.0145,0.6655,3.349
20240124,4.0387,0.6732,3.3655
20240125,4.0115,0.6373,3.3742
20240126,4.0169,0.6275,3.3894
20240129,3.948,0.5574,3.3906
20240130,3.9555,0.5525,3.403
20240131,3.8427,0.4487,3.394
20240201,3.7828,0.3955,3.3873
20240202,3.9514,0.5564,3.395
20240205,4.0681,0.6492,3.4189
20240206,3.977,0.5656,3.4114
20240207,3.9957,0.5938,3.4019
20240208,4.0709,0.6561,3.4148
20240209,4.1114,0.7126,3.3988
20240212,4.0941,0.7121,3.382
20240213,4.1565,0.7435,3.413
20240214,4.0805,0.6355,3.445
20240215,4.0715,0.6576,3.4139
20240216,4.127,0.7128,3.4142
20240219,4.1347,0.727,3.4077
20240220,4.0751,0.692,3.3831
20240221,4.1104,0.7262,3.3842
20240222,4.1092,0.736,3.3732
20240223,4.0714,0.7071,3.3643
20240226,4.0935,0.704,3.3895
20240227,4.1329,0.7205,3.4124
20240228,4.1356,0.6853,3.4503
20240229,4.0735,0.5743,3.4992
20240301,4.0525,0.5782,3.4743
20240304,4.0828,0.6077,3.4751
20240305,3.9553,0.5116,3.4437
20240306,3.9585,0.5269,3.4316
20240307,3.9555,0.5248,3.4307
20240308,3.9339,0.5213,3.4126
20240311,3.9233,0.5094,3.4139
20240312,3.9009,0.4867,3.4142
20240313,3.9657,0.5086,3.4571
20240314,4.0388,0.5126,3.5262
20240315,4.0523,0.5522,3.5001
20240318,4.0415,0.5211,3.5204
20240319,4.0077,0.4937,3.514
20240320,3.9722,0.3902,3.582
20240321,3.9509,0.3624,3.5885
20240322,3.8991,0.3205,3.5786
20240325,3.9538,0.3431,3.6107
20240326,3.9338,0.3387,3.5951
20240327,3.9078,0.3529,3.5549
20240328,3.8917,0.3225,3.5692
20240402,4.0494,0.4432,3.6062
20240403,4.0392,0.402,3.6372
20240404,3.9755,0.371,3.6045
20240405,4.0394,0.4262,3.6132
20240408,4.0553,0.4516,3.6037
20240409,3.9912,0.4086,3.5826
20240410,4.0934,0.4764,3.617
20240411,4.1769,0.5462,3.6307
20240412,4.0902,0.4518,3.6384
20240415,4.2034,0.5125,3.6909
20240416,4.2578,0.503,3.7548
20240417,4.2351,0.503,3.7321
20240418,4.2164,0.5116,3.7048
20240419,4.2108,0.5213,3.6895
20240422,4.1684,0.5096,3.6588
20240423,4.2149,0.5645,3.6504
20240424,4.2923,0.6193,3.673
20240425,4.3175,0.6404,3.6771
20240426,4.2794,0.6183,3.6611
20240429,4.2423,0.5835,3.6588
20240430,4.316,0.6339,3.6821
20240501,4.3286,0.6853,3.6433
20240502,4.2587,0.6306,3.6281
20240503,4.1976,0.577,3.6206
20240507,4.0893,0.5044,3.5849
20240508,4.0929,0.4959,3.597
20240509,4.1053,0.4987,3.6066
20240510,4.1261,0.5268,3.5993
20240513,4.1253,0.5369,3.5884
20240514,4.126,0.5396,3.5864
20240515,4.0232,0.4238,3.5994
20240516,4.0184,0.4049,3.6135
20240517,4.0886,0.4717,3.6169
20240520,4.1326,0.5203,3.6123
20240521,4.109,0.5077,3.6013
20240522,4.1893,0.5137,3.6756
20240523,4.219,0.5342,3.6848
20240524,4.2137,0.5651,3.6486
20240528,4.2294,0.5767,3.6527
20240529,4.3476,0.6783,3.6693
20240530,4.3253,0.6435,3.6818
20240531,4.2693,0.581,3.6883
20240603,4.195,0.5204,3.6746
20240604,4.1442,0.5006,3.6436
20240605,4.1455,0.5128,3.6327
20240606,4.1358,0.5149,3.6209
20240607,4.2216,0.594,3.6276
20240610,4.287,0.6578,3.6292
20240611,4.2327,0.6377,3.595
20240612,4.1044,0.5276,3.5768
20240613,4.118,0.5266,3.5914
20240614,4.0186,0.4654,3.5532
20240617,4.0765,0.5543,3.5222
20240618,4.0314,0.4902,3.5412
20240619,4.0495,0.482,3.5675
20240620,4.0351,0.4878,3.5473
20240621,4.0538,0.5109,3.5429
20240624,4.0571,0.5388,3.5183
20240625,4.0439,0.5576,3.4863
20240626,4.1106,0.6152,3.4954
20240627,4.1054,0.6067,3.4987
20240628,4.1534,0.6339,3.5195
20240701,4.251,0.7099,3.5411
20240702,4.2249,0.7224,3.5025
20240703,4.1377,0.6668,3.4709
20240704,4.1771,0.6851,3.492
20240705,4.1037,0.6301,3.4736
20240708,4.0866,0.6103,3.4763
20240709,4.1429,0.6766,3.4663
20240710,4.1106,0.6619,3.4487
20240711,4.0551,0.5983,3.4568
20240712,4.0936,0.6,3.4936
20240715,4.0801,0.5876,3.4925
20240716,4.0528,0.5271,3.5257
20240717,4.0577,0.4951,3.5626
20240718,4.0243,0.4761,3.5482
20240719,4.1025,0.5569,3.5456
20240722,4.1173,0.5993,3.518
20240723,4.1162,0.6118,3.5044
20240724,4.1302,0.6075,3.5227
20240725,4.111,0.6123,3.4987
20240726,4.0849,0.6077,3.4772
20240729,4.0317,0.5523,3.4794
20240730,4.0268,0.557,3.4698
20240731,3.9721,0.5063,3.4658
20240801,3.861,0.392,3.469
20240802,3.8364,0.4254,3.411
20240805,3.8451,0.4585,3.3866
20240806,3.9,0.4655,3.4345
20240807,3.9515,0.5058,3.4457
20240808,3.9571,0.5207,3.4364
20240809,3.9293,0.5043,3.425
20240812,3.9252,0.4994,3.4258
20240813,3.8686,0.4574,3.4112
20240814,3.8112,0.4063,3.4049
20240815,3.9111,0.4807,3.4304
20240816,3.9095,0.4878,3.4217
20240819,3.9267,0.5188,3.4079
20240820,3.8991,0.5059,3.3932
20240821,3.8863,0.5065,3.3798
20240822,3.9478,0.5498,3.398
20240823,3.8964,0.5044,3.392
20240827,3.9632,0.5341,3.4291
20240828,3.9693,0.5482,3.4211
20240829,3.9903,0.5851,3.4052
20240830,3.971,0.5767,3.3943
20240902,4.0197,0.6272,3.3925
20240903,3.95,0.5841,3.3659
20240904,3.8975,0.5575,3.34
20240905,3.8916,0.5339,3.3577
20240906,3.857,0.5167,3.3403
20240909,3.8396,0.495,3.3446
20240910,3.8099,0.5001,3.3098
20240911,3.7245,0.4575,3.267
20240912,3.7585,0.478,3.2805
20240913,3.7499,0.4566,3.2933
20240916,3.7344,0.4391,3.2953
20240917,3.7487,0.422,3.3267
20240918,3.8254,0.4199,3.4055
20240919,3.8668,0.4791,3.3877
20240920,3.8943,0.5146,3.3797
20240923,3.9149,0.5168,3.3981
20240924,3.9146,0.5098,3.4048
20240925,3.971,0.5573,3.4137
20240926,3.9675,0.5756,3.3919
20240927,3.9752,0.5816,3.3936
20240930,3.9915,0.5871,3.4044
20241001,3.9205,0.5059,3.4146
20241002,4.0228,0.5855,3.4373
20241003,3.9959,0.5293,3.4666
20241004,4.1124,0.5802,3.5322
20241007,4.1838,0.607,3.5768
20241008,4.1746,0.6707,3.5039
20241009,4.1644,0.6739,3.4905
20241010,4.2108,0.6794,3.5314
20241011,4.2004,0.6627,3.5377
20241014,4.2268,0.6961,3.5307
20241015,4.1459,0.6774,3.4685
20241016,4.0433,0.5459,3.4974
20241017,4.0897,0.571,3.5187
20241018,4.0509,0.5554,3.4955
20241021,4.1116,0.5816,3.53
20241022,4.1464,0.584,3.5624
20241023,4.2026,0.6387,3.5639
20241024,4.2022,0.6665,3.5357
20241025,4.1986,0.6787,3.5199
20241028,4.2365,0.758,3.4785
20241029,4.2856,0.7871,3.4985
20241030,4.3271,0.8224,3.5047
20241031,4.4096,0.8396,3.57
20241101,4.4259,0.871,3.5549
20241104,4.4163,0.8482,3.5681
20241105,4.4883,0.9188,3.5695
20241106,4.5364,0.9481,3.5883
20241107,4.4681,0.9012,3.5669
20241108,4.4052,0.8647,3.5405
20241111,4.391,0.8506,3.5404
20241112,4.4459,0.8972,3.5487
20241113,4.4871,0.9544,3.5327
20241114,4.4712,0.9534,3.5178
20241115,4.4545,0.9508,3.5037
20241118,4.4537,0.9576,3.4961
20241119,4.4139,0.9304,3.4835
20241120,4.4565,0.9338,3.5227
20241121,4.4132,0.8989,3.5143
20241122,4.3735,0.8575,3.516
20241125,4.3108,0.8149,3.4959
20241126,4.3366,0.8191,3.5175
20241127,4.2854,0.7918,3.4936
20241128,4.2583,0.7508,3.5075
20241129,4.2333,0.7544,3.4789
20241202,4.2086,0.7281,3.4805
20241203,4.2246,0.7438,3.4808
20241204,4.2243,0.7708,3.4535
20241205,4.2561,0.8329,3.4232
20241206,4.2633,0.8513,3.412
20241209,4.253,0.859,3.394
20241210,4.3027,0.8412,3.4615
20241211,4.3003,0.8298,3.4705
20241212,4.3265,0.8579,3.4686
20241213,4.3913,0.9258,3.4655
20241216,4.4232,1.0003,3.4229
20241217,4.4999,1.0937,3.4062
20241218,4.5372,1.0981,3.4391
20241219,4.5773,1.0924,3.4849
20241220,4.5181,1.037,3.4811
20241223,4.5569,1.0739,3.483
20241224,4.5926,1.0887,3.5039
20241227,4.6235,1.1264,3.4971
20241230,4.5959,1.1281,3.4678
20241231,4.5701,1.0868,3.4833
20250102,4.5777,1.0664,3.5113
20250103,4.5876,1.0799,3.5077
20250106,4.6156,1.12,3.4956
20250107,4.6745,1.1685,3.506
20250108,4.7951,1.2322,3.5629
20250109,4.7985,1.2404,3.5581
20250110,4.8469,1.2511,3.5958
20250113,4.8725,1.2571,3.6154
20250114,4.8856,1.2874,3.5982
20250115,4.7079,1.0877,3.6202
20250116,4.6725,1.0251,3.6474
20250117,4.6483,1.0295,3.6188
20250120,4.6603,1.0748,3.5855
20250121,4.5933,1.0469,3.5464
20250122,4.5995,1.0299,3.5696
20250123,4.6273,1.0341,3.5932
20250124,4.6273,1.0464,3.5809
20250127,4.5779,1.0186,3.5593
20250128,4.611,1.0385,3.5725
20250129,4.5984,1.0194,3.579
20250130,4.56,0.9828,3.5772
20250131,4.5379,0.9616,3.5763
20250203,4.4963,0.9146,3.5817
20250204,4.5374,0.9604,3.577
20250205,4.4421,0.8873,3.5548
20250206,4.4685,0.906,3.5625
20250207,4.4939,0.9598,3.5341
20250210,4.4678,0.9313,3.5365
20250211,4.5261,0.9677,3.5584
20250212,4.5745,1.027,3.5475
20250213,4.49,0.9878,3.5022
20250214,4.499,1.0058,3.4932
20250217,4.5326,1.0497,3.4829
20250218,4.5673,1.0761,3.4912
20250219,4.6198,1.0934,3.5264
20250220,4.6245,1.1094,3.5151
20250221,4.5864,1.0834,3.503
20250224,4.5593,1.0669,3.4924
20250225,4.5084,1.0448,3.4636
20250226,4.5197,1.058,3.4617
20250227,4.5339,1.0494,3.4845
20250228,4.4835,1.0534,3.4301
20250303,4.5463,1.108,3.4383
20250304,4.4821,1.0648,3.4173
20250305,4.6621,1.1938,3.4683
20250306,4.6844,1.2118,3.4726
20250307,4.6249,1.1693,3.4556
20250310,4.605,1.1586,3.4464
20250311,4.645,1.2208,3.4242
20250312,4.7018,1.2872,3.4146
20250313,4.6645,1.2318,3.4327
20250314,4.6425,1.217,3.4255
20250317,4.6027,1.1986,3.4041
20250318,4.6179,1.2125,3.4054
20250319,4.6123,1.1914,3.4209
20250320,4.6322,1.1954,3.4368
20250321,4.676,1.2593,3.4167
20250324,4.7025,1.2711,3.4314
20250325,4.7294,1.2775,3.4519
20250326,4.7022,1.2323,3.4699
20250327,4.7699,1.2799,3.49
20250328,4.688,1.2302,3.4578
20250331,4.6611,1.2131,3.448
20250401,4.6213,1.1779,3.4434
20250402,4.613,1.2045,3.4085
20250403,4.5004,1.1574,3.343
20250404,4.4479,1.1614,3.2865
20250407,4.5989,1.2993,3.2996
20250408,4.6006,1.3155,3.2851
20250409,4.7415,1.4605,3.281
20250410,4.6379,1.3757,3.2622
20250411,4.7442,1.5442,3.2
20250414,4.6549,1.4796,3.1753
20250415,4.6421,1.4594,3.1827
20250416,4.6058,1.3688,3.237
20250417,4.5617,1.2743,3.2874
20250422,4.5587,1.2603,3.2984
20250423,4.5594,1.2724,3.287
20250424,4.498,1.1993,3.2987
20250425,4.4908,1.1736,3.3172
20250428,4.5026,1.1933,3.3093
20250429,4.4802,1.1941,3.2861
20250430,4.4529,1.1919,3.261
20250501,4.4549,1.199,3.2559
20250502,4.4886,1.2197,3.2689
20250506,4.5214,1.2634,3.258
20250507,4.4597,1.2268,3.2329
20250508,4.5228,1.3113,3.2115
20250509,4.5615,1.3601,3.2014
20250512,4.6355,1.3952,3.2403
20250513,4.6536,1.3862,3.2674
20250514,4.7162,1.4431,3.2731
20250515,4.6715,1.4157,3.2558
20250516,4.6471,1.4058,3.2413
20250519,4.665,1.4266,3.2384
20250520,4.7065,1.4488,3.2577
20250521,4.7623,1.4635,3.2988
20250522,4.7744,1.4664,3.308
20250523,4.7174,1.4254,3.292
20250527,4.6919,1.3987,3.2932
20250528,4.7275,1.4547,3.2728
20250529,4.6661,1.4372,3.2289
20250530,4.6712,1.472,3.1992
20250602,4.6633,1.4255,3.2378
20250603,4.6274,1.4142,3.2132
20250604,4.6288,1.4307,3.1981
20250605,4.631,1.4178,3.2132
20250606,4.647,1.4464,3.2006
20250609,4.6483,1.4503,3.198
20250610,4.5591,1.408,3.1511
20250611,4.5674,1.3846,3.1828
20250612,4.4966,1.3175,3.1791
20250613,4.5596,1.386,3.1736
20250616,4.5418,1.3649,3.1769
20250617,4.5497,1.3586,3.1911
20250618,4.5103,1.2888,3.2215
20250619,4.5422,1.2851,3.2571
20250620,4.5475,1.3254,3.2221
20250623,4.5015,1.2844,3.2171
20250624,4.4648,1.3141,3.1507
20250625,4.4957,1.3435,3.1522
20250626,4.4864,1.3568,3.1296
20250627,4.5229,1.407,3.1159
20250630,4.5139,1.4341,3.0798
20250701,4.4579,1.3953,3.0626
20250702,4.6122,1.4874,3.1248
20250703,4.5681,1.456,3.1121
20250704,4.5742,1.4883,3.0859
20250707,4.6006,1.5188,3.0818
20250708,4.6553,1.5663,3.089
20250709,4.6292,1.5466,3.0826
20250710,4.6239,1.5337,3.0902
20250711,4.6539,1.5387,3.1152
20250714,4.6351,1.5003,3.1348
20250715,4.6677,1.5237,3.144
20250716,4.6728,1.5,3.1728
20250717,4.6795,1.5281,3.1514
20250718,4.7167,1.5601,3.1566
20250721,4.6436,1.512,3.1316
20250722,4.6051,1.4872,3.1179
20250723,4.6498,1.5204,3.1294
20250724,4.6671,1.5165,3.1506
20250725,4.6769,1.5315,3.1454
20250728,4.6816,1.5273,3.1543
20250729,4.6486,1.4943,3.1543
20250730,4.6307,1.4786,3.1521
20250731,4.6023,1.4379,3.1644
20250801,4.5727,1.4317,3.141
20250804,4.5458,1.4178,3.128
20250805,4.5375,1.4285,3.109
20250806,4.5466,1.4423,3.1043
20250807,4.574,1.4925,3.0815
20250808,4.6241,1.5379,3.0862
20250811,4.5926,1.506,3.0866
20250812,4.6355,1.5564,3.0791
20250813,4.6152,1.5612,3.054
20250814,4.6667,1.6082,3.0585
20250815,4.7176,1.6698,3.0478
20250818,4.7748,1.7423,3.0325
20250819,4.7679,1.717,3.0509
20250820,4.7103,1.6365,3.0738
20250821,4.768,1.6507,3.1173
20250822,4.7271,1.6241,3.103
20250826,4.7824,1.6548,3.1276
20250827,4.7658,1.6514,3.1144
20250828,4.7462,1.6209,3.1253
20250829,4.7688,1.6354,3.1334
20250901,4.8,1.6764,3.1236
20250902,4.8527,1.7199,3.1328
20250903,4.8012,1.6785,3.1227
20250904,4.7826,1.6524,3.1302
20250905,4.698,1.5951,3.1029
20250908,4.6606,1.5627,3.0979
20250909,4.6802,1.5863,3.0939
20250910,4.6864,1.5883,3.0981
20250911,4.6563,1.5993,3.057
20250912,4.7049,1.629,3.0759
20250915,4.6805,1.6258,3.0547
20250916,4.6903,1.6297,3.0606
20250917,4.6686,1.5725,3.0961
20250918,4.7161,1.6051,3.111
20250919,4.7672,1.6552,3.112
20250922,4.7538,1.6586,3.0952
20250923,4.7433,1.6425,3.1008
20250924,4.7314,1.6121,3.1193
20250925,4.8004,1.6747,3.1257
20250926,4.8018,1.6718,3.13
20250929,4.7588,1.6491,3.1097
20250930,4.7628,1.6571,3.1057
20251001,4.7559,1.663,3.0929
20251002,4.7697,1.6781,3.0916
20251003,4.7535,1.6706,3.0829
20251006,4.7851,1.6959,3.0892
20251007,4.7946,1.6994,3.0952
20251008,4.7697,1.6832,3.0865
20251009,4.8086,1.7203,3.0883
20251010,4.7326,1.6546,3.078
20251013,4.7242,1.6483,3.0759
20251014,4.6466,1.5975,3.0491
20251015,4.5964,1.574,3.0224
20251016,4.5733,1.5509,3.0224
20251017,4.5963,1.5979,2.9984
20251020,4.5732,1.6063,2.9669
20251021,4.5433,1.591,2.9523
20251022,4.4799,1.5074,2.9725
20251023,4.4792,1.5083,2.9709
20251024,4.491,1.5445,2.9465
20251027,4.4676,1.5501,2.9175
20251028,4.4618,1.5409,2.9209
20251029,4.4595,1.5503,2.9092
20251030,4.4714,1.5569,2.9145
20251031,4.4773,1.5584,2.9189
20251103,4.5073,1.5871,2.9202
20251104,4.4735,1.5644,2.9091
20251105,4.5312,1.6266,2.9046
20251106,4.5025,1.6209,2.8816
20251107,4.5251,1.6413,2.8838
20251110,4.5211,1.604,2.9171
20251111,4.4518,1.5357,2.9161
20251112,4.4742,1.5611,2.9131
20251113,4.5054,1.5782,2.9272
20251114,4.6369,1.6631,2.9738
20251117,4.6109,1.6593,2.9516
20251118,4.6188,1.6648,2.954
20251119,4.6836,1.6773,3.0063
20251120,4.6593,1.6648,2.9945
20251121,4.6141,1.6544,2.9597
20251124,4.6241,1.6834,2.9407
20251125,4.5705,1.6377,2.9328
20251126,4.5109,1.5732,2.9377
20251127,4.5411,1.5615,2.9796
20251128,4.5335,1.5495,2.984
20251201,4.5653,1.5876,2.9777
20251202,4.5687,1.5777,2.991
20251203,4.5228,1.5264,2.9964
20251204,4.5161,1.4927,3.0234
20251205,4.5571,1.5519,3.0052
20251208,4.6228,1.6115,3.0113
20251209,4.591,1.5651,3.0259
20251210,4.5948,1.5921,3.0027
20251211,4.5568,1.5393,3.0175
20251212,4.6004,1.5995,3.0009
20251215,4.5715,1.5746,2.9969
20251216,4.5994,1.5969,3.0025
20251217,4.5527,1.5386,3.0141
20251218,4.5593,1.5559,3.0034
20251219,4.6023,1.5949,3.0074
20251222,4.6241,1.6209,3.0032
20251223,4.5939,1.605,2.9889
20251224,4.5996,1.6251,2.9745
20251229,4.5751,1.6155,2.9596
20251230,4.5838,1.6224,2.9614
20251231,4.5716,1.6165,2.9551
20260102,4.6265,1.677,2.9495
20260105,4.6033,1.6752,2.9281
20260106,4.5811,1.6455,2.9356
20260107,4.5104,1.5525,2.9579
20260108,4.507,1.5334,2.9736
20260109,4.4697,1.4817,2.988
20260112,4.465,1.4849,2.9801
20260113,4.4839,1.4922,2.9917
20260114,4.4482,1.4453,3.0029
20260115,4.4734,1.4674,3.006
20260116,4.5004,1.4581,3.0423
20260119,4.5018,1.4553,3.0465
20260120,4.557,1.4706,3.0864
20260121,4.5438,1.4403,3.1035
20260122,4.577,1.4616,3.1154
20260123,4.5921,1.4596,3.1325
20260126,4.5885,1.4628,3.1257
20260127,4.6178,1.4472,3.1706
20260128,4.6377,1.4634,3.1743
20260129,4.6062,1.4579,3.1483
20260130,4.6274,1.465,3.1624
20260202,4.614,1.4784,3.1356
20260203,4.6178,1.5002,3.1176
20260204,4.6421,1.5241,3.118
20260205,4.6574,1.5471,3.1103
20260206,4.6381,1.533,3.1051
20260209,4.648,1.5535,3.0945
20260210,4.6119,1.5348,3.0771
20260211,4.5991,1.5193,3.0798
20260212,4.562,1.4978,3.0642
20260213,4.5222,1.4702,3.052
20260216,4.5145,1.4643,3.0502
20260217,4.4893,1.4472,3.0421
20260218,4.4891,1.4057,3.0834
20260219,4.4885,1.3806,3.1079
20260220,4.4673,1.3715,3.0958
20260223,4.4286,1.3426,3.086
20260224,4.4233,1.3482,3.0751
20260225,4.4291,1.3546,3.0745
20260226,4.3958,1.3129,3.0829
20260227,4.3519,1.2593,3.0926
20260302,4.4125,1.2577,3.1548
20260303,4.5553,1.329,3.2263
20260304,4.4865,1.3012,3.1853
20260305,4.5762,1.369,3.2072
20260306,4.7034,1.4131,3.2903
20260309,4.6668,1.3352,3.3316
20260310,4.5966,1.3406,3.256
20260311,4.7341,1.397,3.3371
20260312,4.8162,1.3842,3.432
20260313,4.8544,1.4604,3.394
20260316,4.7939,1.4385,3.3554
20260317,4.7353,1.3503,3.385
20260318,4.785,1.3416,3.4434
20260319,4.8548,1.4107,3.4441
20260320,4.996,1.541,3.455
20260323,4.9505,1.5298,3.4207
20260324,4.9534,1.5343,3.4191
20260325,4.8473,1.4517,3.3956
20260326,4.9662,1.5169,3.4493
20260327,5.0098,1.5338,3.476
20260330,4.9579,1.4705,3.4874
20260331,4.9442,1.4171,3.5271
20260401,4.8657,1.4234,3.4423
20260402,4.8598,1.3981,3.4617
20260407,4.9561,1.424,3.5321
20260408,4.748,1.3591,3.3889
20260409,4.8372,1.3944,3.4428
20260410,4.8493,1.4323,3.417
20260413,4.9016,1.4502,3.4514
20260414,4.8307,1.4343,3.3964
20260415,4.8348,1.4352,3.3996
20260416,4.8873,1.4784,3.4089
20260417,4.7975,1.4524,3.3451
20260420,4.884,1.5249,3.3591
20260421,4.9203,1.5542,3.3661
20260422,4.9279,1.5085,3.4194
20260423,4.9616,1.5312,3.4304
20260424,4.9673,1.5179,3.4494
20260427,5.0143,1.5318,3.4825
20260428,5.0414,1.554,3.4874
20260429,5.0929,1.5438,3.5491
20260430,5.0557,1.5356,3.5201
20260501,5.0157,1.5178,3.4979
20260505,5.1099,1.6042,3.5057
20260506,4.981,1.5461,3.4349
20260507,4.9691,1.5752,3.3939
20260508,4.9545,1.5427,3.4118
20260511,5.0426,1.5978,3.4448
20260512,5.1384,1.642,3.4964
20260513,5.1139,1.6057,3.5082
20260514,5.0483,1.581,3.4673
20260515,5.2138,1.7045,3.5093
20260518,5.1879,1.6846,3.5033
20260519,5.1655,1.6852,3.4803
20260520,5.0391,1.5641,3.475
20260521,5.0081,1.5266,3.4815
20260522,4.9437,1.5005,3.4432
20260526,4.9224,1.5283,3.3941
20260527,4.9087,1.5319,3.3768
20260528,4.8678,1.5121,3.3557
20260529,4.8604,1.5478,3.3126
20260601,4.9496,1.5833,3.3663
20260602,4.9084,1.5765,3.3319
20260603,4.9677,1.6226,3.3451
20260604,4.9553,1.6359,3.3194
20260605,4.9525,1.6571,3.2954
20260608,4.9883,1.6849,3.3034
20260609,4.9634,1.6584,3.305
20260610,4.9769,1.6578,3.3191
20260611,4.9548,1.6582,3.2966
20260612,4.8997,1.648,3.2517
20260615,4.8767,1.672,3.2047
20260616,4.8627,1.6616,3.2011
20260617,4.8235,1.6215,3.202
20260618,4.8001,1.6335,3.1666
20260619,4.8984,1.7112,3.1872
20260622,4.862,1.7074,3.1546
20260623,4.8097,1.663,3.1467
20260624,4.7438,1.6265,3.1173
20260625,4.7626,1.6339,3.1287
20260626,4.795,1.6981,3.0969
20260629,4.7814,1.6809,3.1005
20260630,4.8267,1.7211,3.1056
20260701,4.8301,1.7257,3.1044
20260702,4.837,1.7237,3.1133
20260703,4.8535,1.7335,3.12
20260706,4.8582,1.7505,3.1077
20260707,4.8973,1.7787,3.1186
20260708,5.0356,1.8559,3.1797
20260709,4.9751,1.824,3.1511
20260710,4.9512,1.8104,3.1408
20260713,5.0282,1.8508,3.1774
20260714,5.0141,1.8186,3.1955
20260715,5.0138,1.813,3.2008
20260716,5.0376,1.8396,3.198
20260717,5.0139,1.83,3.1839
20260720,5.0939,1.8825,3.2114
20260721,5.093,1.8765,3.2165
20260722,5.1032,1.8427,3.2605
20260723,5.1683,1.8928,3.2755
20260724,5.0991,1.8655,3.2336
20260727,5.0489,1.8506,3.1983
20260728,5.0186,1.8498,3.1688
20260729,5.0779,1.8813,3.1966
20260730,5.078,1.9002,3.1778
20260731,5.104,1.8812,3.2228
20260803,5.021,1.8537,3.1673
20260804,4.9872,1.824,3.1632
20260805,4.9563,1.8095,3.1468
20260806,4.9939,1.8347,3.1592
20260807,4.9945,1.836,3.1585
20260810,5.0529,1.8461,3.2068
20260811,5.0274,1.8232,3.2042
20260812,5.0438,1.82,3.2238
20260813,5.0269,1.8066,3.2203
20260814,5.0931,1.8454,3.2477
20260817,5.1271,1.8524,3.2747
20260818,5.1514,1.8476,3.3038
20260819,5.1237,1.8407,3.283
20260820,5.1276,1.85,3.2776
20260821,5.134,1.86,3.274
20260824,5.1318,1.8506,3.2812
20260825,5.0775,1.8232,3.2543
20260826,5.0929,1.8417,3.2512
20260827,5.1055,1.83,3.2755
20260828,5.141,1.838,3.303
20260901,5.2068,1.8741,3.3327
20260902,5.2416,1.8793,3.3623
20260903,5.1575,1.8149,3.3426
