# QUALITY=PROXY_LT_TENOR | RRB long-term ~30Y, not 10Y (BoC) | generated by real_yields_g8.py
DATE,NOM10,REAL10,BE10
20030102,5.45,3.3,2.15
20030103,5.46,3.32,2.14
20030106,5.48,3.28,2.2
20030107,5.45,3.27,2.18
20030108,5.45,3.25,2.2
20030109,5.5,3.26,2.24
20030110,5.49,3.25,2.24
20030113,5.51,3.25,2.26
20030114,5.5,3.24,2.26
20030115,5.49,3.24,2.25
20030116,5.48,3.24,2.24
20030117,5.47,3.22,2.25
20030120,5.45,3.22,2.23
20030121,5.43,3.22,2.21
20030122,5.44,3.22,2.22
20030123,5.44,3.21,2.23
20030124,5.44,3.21,2.23
20030127,5.44,3.22,2.22
20030128,5.45,3.22,2.23
20030129,5.49,3.22,2.27
20030130,5.5,3.22,2.28
20030131,5.47,3.21,2.26
20030203,5.49,3.21,2.28
20030204,5.48,3.2,2.28
20030205,5.52,3.19,2.33
20030206,5.49,3.17,2.32
20030207,5.5,3.16,2.34
20030210,5.53,3.15,2.38
20030211,5.52,3.15,2.37
20030212,5.52,3.15,2.37
20030213,5.48,3.14,2.34
20030214,5.52,3.14,2.38
20030217,5.52,3.14,2.38
20030218,5.52,3.15,2.37
20030219,5.5,3.15,2.35
20030220,5.48,3.11,2.37
20030221,5.51,3.11,2.4
20030224,5.5,3.1,2.4
20030225,5.49,3.08,2.41
20030226,5.46,3.06,2.4
20030227,5.45,3.04,2.41
20030228,5.44,3.0,2.44
20030303,5.44,2.99,2.45
20030304,5.43,2.99,2.44
20030305,5.39,2.96,2.43
20030306,5.39,2.95,2.44
20030307,5.38,2.85,2.53
20030310,5.37,2.83,2.54
20030311,5.35,2.82,2.53
20030312,5.35,2.79,2.56
20030313,5.44,2.85,2.59
20030314,5.43,2.94,2.49
20030317,5.5,3.01,2.49
20030318,5.52,3.05,2.47
20030319,5.58,3.04,2.54
20030320,5.6,3.05,2.55
20030321,5.66,3.05,2.61
20030324,5.59,3.04,2.55
20030325,5.59,3.04,2.55
20030326,5.58,3.08,2.5
20030327,5.6,3.08,2.52
20030328,5.57,3.08,2.49
20030331,5.55,3.05,2.5
20030401,5.59,3.03,2.56
20030402,5.61,3.05,2.56
20030403,5.61,3.05,2.56
20030404,5.62,3.06,2.56
20030407,5.62,3.07,2.55
20030408,5.56,3.06,2.5
20030409,5.53,3.05,2.48
20030410,5.52,3.04,2.48
20030411,5.53,3.04,2.49
20030414,5.56,3.06,2.5
20030415,5.55,3.07,2.48
20030416,5.53,3.08,2.45
20030417,5.53,3.12,2.41
20030421,5.51,3.12,2.39
20030422,5.52,3.13,2.39
20030423,5.53,3.13,2.4
20030424,5.49,3.13,2.36
20030425,5.45,3.13,2.32
20030428,5.43,3.12,2.31
20030429,5.44,3.12,2.32
20030430,5.41,3.13,2.28
20030501,5.4,3.13,2.27
20030502,5.43,3.13,2.3
20030505,5.43,3.13,2.3
20030506,5.39,3.12,2.27
20030507,5.35,3.1,2.25
20030508,5.36,3.1,2.26
20030509,5.37,3.1,2.27
20030512,5.37,3.08,2.29
20030513,5.35,3.08,2.27
20030514,5.28,3.06,2.22
20030515,5.27,3.06,2.21
20030516,5.24,3.06,2.18
20030520,5.16,3.04,2.12
20030521,5.13,3.0,2.13
20030522,5.06,2.97,2.09
20030523,5.05,2.93,2.12
20030526,5.01,2.93,2.08
20030527,5.09,2.96,2.13
20030528,5.12,3.0,2.12
20030529,5.02,2.97,2.05
20030530,5.0,2.96,2.04
20030602,5.05,2.98,2.07
20030603,4.99,2.96,2.03
20030604,4.99,2.91,2.08
20030605,4.99,2.9,2.09
20030606,4.96,2.91,2.05
20030609,4.91,2.91,2.0
20030610,4.84,2.89,1.95
20030611,4.87,2.9,1.97
20030612,4.82,2.9,1.92
20030613,4.74,2.89,1.85
20030616,4.82,2.9,1.92
20030617,4.91,2.92,1.99
20030618,4.95,2.93,2.02
20030619,4.97,2.95,2.02
20030620,5.01,2.99,2.02
20030623,4.96,2.99,1.97
20030624,4.94,2.98,1.96
20030625,5.03,2.99,2.04
20030626,5.1,3.01,2.09
20030627,5.13,3.05,2.08
20030630,5.09,3.04,2.05
20030702,5.09,3.06,2.03
20030703,5.17,3.08,2.09
20030704,5.16,3.09,2.07
20030707,5.26,3.12,2.14
20030708,5.25,3.14,2.11
20030709,5.23,3.13,2.1
20030710,5.22,3.12,2.1
20030711,5.23,3.11,2.12
20030714,5.27,3.12,2.15
20030715,5.38,3.17,2.21
20030716,5.3,3.19,2.11
20030717,5.28,3.17,2.11
20030718,5.3,3.17,2.13
20030721,5.37,3.18,2.19
20030722,5.34,3.19,2.15
20030723,5.32,3.18,2.14
20030724,5.35,3.17,2.18
20030725,5.37,3.17,2.2
20030728,5.41,3.17,2.24
20030729,5.41,3.15,2.26
20030730,5.4,3.15,2.25
20030731,5.44,3.17,2.27
20030801,5.4,3.16,2.24
20030805,5.45,3.17,2.28
20030806,5.42,3.16,2.26
20030807,5.4,3.16,2.24
20030808,5.38,3.16,2.22
20030811,5.44,3.17,2.27
20030812,5.46,3.17,2.29
20030813,5.53,3.19,2.34
20030814,5.53,3.19,2.34
20030815,5.47,3.19,2.28
20030818,5.41,3.19,2.22
20030819,5.32,3.16,2.16
20030820,5.35,3.16,2.19
20030821,5.39,3.17,2.22
20030822,5.38,3.18,2.2
20030825,5.41,3.18,2.23
20030826,5.4,3.16,2.24
20030827,5.44,3.15,2.29
20030828,5.38,3.13,2.25
20030829,5.35,3.12,2.23
20030902,5.41,3.13,2.28
20030903,5.44,3.13,2.31
20030904,5.39,3.1,2.29
20030905,5.34,3.07,2.27
20030908,5.37,3.08,2.29
20030909,5.34,3.08,2.26
20030910,5.32,3.08,2.24
20030911,5.35,3.09,2.26
20030912,5.33,3.08,2.25
20030915,5.34,3.07,2.27
20030916,5.36,3.07,2.29
20030917,5.32,3.08,2.24
20030918,5.31,3.08,2.23
20030919,5.29,3.08,2.21
20030922,5.28,3.09,2.19
20030923,5.26,3.08,2.18
20030924,5.23,3.08,2.15
20030925,5.2,3.08,2.12
20030926,5.16,3.07,2.09
20030929,5.22,3.08,2.14
20030930,5.14,3.03,2.11
20031001,5.14,3.01,2.13
20031002,5.18,3.02,2.16
20031003,5.29,3.06,2.23
20031006,5.27,3.05,2.22
20031007,5.32,3.05,2.27
20031008,5.31,3.05,2.26
20031009,5.35,3.06,2.29
20031010,5.33,3.03,2.3
20031014,5.41,3.05,2.36
20031015,5.47,3.06,2.41
20031016,5.5,3.05,2.45
20031017,5.43,3.05,2.38
20031020,5.39,3.05,2.34
20031021,5.37,3.03,2.34
20031022,5.33,3.02,2.31
20031023,5.38,3.02,2.36
20031024,5.32,3.01,2.31
20031027,5.35,3.02,2.33
20031028,5.34,3.01,2.33
20031029,5.38,3.0,2.38
20031030,5.41,3.01,2.4
20031031,5.35,3.0,2.35
20031103,5.41,3.02,2.39
20031104,5.38,3.01,2.37
20031105,5.41,3.01,2.4
20031106,5.45,3.03,2.42
20031107,5.47,3.04,2.43
20031110,5.47,3.04,2.43
20031112,5.47,3.02,2.45
20031113,5.39,3.01,2.38
20031114,5.35,2.99,2.36
20031117,5.35,2.98,2.37
20031118,5.3,2.96,2.34
20031119,5.33,2.95,2.38
20031120,5.29,2.93,2.36
20031121,5.26,2.92,2.34
20031124,5.29,2.93,2.36
20031125,5.27,2.91,2.36
20031126,5.29,2.91,2.38
20031127,5.31,2.91,2.4
20031128,5.33,2.92,2.41
20031201,5.35,2.93,2.42
20031202,5.32,2.92,2.4
20031203,5.34,2.92,2.42
20031204,5.35,2.92,2.43
20031205,5.27,2.9,2.37
20031208,5.3,2.9,2.4
20031209,5.34,2.9,2.44
20031210,5.32,2.91,2.41
20031211,5.28,2.9,2.38
20031212,5.27,2.88,2.39
20031215,5.26,2.88,2.38
20031216,5.24,2.87,2.37
20031217,5.21,2.86,2.35
20031218,5.17,2.84,2.33
20031219,5.19,2.8,2.39
20031222,5.19,2.78,2.41
20031223,5.22,2.78,2.44
20031224,5.17,2.79,2.38
20031229,5.18,2.78,2.4
20031230,5.2,2.79,2.41
20031231,5.2,2.79,2.41
20040102,5.31,2.8,2.51
20040105,5.33,2.8,2.53
20040106,5.27,2.78,2.49
20040107,5.26,2.76,2.5
20040108,5.29,2.76,2.53
20040109,5.2,2.72,2.48
20040112,5.19,2.71,2.48
20040113,5.16,2.69,2.47
20040114,5.13,2.68,2.45
20040115,5.12,2.66,2.46
20040116,5.15,2.65,2.5
20040119,5.16,2.64,2.52
20040120,5.16,2.64,2.52
20040121,5.11,2.62,2.49
20040122,5.05,2.57,2.48
20040123,5.15,2.58,2.57
20040126,5.18,2.58,2.6
20040127,5.16,2.57,2.59
20040128,5.23,2.57,2.66
20040129,5.23,2.61,2.62
20040130,5.17,2.59,2.58
20040202,5.19,2.59,2.6
20040203,5.17,2.58,2.59
20040204,5.18,2.59,2.59
20040205,5.18,2.64,2.54
20040206,5.1,2.6,2.5
20040209,5.09,2.6,2.49
20040210,5.12,2.6,2.52
20040211,5.07,2.58,2.49
20040212,5.1,2.58,2.52
20040213,5.09,2.58,2.51
20040216,5.09,2.58,2.51
20040217,5.08,2.58,2.5
20040218,5.11,2.58,2.53
20040219,5.12,2.59,2.53
20040220,5.15,2.6,2.55
20040223,5.13,2.59,2.54
20040224,5.1,2.57,2.53
20040225,5.09,2.56,2.53
20040226,5.1,2.55,2.55
20040227,5.05,2.52,2.53
20040301,5.02,2.5,2.52
20040302,5.02,2.49,2.53
20040303,5.05,2.48,2.57
20040304,5.05,2.47,2.58
20040305,4.98,2.42,2.56
20040308,4.95,2.42,2.53
20040309,4.95,2.41,2.54
20040310,4.97,2.43,2.54
20040311,4.97,2.42,2.55
20040312,4.99,2.42,2.57
20040315,4.96,2.42,2.54
20040316,4.94,2.41,2.53
20040317,4.91,2.38,2.53
20040318,4.92,2.38,2.54
20040319,4.93,2.39,2.54
20040322,4.89,2.38,2.51
20040323,4.9,2.38,2.52
20040324,4.89,2.37,2.52
20040325,4.9,2.36,2.54
20040326,4.98,2.38,2.6
20040329,5.03,2.4,2.63
20040330,5.04,2.4,2.64
20040331,5.04,2.39,2.65
20040401,5.05,2.4,2.65
20040402,5.17,2.44,2.73
20040405,5.2,2.43,2.77
20040406,5.19,2.42,2.77
20040407,5.16,2.41,2.75
20040408,5.16,2.41,2.75
20040412,5.19,2.41,2.78
20040413,5.25,2.42,2.83
20040414,5.27,2.42,2.85
20040415,5.27,2.44,2.83
20040416,5.23,2.44,2.79
20040419,5.26,2.44,2.82
20040420,5.31,2.45,2.86
20040421,5.27,2.45,2.82
20040422,5.23,2.44,2.79
20040423,5.27,2.46,2.81
20040426,5.27,2.46,2.81
20040427,5.26,2.46,2.8
20040428,5.31,2.46,2.85
20040429,5.32,2.47,2.85
20040430,5.24,2.46,2.78
20040503,5.22,2.45,2.77
20040504,5.25,2.45,2.8
20040505,5.27,2.45,2.82
20040506,5.26,2.45,2.81
20040507,5.36,2.47,2.89
20040510,5.35,2.47,2.88
20040511,5.34,2.47,2.87
20040512,5.42,2.48,2.94
20040513,5.44,2.49,2.95
20040514,5.39,2.48,2.91
20040517,5.33,2.44,2.89
20040518,5.35,2.41,2.94
20040519,5.39,2.39,3.0
20040520,5.36,2.36,3.0
20040521,5.38,2.33,3.05
20040525,5.39,2.33,3.06
20040526,5.32,2.32,3.0
20040527,5.27,2.3,2.97
20040528,5.3,2.31,2.99
20040531,5.31,2.31,3.0
20040601,5.32,2.31,3.01
20040602,5.39,2.33,3.06
20040603,5.39,2.34,3.05
20040604,5.46,2.44,3.02
20040607,5.46,2.44,3.02
20040608,5.43,2.44,2.99
20040609,5.44,2.45,2.99
20040610,5.44,2.45,2.99
20040611,5.47,2.47,3.0
20040614,5.49,2.48,3.01
20040615,5.39,2.44,2.95
20040616,5.43,2.46,2.97
20040617,5.42,2.48,2.94
20040618,5.44,2.47,2.97
20040621,5.42,2.46,2.96
20040622,5.44,2.45,2.99
20040623,5.38,2.42,2.96
20040624,5.35,2.4,2.95
20040625,5.36,2.4,2.96
20040628,5.41,2.42,2.99
20040629,5.39,2.41,2.98
20040630,5.33,2.37,2.96
20040702,5.26,2.33,2.93
20040705,5.27,2.32,2.95
20040706,5.29,2.34,2.95
20040707,5.3,2.34,2.96
20040708,5.29,2.33,2.96
20040709,5.27,2.31,2.96
20040712,5.28,2.29,2.99
20040713,5.29,2.3,2.99
20040714,5.29,2.3,2.99
20040715,5.29,2.29,3.0
20040716,5.22,2.24,2.98
20040719,5.19,2.23,2.96
20040720,5.23,2.26,2.97
20040721,5.25,2.28,2.97
20040722,5.24,2.27,2.97
20040723,5.22,2.27,2.95
20040726,5.22,2.27,2.95
20040727,5.3,2.31,2.99
20040728,5.29,2.31,2.98
20040729,5.28,2.32,2.96
20040730,5.24,2.31,2.93
20040803,5.18,2.27,2.91
20040804,5.18,2.25,2.93
20040805,5.18,2.25,2.93
20040806,5.09,2.21,2.88
20040809,5.13,2.22,2.91
20040810,5.18,2.23,2.95
20040811,5.14,2.21,2.93
20040812,5.12,2.19,2.93
20040813,5.11,2.18,2.93
20040816,5.14,2.2,2.94
20040817,5.11,2.19,2.92
20040818,5.15,2.21,2.94
20040819,5.12,2.19,2.93
20040820,5.12,2.19,2.93
20040823,5.17,2.2,2.97
20040824,5.18,2.22,2.96
20040825,5.15,2.22,2.93
20040826,5.13,2.22,2.91
20040827,5.13,2.22,2.91
20040830,5.11,2.23,2.88
20040831,5.09,2.24,2.85
20040901,5.08,2.31,2.77
20040902,5.12,2.31,2.81
20040903,5.16,2.32,2.84
20040907,5.16,2.33,2.83
20040908,5.11,2.31,2.8
20040909,5.13,2.3,2.83
20040910,5.12,2.3,2.82
20040913,5.11,2.29,2.82
20040914,5.1,2.3,2.8
20040915,5.1,2.29,2.81
20040916,5.05,2.28,2.77
20040917,5.07,2.32,2.75
20040920,5.03,2.33,2.7
20040921,5.04,2.34,2.7
20040922,5.03,2.34,2.69
20040923,5.04,2.34,2.7
20040924,5.03,2.34,2.69
20040927,5.01,2.33,2.68
20040928,5.0,2.32,2.68
20040929,5.04,2.32,2.72
20040930,5.08,2.33,2.75
20041001,5.12,2.34,2.78
20041004,5.11,2.34,2.77
20041005,5.09,2.34,2.75
20041006,5.13,2.34,2.79
20041007,5.15,2.35,2.8
20041008,5.09,2.32,2.77
20041012,5.06,2.31,2.75
20041013,5.05,2.31,2.74
20041014,5.02,2.29,2.73
20041015,5.04,2.31,2.73
20041018,5.02,2.3,2.72
20041019,4.99,2.29,2.7
20041020,4.97,2.26,2.71
20041021,4.97,2.25,2.72
20041022,4.94,2.26,2.68
20041025,4.94,2.26,2.68
20041026,4.95,2.26,2.69
20041027,5.0,2.28,2.72
20041028,4.97,2.27,2.7
20041029,4.94,2.26,2.68
20041101,4.97,2.27,2.7
20041102,4.95,2.26,2.69
20041103,4.94,2.25,2.69
20041104,4.95,2.25,2.7
20041105,5.0,2.26,2.74
20041108,5.0,2.28,2.72
20041109,5.02,2.28,2.74
20041110,5.0,2.28,2.72
20041112,4.94,2.24,2.7
20041115,4.96,2.24,2.72
20041116,4.97,2.23,2.74
20041117,4.92,2.18,2.74
20041118,4.92,2.18,2.74
20041119,4.97,2.19,2.78
20041122,4.96,2.18,2.78
20041123,4.93,2.18,2.75
20041124,4.9,2.17,2.73
20041125,4.88,2.16,2.72
20041126,4.9,2.18,2.72
20041129,4.96,2.21,2.75
20041130,4.98,2.21,2.77
20041201,4.95,2.22,2.73
20041202,4.97,2.23,2.74
20041203,4.88,2.2,2.68
20041206,4.86,2.2,2.66
20041207,4.86,2.17,2.69
20041208,4.82,2.14,2.68
20041209,4.89,2.16,2.73
20041210,4.86,2.14,2.72
20041213,4.84,2.14,2.7
20041214,4.81,2.12,2.69
20041215,4.79,2.09,2.7
20041216,4.84,2.11,2.73
20041217,4.87,2.09,2.78
20041220,4.85,2.09,2.76
20041221,4.84,2.09,2.75
20041222,4.88,2.1,2.78
20041223,4.85,2.09,2.76
20041224,4.86,2.09,2.77
20041229,4.92,2.11,2.81
20041230,4.87,2.09,2.78
20041231,4.83,2.07,2.76
20050104,4.85,2.07,2.78
20050105,4.84,2.06,2.78
20050106,4.83,2.05,2.78
20050107,4.86,2.05,2.81
20050110,4.87,2.05,2.82
20050111,4.83,2.05,2.78
20050112,4.83,2.05,2.78
20050113,4.77,2.02,2.75
20050114,4.77,2.02,2.75
20050117,4.76,2.02,2.74
20050118,4.76,2.02,2.74
20050119,4.73,2.02,2.71
20050120,4.75,2.04,2.71
20050121,4.74,2.03,2.71
20050124,4.72,2.02,2.7
20050125,4.74,2.04,2.7
20050126,4.74,2.03,2.71
20050127,4.74,2.04,2.7
20050128,4.7,2.01,2.69
20050131,4.71,2.03,2.68
20050201,4.72,2.02,2.7
20050202,4.73,2.04,2.69
20050203,4.75,2.05,2.7
20050204,4.67,2.01,2.66
20050207,4.63,2.0,2.63
20050208,4.61,1.97,2.64
20050209,4.58,1.96,2.62
20050210,4.63,1.98,2.65
20050211,4.64,1.97,2.67
20050214,4.61,1.95,2.66
20050215,4.62,1.95,2.67
20050216,4.64,1.97,2.67
20050217,4.66,1.98,2.68
20050218,4.71,2.01,2.7
20050221,4.73,2.02,2.71
20050222,4.73,2.05,2.68
20050223,4.76,2.07,2.69
20050224,4.77,2.09,2.68
20050225,4.71,2.07,2.64
20050228,4.75,2.09,2.66
20050301,4.74,2.1,2.64
20050302,4.75,2.11,2.64
20050303,4.74,2.1,2.64
20050304,4.7,2.06,2.64
20050307,4.68,2.02,2.66
20050308,4.7,2.03,2.67
20050309,4.79,2.07,2.72
20050310,4.79,2.09,2.7
20050311,4.83,2.12,2.71
20050314,4.81,2.11,2.7
20050315,4.85,2.13,2.72
20050316,4.81,2.11,2.7
20050317,4.78,2.09,2.69
20050318,4.77,2.08,2.69
20050321,4.79,2.08,2.71
20050322,4.83,2.11,2.72
20050323,4.82,2.12,2.7
20050324,4.82,2.11,2.71
20050328,4.84,2.12,2.72
20050329,4.81,2.1,2.71
20050330,4.77,2.08,2.69
20050331,4.71,2.03,2.68
20050401,4.68,2.02,2.66
20050404,4.69,2.01,2.68
20050405,4.72,2.02,2.7
20050406,4.7,2.01,2.69
20050407,4.74,2.02,2.72
20050408,4.71,2.01,2.7
20050411,4.65,1.97,2.68
20050412,4.62,1.95,2.67
20050413,4.65,1.97,2.68
20050414,4.65,1.96,2.69
20050415,4.61,1.94,2.67
20050418,4.62,1.95,2.67
20050419,4.59,1.91,2.68
20050420,4.59,1.92,2.67
20050421,4.63,1.95,2.68
20050422,4.61,1.93,2.68
20050425,4.6,1.92,2.68
20050426,4.6,1.93,2.67
20050427,4.59,1.92,2.67
20050428,4.56,1.9,2.66
20050429,4.58,1.9,2.68
20050502,4.57,1.89,2.68
20050503,4.55,1.89,2.66
20050504,4.57,1.89,2.68
20050505,4.58,1.89,2.69
20050506,4.63,1.92,2.71
20050509,4.61,1.91,2.7
20050510,4.57,1.89,2.68
20050511,4.54,1.87,2.67
20050512,4.52,1.86,2.66
20050513,4.47,1.84,2.63
20050516,4.49,1.84,2.65
20050517,4.48,1.84,2.64
20050518,4.46,1.84,2.62
20050519,4.5,1.87,2.63
20050520,4.5,1.88,2.62
20050524,4.45,1.85,2.6
20050525,4.46,1.86,2.6
20050526,4.45,1.86,2.59
20050527,4.42,1.85,2.57
20050530,4.41,1.85,2.56
20050531,4.37,1.83,2.54
20050601,4.28,1.79,2.49
20050602,4.29,1.8,2.49
20050603,4.34,1.81,2.53
20050606,4.31,1.81,2.5
20050607,4.26,1.79,2.47
20050608,4.29,1.8,2.49
20050609,4.29,1.81,2.48
20050610,4.35,1.86,2.49
20050613,4.37,1.88,2.49
20050614,4.4,1.89,2.51
20050615,4.39,1.89,2.5
20050616,4.36,1.88,2.48
20050617,4.35,1.86,2.49
20050620,4.35,1.87,2.48
20050621,4.31,1.85,2.46
20050622,4.25,1.83,2.42
20050623,4.24,1.82,2.42
20050624,4.23,1.84,2.39
20050627,4.22,1.84,2.38
20050628,4.25,1.85,2.4
20050629,4.29,1.87,2.42
20050630,4.21,1.85,2.36
20050704,4.31,1.9,2.41
20050705,4.35,1.92,2.43
20050706,4.32,1.9,2.42
20050707,4.32,1.89,2.43
20050708,4.32,1.9,2.42
20050711,4.33,1.91,2.42
20050712,4.36,1.92,2.44
20050713,4.35,1.92,2.43
20050714,4.33,1.92,2.41
20050715,4.31,1.92,2.39
20050718,4.34,1.95,2.39
20050719,4.32,1.92,2.4
20050720,4.32,1.93,2.39
20050721,4.36,1.94,2.42
20050722,4.29,1.91,2.38
20050725,4.28,1.91,2.37
20050726,4.3,1.93,2.37
20050727,4.31,1.93,2.38
20050728,4.27,1.9,2.37
20050729,4.27,1.9,2.37
20050802,4.34,1.91,2.43
20050803,4.32,1.9,2.42
20050804,4.32,1.89,2.43
20050805,4.37,1.92,2.45
20050808,4.38,1.93,2.45
20050809,4.37,1.93,2.44
20050810,4.4,1.93,2.47
20050811,4.36,1.9,2.46
20050812,4.3,1.86,2.44
20050815,4.32,1.86,2.46
20050816,4.26,1.83,2.43
20050817,4.29,1.82,2.47
20050818,4.25,1.8,2.45
20050819,4.23,1.79,2.44
20050822,4.24,1.79,2.45
20050823,4.23,1.77,2.46
20050824,4.2,1.76,2.44
20050825,4.16,1.75,2.41
20050826,4.16,1.76,2.4
20050829,4.15,1.75,2.4
20050830,4.13,1.74,2.39
20050831,4.12,1.73,2.39
20050901,4.1,1.71,2.39
20050902,4.1,1.72,2.38
20050906,4.14,1.74,2.4
20050907,4.19,1.75,2.44
20050908,4.19,1.72,2.47
20050909,4.15,1.7,2.45
20050912,4.19,1.71,2.48
20050913,4.16,1.69,2.47
20050914,4.17,1.69,2.48
20050915,4.19,1.69,2.5
20050916,4.23,1.69,2.54
20050919,4.21,1.66,2.55
20050920,4.21,1.67,2.54
20050921,4.17,1.63,2.54
20050922,4.18,1.63,2.55
20050923,4.22,1.65,2.57
20050926,4.24,1.68,2.56
20050927,4.23,1.66,2.57
20050928,4.21,1.64,2.57
20050929,4.24,1.63,2.61
20050930,4.22,1.61,2.61
20051003,4.24,1.61,2.63
20051004,4.2,1.6,2.6
20051005,4.19,1.58,2.61
20051006,4.2,1.59,2.61
20051007,4.19,1.61,2.58
20051011,4.23,1.61,2.62
20051012,4.29,1.63,2.66
20051013,4.3,1.63,2.67
20051014,4.3,1.63,2.67
20051017,4.31,1.63,2.68
20051018,4.3,1.63,2.67
20051019,4.33,1.64,2.69
20051020,4.3,1.66,2.64
20051021,4.26,1.66,2.6
20051024,4.27,1.67,2.6
20051025,4.32,1.69,2.63
20051026,4.37,1.7,2.67
20051027,4.35,1.68,2.67
20051028,4.35,1.68,2.67
20051031,4.35,1.66,2.69
20051101,4.35,1.66,2.69
20051102,4.36,1.64,2.72
20051103,4.36,1.64,2.72
20051104,4.37,1.64,2.73
20051107,4.34,1.63,2.71
20051108,4.3,1.61,2.69
20051109,4.34,1.63,2.71
20051110,4.31,1.62,2.69
20051114,4.33,1.64,2.69
20051115,4.29,1.62,2.67
20051116,4.24,1.59,2.65
20051117,4.23,1.58,2.65
20051118,4.25,1.6,2.65
20051121,4.23,1.61,2.62
20051122,4.2,1.61,2.59
20051123,4.18,1.61,2.57
20051124,4.18,1.61,2.57
20051125,4.17,1.62,2.55
20051128,4.15,1.62,2.53
20051129,4.18,1.65,2.53
20051130,4.18,1.65,2.53
20051201,4.18,1.64,2.54
20051202,4.21,1.68,2.53
20051205,4.24,1.68,2.56
20051206,4.18,1.64,2.54
20051207,4.2,1.65,2.55
20051208,4.17,1.64,2.53
20051209,4.22,1.65,2.57
20051212,4.24,1.64,2.6
20051213,4.23,1.63,2.6
20051214,4.19,1.59,2.6
20051215,4.17,1.57,2.6
20051216,4.12,1.53,2.59
20051219,4.11,1.51,2.6
20051220,4.12,1.51,2.61
20051221,4.12,1.49,2.63
20051222,4.09,1.47,2.62
20051223,4.07,1.46,2.61
20051228,4.02,1.44,2.58
20051229,4.04,1.45,2.59
20051230,4.05,1.45,2.6
20060103,4.06,1.44,2.62
20060104,4.06,1.44,2.62
20060105,4.08,1.46,2.62
20060106,4.1,1.48,2.62
20060109,4.11,1.49,2.62
20060110,4.15,1.49,2.66
20060111,4.15,1.5,2.65
20060112,4.14,1.5,2.64
20060113,4.1,1.48,2.62
20060116,4.09,1.47,2.62
20060117,4.06,1.45,2.61
20060118,4.06,1.45,2.61
20060119,4.1,1.47,2.63
20060120,4.11,1.47,2.64
20060123,4.13,1.49,2.64
20060124,4.16,1.51,2.65
20060125,4.2,1.54,2.66
20060126,4.23,1.56,2.67
20060127,4.23,1.54,2.69
20060130,4.25,1.54,2.71
20060131,4.24,1.53,2.71
20060201,4.26,1.5,2.76
20060202,4.25,1.49,2.76
20060203,4.21,1.46,2.75
20060206,4.23,1.47,2.76
20060207,4.24,1.48,2.76
20060208,4.25,1.51,2.74
20060209,4.24,1.49,2.75
20060210,4.27,1.48,2.79
20060213,4.26,1.47,2.79
20060214,4.27,1.49,2.78
20060215,4.27,1.49,2.78
20060216,4.25,1.48,2.77
20060217,4.18,1.46,2.72
20060220,4.17,1.46,2.71
20060221,4.19,1.47,2.72
20060222,4.15,1.44,2.71
20060223,4.17,1.46,2.71
20060224,4.17,1.46,2.71
20060227,4.17,1.48,2.69
20060228,4.15,1.47,2.68
20060301,4.17,1.5,2.67
20060302,4.2,1.53,2.67
20060303,4.24,1.56,2.68
20060306,4.29,1.57,2.72
20060307,4.25,1.54,2.71
20060308,4.24,1.53,2.71
20060309,4.24,1.53,2.71
20060310,4.26,1.54,2.72
20060313,4.26,1.55,2.71
20060314,4.2,1.55,2.65
20060315,4.22,1.56,2.66
20060316,4.16,1.53,2.63
20060317,4.18,1.54,2.64
20060320,4.18,1.55,2.63
20060321,4.2,1.57,2.63
20060322,4.19,1.57,2.62
20060323,4.2,1.57,2.63
20060324,4.16,1.55,2.61
20060327,4.18,1.56,2.62
20060328,4.21,1.59,2.62
20060329,4.23,1.59,2.64
20060330,4.28,1.6,2.68
20060331,4.26,1.58,2.68
20060403,4.29,1.58,2.71
20060404,4.31,1.61,2.7
20060405,4.32,1.6,2.72
20060406,4.37,1.64,2.73
20060407,4.44,1.68,2.76
20060410,4.43,1.69,2.74
20060411,4.41,1.7,2.71
20060412,4.44,1.72,2.72
20060413,4.49,1.76,2.73
20060417,4.47,1.75,2.72
20060418,4.47,1.72,2.75
20060419,4.52,1.73,2.79
20060420,4.55,1.76,2.79
20060421,4.52,1.74,2.78
20060424,4.49,1.75,2.74
20060425,4.55,1.78,2.77
20060426,4.57,1.79,2.78
20060427,4.55,1.79,2.76
20060428,4.52,1.72,2.8
20060501,4.55,1.75,2.8
20060502,4.52,1.76,2.76
20060503,4.51,1.77,2.74
20060504,4.5,1.78,2.72
20060505,4.49,1.78,2.71
20060508,4.49,1.78,2.71
20060509,4.51,1.77,2.74
20060510,4.51,1.74,2.77
20060511,4.52,1.74,2.78
20060512,4.52,1.71,2.81
20060515,4.47,1.71,2.76
20060516,4.43,1.68,2.75
20060517,4.45,1.67,2.78
20060518,4.39,1.64,2.75
20060519,4.39,1.66,2.73
20060523,4.37,1.65,2.72
20060524,4.35,1.65,2.7
20060525,4.34,1.66,2.68
20060526,4.36,1.66,2.7
20060529,4.35,1.67,2.68
20060530,4.4,1.71,2.69
20060531,4.5,1.83,2.67
20060601,4.44,1.8,2.64
20060602,4.37,1.77,2.6
20060605,4.38,1.77,2.61
20060606,4.36,1.78,2.58
20060607,4.38,1.8,2.58
20060608,4.4,1.8,2.6
20060609,4.42,1.81,2.61
20060612,4.41,1.81,2.6
20060613,4.38,1.8,2.58
20060614,4.42,1.78,2.64
20060615,4.45,1.79,2.66
20060616,4.44,1.79,2.65
20060619,4.46,1.79,2.67
20060620,4.52,1.81,2.71
20060621,4.55,1.83,2.72
20060622,4.6,1.84,2.76
20060623,4.64,1.87,2.77
20060626,4.67,1.89,2.78
20060627,4.63,1.89,2.74
20060628,4.67,1.9,2.77
20060629,4.63,1.9,2.73
20060630,4.61,1.88,2.73
20060704,4.64,1.89,2.75
20060705,4.65,1.91,2.74
20060706,4.62,1.9,2.72
20060707,4.54,1.86,2.68
20060710,4.51,1.86,2.65
20060711,4.49,1.84,2.65
20060712,4.52,1.85,2.67
20060713,4.52,1.84,2.68
20060714,4.51,1.83,2.68
20060717,4.5,1.82,2.68
20060718,4.55,1.86,2.69
20060719,4.49,1.82,2.67
20060720,4.48,1.8,2.68
20060721,4.46,1.8,2.66
20060724,4.45,1.8,2.65
20060725,4.47,1.81,2.66
20060726,4.45,1.8,2.65
20060727,4.44,1.79,2.65
20060728,4.41,1.77,2.64
20060731,4.37,1.73,2.64
20060801,4.37,1.73,2.64
20060802,4.39,1.74,2.65
20060803,4.39,1.74,2.65
20060804,4.36,1.72,2.64
20060808,4.35,1.7,2.65
20060809,4.36,1.69,2.67
20060810,4.38,1.68,2.7
20060811,4.41,1.68,2.73
20060814,4.42,1.7,2.72
20060815,4.37,1.67,2.7
20060816,4.33,1.65,2.68
20060817,4.32,1.65,2.67
20060818,4.29,1.64,2.65
20060821,4.27,1.63,2.64
20060822,4.26,1.63,2.63
20060823,4.26,1.63,2.63
20060824,4.26,1.63,2.63
20060825,4.25,1.62,2.63
20060828,4.25,1.62,2.63
20060829,4.24,1.63,2.61
20060830,4.2,1.61,2.59
20060831,4.19,1.62,2.57
20060901,4.17,1.63,2.54
20060905,4.22,1.65,2.57
20060906,4.24,1.68,2.56
20060907,4.22,1.66,2.56
20060908,4.2,1.66,2.54
20060911,4.24,1.68,2.56
20060912,4.2,1.69,2.51
20060913,4.21,1.68,2.53
20060914,4.22,1.68,2.54
20060915,4.19,1.67,2.52
20060918,4.2,1.68,2.52
20060919,4.16,1.69,2.47
20060920,4.16,1.73,2.43
20060921,4.11,1.72,2.39
20060922,4.09,1.71,2.38
20060925,4.01,1.67,2.34
20060926,4.05,1.67,2.38
20060927,4.07,1.66,2.41
20060928,4.08,1.67,2.41
20060929,4.09,1.68,2.41
20061002,4.06,1.67,2.39
20061003,4.07,1.65,2.42
20061004,4.05,1.66,2.39
20061005,4.09,1.68,2.41
20061006,4.16,1.73,2.43
20061010,4.18,1.73,2.45
20061011,4.2,1.74,2.46
20061012,4.21,1.75,2.46
20061013,4.23,1.77,2.46
20061016,4.22,1.77,2.45
20061017,4.24,1.76,2.48
20061018,4.22,1.77,2.45
20061019,4.24,1.78,2.46
20061020,4.24,1.78,2.46
20061023,4.27,1.8,2.47
20061024,4.27,1.81,2.46
20061025,4.24,1.78,2.46
20061026,4.18,1.75,2.43
20061027,4.14,1.71,2.43
20061030,4.13,1.71,2.42
20061031,4.08,1.69,2.39
20061101,4.06,1.68,2.38
20061102,4.09,1.69,2.4
20061103,4.17,1.74,2.43
20061106,4.16,1.72,2.44
20061107,4.11,1.67,2.44
20061108,4.1,1.64,2.46
20061109,4.1,1.62,2.48
20061110,4.08,1.6,2.48
20061114,4.07,1.6,2.47
20061115,4.09,1.6,2.49
20061116,4.11,1.64,2.47
20061117,4.08,1.62,2.46
20061120,4.09,1.63,2.46
20061121,4.07,1.65,2.42
20061122,4.06,1.64,2.42
20061123,4.07,1.65,2.42
20061124,4.05,1.66,2.39
20061127,4.04,1.65,2.39
20061128,4.0,1.62,2.38
20061129,4.02,1.63,2.39
20061130,3.99,1.6,2.39
20061201,3.96,1.56,2.4
20061204,3.97,1.57,2.4
20061205,3.97,1.57,2.4
20061206,3.99,1.59,2.4
20061207,3.98,1.59,2.39
20061208,4.01,1.63,2.38
20061211,3.98,1.6,2.38
20061212,3.97,1.59,2.38
20061213,4.04,1.6,2.44
20061214,4.05,1.62,2.43
20061215,4.08,1.65,2.43
20061218,4.11,1.7,2.41
20061219,4.09,1.68,2.41
20061220,4.08,1.69,2.39
20061221,4.03,1.66,2.37
20061222,4.06,1.69,2.37
20061227,4.1,1.73,2.37
20061228,4.13,1.76,2.37
20061229,4.14,1.75,2.39
20070102,4.12,1.73,2.39
20070103,4.1,1.72,2.38
20070104,4.06,1.69,2.37
20070105,4.09,1.72,2.37
20070108,4.1,1.75,2.35
20070109,4.11,1.76,2.35
20070110,4.13,1.78,2.35
20070111,4.16,1.8,2.36
20070112,4.18,1.81,2.37
20070115,4.19,1.81,2.38
20070116,4.19,1.82,2.37
20070117,4.21,1.82,2.39
20070118,4.18,1.79,2.39
20070119,4.18,1.79,2.39
20070122,4.17,1.77,2.4
20070123,4.21,1.8,2.41
20070124,4.22,1.8,2.42
20070125,4.25,1.81,2.44
20070126,4.24,1.79,2.45
20070129,4.26,1.82,2.44
20070130,4.27,1.83,2.44
20070131,4.22,1.79,2.43
20070201,4.23,1.79,2.44
20070202,4.22,1.79,2.43
20070205,4.21,1.78,2.43
20070206,4.17,1.77,2.4
20070207,4.16,1.77,2.39
20070208,4.15,1.77,2.38
20070209,4.21,1.79,2.42
20070212,4.24,1.82,2.42
20070213,4.26,1.83,2.43
20070214,4.19,1.8,2.39
20070215,4.16,1.8,2.36
20070216,4.15,1.8,2.35
20070219,4.14,1.78,2.36
20070220,4.12,1.76,2.36
20070221,4.14,1.76,2.38
20070222,4.17,1.79,2.38
20070223,4.15,1.78,2.37
20070226,4.1,1.75,2.35
20070227,4.04,1.73,2.31
20070228,4.09,1.75,2.34
20070301,4.09,1.74,2.35
20070302,4.08,1.73,2.35
20070305,4.08,1.73,2.35
20070306,4.08,1.74,2.34
20070307,4.04,1.71,2.33
20070308,4.06,1.72,2.34
20070309,4.11,1.76,2.35
20070312,4.1,1.75,2.35
20070313,4.07,1.73,2.34
20070314,4.11,1.75,2.36
20070315,4.11,1.74,2.37
20070316,4.12,1.74,2.38
20070319,4.15,1.76,2.39
20070320,4.16,1.77,2.39
20070321,4.18,1.76,2.42
20070322,4.21,1.77,2.44
20070323,4.21,1.76,2.45
20070326,4.21,1.76,2.45
20070327,4.19,1.76,2.43
20070328,4.21,1.77,2.44
20070329,4.21,1.78,2.43
20070330,4.2,1.76,2.44
20070402,4.2,1.75,2.45
20070403,4.22,1.77,2.45
20070404,4.19,1.76,2.43
20070405,4.21,1.76,2.45
20070409,4.24,1.79,2.45
20070410,4.22,1.77,2.45
20070411,4.23,1.77,2.46
20070412,4.24,1.78,2.46
20070413,4.25,1.8,2.45
20070416,4.26,1.8,2.46
20070417,4.22,1.77,2.45
20070418,4.22,1.77,2.45
20070419,4.23,1.77,2.46
20070420,4.26,1.78,2.48
20070423,4.22,1.77,2.45
20070424,4.2,1.75,2.45
20070425,4.2,1.76,2.44
20070426,4.24,1.78,2.46
20070427,4.27,1.82,2.45
20070430,4.19,1.76,2.43
20070501,4.2,1.77,2.43
20070502,4.23,1.79,2.44
20070503,4.25,1.82,2.43
20070504,4.24,1.81,2.43
20070507,4.21,1.82,2.39
20070508,4.21,1.82,2.39
20070509,4.22,1.83,2.39
20070510,4.21,1.84,2.37
20070511,4.21,1.85,2.36
20070514,4.24,1.87,2.37
20070515,4.24,1.91,2.33
20070516,4.24,1.9,2.34
20070517,4.28,1.92,2.36
20070518,4.28,1.91,2.37
20070522,4.3,1.94,2.36
20070523,4.35,1.99,2.36
20070524,4.36,2.01,2.35
20070525,4.37,2.0,2.37
20070528,4.39,2.01,2.38
20070529,4.42,2.03,2.39
20070530,4.39,2.02,2.37
20070531,4.38,1.99,2.39
20070601,4.38,1.99,2.39
20070604,4.35,1.97,2.38
20070605,4.39,2.01,2.38
20070606,4.39,2.01,2.38
20070607,4.5,2.11,2.39
20070608,4.52,2.12,2.4
20070611,4.56,2.16,2.4
20070612,4.66,2.23,2.43
20070613,4.6,2.18,2.42
20070614,4.6,2.18,2.42
20070615,4.53,2.13,2.4
20070618,4.55,2.13,2.42
20070619,4.53,2.12,2.41
20070620,4.55,2.15,2.4
20070621,4.6,2.18,2.42
20070622,4.58,2.16,2.42
20070625,4.55,2.14,2.41
20070626,4.55,2.16,2.39
20070627,4.56,2.15,2.41
20070628,4.56,2.15,2.41
20070629,4.49,2.08,2.41
20070703,4.48,2.09,2.39
20070704,4.51,2.11,2.4
20070705,4.57,2.16,2.41
20070706,4.63,2.22,2.41
20070709,4.59,2.17,2.42
20070710,4.5,2.09,2.41
20070711,4.55,2.14,2.41
20070712,4.6,2.19,2.41
20070713,4.57,2.17,2.4
20070716,4.53,2.14,2.39
20070717,4.56,2.16,2.4
20070718,4.54,2.16,2.38
20070719,4.54,2.16,2.38
20070720,4.5,2.13,2.37
20070723,4.5,2.14,2.36
20070724,4.5,2.12,2.38
20070725,4.49,2.09,2.4
20070726,4.45,2.07,2.38
20070727,4.43,2.04,2.39
20070730,4.47,2.08,2.39
20070731,4.45,2.07,2.38
20070801,4.45,2.06,2.39
20070802,4.43,2.04,2.39
20070803,4.4,2.02,2.38
20070807,4.41,2.03,2.38
20070808,4.47,2.09,2.38
20070809,4.46,2.09,2.37
20070810,4.48,2.1,2.38
20070813,4.46,2.08,2.38
20070814,4.43,2.06,2.37
20070815,4.47,2.1,2.37
20070816,4.46,2.11,2.35
20070817,4.47,2.1,2.37
20070820,4.46,2.1,2.36
20070821,4.45,2.11,2.34
20070822,4.49,2.15,2.34
20070823,4.47,2.15,2.32
20070824,4.43,2.1,2.33
20070827,4.39,2.08,2.31
20070828,4.37,2.07,2.3
20070829,4.44,2.15,2.29
20070830,4.42,2.13,2.29
20070831,4.46,2.14,2.32
20070904,4.44,2.13,2.31
20070905,4.39,2.09,2.3
20070906,4.4,2.09,2.31
20070907,4.36,2.06,2.3
20070910,4.34,2.05,2.29
20070911,4.39,2.08,2.31
20070912,4.39,2.07,2.32
20070913,4.4,2.08,2.32
20070914,4.38,2.07,2.31
20070917,4.35,2.02,2.33
20070918,4.37,2.03,2.34
20070919,4.48,2.13,2.35
20070920,4.55,2.19,2.36
20070921,4.47,2.13,2.34
20070924,4.48,2.13,2.35
20070925,4.48,2.14,2.34
20070926,4.5,2.15,2.35
20070927,4.48,2.13,2.35
20070928,4.44,2.07,2.37
20071001,4.42,2.05,2.37
20071002,4.42,2.04,2.38
20071003,4.45,2.08,2.37
20071004,4.4,2.03,2.37
20071005,4.49,2.1,2.39
20071009,4.5,2.12,2.38
20071010,4.48,2.1,2.38
20071011,4.49,2.09,2.4
20071012,4.53,2.14,2.39
20071015,4.52,2.13,2.39
20071016,4.5,2.11,2.39
20071017,4.48,2.12,2.36
20071018,4.43,2.07,2.36
20071019,4.38,2.03,2.35
20071022,4.38,2.03,2.35
20071023,4.39,2.04,2.35
20071024,4.37,2.02,2.35
20071025,4.39,2.03,2.36
20071026,4.37,2.0,2.37
20071029,4.36,2.0,2.36
20071030,4.36,2.02,2.34
20071031,4.38,2.05,2.33
20071101,4.34,2.05,2.29
20071102,4.38,2.09,2.29
20071105,4.36,2.08,2.28
20071106,4.39,2.1,2.29
20071107,4.36,2.07,2.29
20071108,4.38,2.07,2.31
20071109,4.33,2.02,2.31
20071113,4.35,2.04,2.31
20071114,4.31,2.01,2.3
20071115,4.25,1.96,2.29
20071116,4.26,1.99,2.27
20071119,4.22,1.99,2.23
20071120,4.26,2.1,2.16
20071121,4.23,2.08,2.15
20071122,4.22,2.08,2.14
20071123,4.21,2.06,2.15
20071126,4.14,2.01,2.13
20071127,4.21,2.06,2.15
20071128,4.23,2.14,2.09
20071129,4.15,2.1,2.05
20071130,4.16,2.07,2.09
20071203,4.09,2.0,2.09
20071204,4.1,2.0,2.1
20071205,4.16,2.04,2.12
20071206,4.16,2.04,2.12
20071207,4.2,2.05,2.15
20071210,4.22,2.03,2.19
20071211,4.11,1.95,2.16
20071212,4.16,1.97,2.19
20071213,4.26,2.05,2.21
20071214,4.25,2.04,2.21
20071217,4.17,1.97,2.2
20071218,4.14,1.95,2.19
20071219,4.09,1.89,2.2
20071220,4.11,1.92,2.19
20071221,4.17,1.98,2.19
20071224,4.18,1.99,2.19
20071227,4.18,1.99,2.19
20071228,4.12,1.93,2.19
20071231,4.1,1.91,2.19
20080102,4.06,1.86,2.2
20080103,4.08,1.89,2.19
20080104,4.08,1.89,2.19
20080107,4.06,1.88,2.18
20080108,4.05,1.87,2.18
20080109,4.07,1.89,2.18
20080110,4.09,1.91,2.18
20080111,4.06,1.86,2.2
20080114,4.07,1.86,2.21
20080115,4.04,1.84,2.2
20080116,4.09,1.88,2.21
20080117,4.06,1.85,2.21
20080118,4.08,1.89,2.19
20080121,4.06,1.87,2.19
20080122,4.12,1.93,2.19
20080123,4.18,1.98,2.2
20080124,4.22,2.0,2.22
20080125,4.14,1.94,2.2
20080128,4.14,1.93,2.21
20080129,4.18,1.97,2.21
20080130,4.19,1.98,2.21
20080131,4.18,1.96,2.22
20080201,4.13,1.91,2.22
20080204,4.16,1.93,2.23
20080205,4.11,1.89,2.22
20080206,4.15,1.92,2.23
20080207,4.22,2.0,2.22
20080208,4.19,1.97,2.22
20080211,4.16,1.94,2.22
20080212,4.2,1.98,2.22
20080213,4.25,2.03,2.22
20080214,4.27,2.05,2.22
20080215,4.2,1.99,2.21
20080219,4.28,2.07,2.21
20080220,4.25,2.03,2.22
20080221,4.22,2.02,2.2
20080222,4.23,2.04,2.19
20080225,4.25,2.06,2.19
20080226,4.21,2.03,2.18
20080227,4.18,1.94,2.24
20080228,4.09,1.86,2.23
20080229,4.09,1.85,2.24
20080303,4.08,1.84,2.24
20080304,4.11,1.85,2.26
20080305,4.13,1.84,2.29
20080306,4.08,1.78,2.3
20080307,4.07,1.77,2.3
20080310,4.04,1.72,2.32
20080311,4.06,1.74,2.32
20080312,4.02,1.71,2.31
20080313,4.03,1.71,2.32
20080314,4.02,1.71,2.31
20080317,3.97,1.68,2.29
20080318,3.99,1.69,2.3
20080319,3.94,1.65,2.29
20080320,3.94,1.65,2.29
20080324,3.98,1.69,2.29
20080325,3.94,1.65,2.29
20080326,3.96,1.67,2.29
20080327,3.97,1.65,2.32
20080328,3.95,1.63,2.32
20080331,3.94,1.6,2.34
20080401,4.02,1.69,2.33
20080402,4.05,1.69,2.36
20080403,4.03,1.67,2.36
20080404,4.0,1.65,2.35
20080407,4.05,1.69,2.36
20080408,4.09,1.73,2.36
20080409,4.05,1.69,2.36
20080410,4.1,1.75,2.35
20080411,4.06,1.69,2.37
20080414,4.08,1.72,2.36
20080415,4.14,1.77,2.37
20080416,4.15,1.79,2.36
20080417,4.15,1.81,2.34
20080418,4.14,1.8,2.34
20080421,4.12,1.78,2.34
20080422,4.12,1.77,2.35
20080423,4.16,1.8,2.36
20080424,4.19,1.82,2.37
20080425,4.21,1.82,2.39
20080428,4.19,1.81,2.38
20080429,4.17,1.8,2.37
20080430,4.08,1.72,2.36
20080501,4.06,1.7,2.36
20080502,4.1,1.73,2.37
20080505,4.11,1.74,2.37
20080506,4.17,1.79,2.38
20080507,4.16,1.78,2.38
20080508,4.13,1.75,2.38
20080509,4.08,1.69,2.39
20080512,4.06,1.67,2.39
20080513,4.07,1.68,2.39
20080514,4.06,1.67,2.39
20080515,4.04,1.65,2.39
20080516,4.04,1.66,2.38
20080520,4.02,1.64,2.38
20080521,4.06,1.61,2.45
20080522,4.12,1.69,2.43
20080523,4.08,1.64,2.44
20080526,4.09,1.65,2.44
20080527,4.1,1.65,2.45
20080528,4.12,1.57,2.55
20080529,4.14,1.61,2.53
20080530,4.13,1.61,2.52
20080602,4.08,1.56,2.52
20080603,4.09,1.58,2.51
20080604,4.1,1.59,2.51
20080605,4.16,1.63,2.53
20080606,4.11,1.58,2.53
20080609,4.12,1.59,2.53
20080610,4.17,1.65,2.52
20080611,4.16,1.64,2.52
20080612,4.2,1.66,2.54
20080613,4.22,1.66,2.56
20080616,4.2,1.63,2.57
20080617,4.18,1.6,2.58
20080618,4.16,1.56,2.6
20080619,4.19,1.55,2.64
20080620,4.15,1.53,2.62
20080623,4.13,1.51,2.62
20080624,4.05,1.43,2.62
20080625,4.05,1.45,2.6
20080626,4.08,1.47,2.61
20080627,4.06,1.46,2.6
20080630,4.08,1.47,2.61
20080702,4.07,1.45,2.62
20080703,4.07,1.44,2.63
20080704,4.05,1.42,2.63
20080707,4.03,1.41,2.62
20080708,4.04,1.48,2.56
20080709,4.05,1.49,2.56
20080710,4.05,1.49,2.56
20080711,4.09,1.51,2.58
20080714,4.05,1.47,2.58
20080715,4.06,1.47,2.59
20080716,4.12,1.53,2.59
20080717,4.14,1.54,2.6
20080718,4.15,1.55,2.6
20080721,4.15,1.53,2.62
20080722,4.17,1.57,2.6
20080723,4.16,1.58,2.58
20080724,4.13,1.58,2.55
20080725,4.16,1.61,2.55
20080728,4.12,1.59,2.53
20080729,4.14,1.59,2.55
20080730,4.16,1.6,2.56
20080731,4.1,1.54,2.56
20080801,4.06,1.5,2.56
20080805,4.1,1.55,2.55
20080806,4.11,1.59,2.52
20080807,4.07,1.55,2.52
20080808,4.05,1.58,2.47
20080811,4.05,1.59,2.46
20080812,4.03,1.61,2.42
20080813,4.03,1.6,2.43
20080814,4.01,1.57,2.44
20080815,4.0,1.55,2.45
20080818,3.98,1.53,2.45
20080819,4.02,1.56,2.46
20080820,4.03,1.57,2.46
20080821,4.04,1.57,2.47
20080822,4.06,1.6,2.46
20080825,4.02,1.57,2.45
20080826,4.0,1.55,2.45
20080827,4.01,1.53,2.48
20080828,4.0,1.55,2.45
20080829,4.01,1.57,2.44
20080902,4.0,1.61,2.39
20080903,3.98,1.64,2.34
20080904,3.95,1.66,2.29
20080905,3.95,1.65,2.3
20080908,3.94,1.63,2.31
20080909,3.94,1.63,2.31
20080910,3.94,1.63,2.31
20080911,3.96,1.65,2.31
20080912,4.05,1.74,2.31
20080915,3.91,1.68,2.23
20080916,3.95,1.78,2.17
20080917,3.95,1.77,2.18
20080918,4.03,1.93,2.1
20080919,4.14,1.99,2.15
20080922,4.1,1.96,2.14
20080923,4.1,2.0,2.1
20080924,4.13,2.06,2.07
20080925,4.13,2.06,2.07
20080926,4.14,2.1,2.04
20080929,4.02,2.06,1.96
20080930,4.23,2.23,2.0
20081001,4.18,2.21,1.97
20081002,4.14,2.19,1.95
20081003,4.09,2.14,1.95
20081006,4.0,2.12,1.88
20081007,4.07,2.27,1.8
20081008,4.13,2.35,1.78
20081009,4.16,2.35,1.81
20081010,4.26,2.48,1.78
20081014,4.28,2.41,1.87
20081015,4.19,2.32,1.87
20081016,4.23,2.41,1.82
20081017,4.23,2.38,1.85
20081020,4.22,2.36,1.86
20081021,4.18,2.3,1.88
20081022,4.09,2.26,1.83
20081023,4.1,2.32,1.78
20081024,4.13,2.38,1.75
20081027,4.12,2.44,1.68
20081028,4.2,2.46,1.74
20081029,4.27,2.49,1.78
20081030,4.24,2.44,1.8
20081031,4.28,2.51,1.77
20081103,4.29,2.5,1.79
20081104,4.25,2.43,1.82
20081105,4.23,2.44,1.79
20081106,4.24,2.46,1.78
20081107,4.23,2.44,1.79
20081110,4.24,2.45,1.79
20081112,4.23,2.49,1.74
20081113,4.3,2.58,1.72
20081114,4.22,2.49,1.73
20081117,4.15,2.43,1.72
20081118,4.13,2.42,1.71
20081119,4.08,2.49,1.59
20081120,3.95,2.43,1.52
20081121,4.04,2.67,1.37
20081124,4.06,2.71,1.35
20081125,3.97,2.68,1.29
20081126,3.94,2.68,1.26
20081127,3.93,2.67,1.26
20081128,3.9,2.65,1.25
20081201,3.75,2.57,1.18
20081202,3.77,2.59,1.18
20081203,3.79,2.6,1.19
20081204,3.74,2.5,1.24
20081205,3.76,2.5,1.26
20081208,3.77,2.48,1.29
20081209,3.74,2.46,1.28
20081210,3.75,2.45,1.3
20081211,3.74,2.44,1.3
20081212,3.76,2.46,1.3
20081215,3.74,2.45,1.29
20081216,3.65,2.34,1.31
20081217,3.54,2.21,1.33
20081218,3.45,2.14,1.31
20081219,3.45,2.02,1.43
20081222,3.47,2.06,1.41
20081223,3.49,2.11,1.38
20081224,3.49,2.11,1.38
20081229,3.4,2.03,1.37
20081230,3.42,2.05,1.37
20081231,3.45,2.1,1.35
20090102,3.54,2.19,1.35
20090105,3.64,2.29,1.35
20090106,3.65,2.27,1.38
20090107,3.7,2.31,1.39
20090108,3.66,2.25,1.41
20090109,3.63,2.16,1.47
20090112,3.6,2.12,1.48
20090113,3.56,2.07,1.49
20090114,3.43,1.95,1.48
20090115,3.48,2.05,1.43
20090116,3.54,2.11,1.43
20090119,3.6,2.17,1.43
20090120,3.56,2.13,1.43
20090121,3.62,2.19,1.43
20090122,3.61,2.23,1.38
20090123,3.65,2.26,1.39
20090126,3.72,2.32,1.4
20090127,3.67,2.25,1.42
20090128,3.72,2.26,1.46
20090129,3.81,2.32,1.49
20090130,3.77,2.27,1.5
20090202,3.69,2.19,1.5
20090203,3.75,2.22,1.53
20090204,3.79,2.24,1.55
20090205,3.72,2.18,1.54
20090206,3.77,2.21,1.56
20090209,3.8,2.16,1.64
20090210,3.72,2.1,1.62
20090211,3.69,2.09,1.6
20090212,3.65,2.04,1.61
20090213,3.67,2.06,1.61
20090217,3.55,1.97,1.58
20090218,3.58,1.99,1.59
20090219,3.63,2.02,1.61
20090220,3.59,2.0,1.59
20090223,3.57,2.0,1.57
20090224,3.6,2.04,1.56
20090225,3.69,2.19,1.5
20090226,3.7,2.31,1.39
20090227,3.7,2.32,1.38
20090302,3.62,2.22,1.4
20090303,3.63,2.19,1.44
20090304,3.68,2.21,1.47
20090305,3.56,2.12,1.44
20090306,3.61,2.17,1.44
20090309,3.63,2.2,1.43
20090310,3.71,2.27,1.44
20090311,3.66,2.22,1.44
20090312,3.64,2.14,1.5
20090313,3.6,2.09,1.51
20090316,3.61,2.06,1.55
20090317,3.64,2.08,1.56
20090318,3.53,1.91,1.62
20090319,3.56,1.88,1.68
20090320,3.61,1.93,1.68
20090323,3.61,1.93,1.68
20090324,3.69,1.98,1.71
20090325,3.74,2.0,1.74
20090326,3.64,1.84,1.8
20090327,3.66,1.87,1.79
20090330,3.59,1.81,1.78
20090331,3.57,1.81,1.76
20090401,3.55,1.79,1.76
20090402,3.61,1.86,1.75
20090403,3.66,1.91,1.75
20090406,3.71,1.95,1.76
20090407,3.66,1.92,1.74
20090408,3.62,1.88,1.74
20090409,3.65,1.89,1.76
20090413,3.65,1.89,1.76
20090414,3.63,1.88,1.75
20090415,3.68,1.94,1.74
20090416,3.7,1.96,1.74
20090417,3.75,2.02,1.73
20090420,3.65,1.94,1.71
20090421,3.69,1.99,1.7
20090422,3.72,2.01,1.71
20090423,3.76,1.98,1.78
20090424,3.76,1.96,1.8
20090427,3.76,1.97,1.79
20090428,3.8,1.99,1.81
20090429,3.82,2.01,1.81
20090430,3.84,2.05,1.79
20090501,3.83,2.06,1.77
20090504,3.85,2.1,1.75
20090505,3.84,2.11,1.73
20090506,3.87,2.12,1.75
20090507,3.93,2.12,1.81
20090508,3.93,2.09,1.84
20090511,3.88,2.04,1.84
20090512,3.9,2.06,1.84
20090513,3.86,2.07,1.79
20090514,3.85,2.07,1.78
20090515,3.86,2.05,1.81
20090519,3.9,2.05,1.85
20090520,3.89,2.06,1.83
20090521,3.98,2.15,1.83
20090522,3.97,2.14,1.83
20090525,3.98,2.14,1.84
20090526,4.08,2.23,1.85
20090527,4.19,2.34,1.85
20090528,4.07,2.06,2.01
20090529,3.99,2.0,1.99
20090601,4.03,2.02,2.01
20090602,4.01,2.0,2.01
20090603,3.96,1.96,2.0
20090604,4.0,1.99,2.01
20090605,3.98,1.96,2.02
20090608,4.01,1.98,2.03
20090609,4.03,2.0,2.03
20090610,4.11,2.03,2.08
20090611,4.0,1.95,2.05
20090612,3.94,1.92,2.02
20090615,3.94,1.93,2.01
20090616,3.9,1.89,2.01
20090617,3.9,1.91,1.99
20090618,3.96,1.96,2.0
20090619,3.97,1.95,2.02
20090622,3.91,1.89,2.02
20090623,3.88,1.87,2.01
20090624,3.91,1.91,2.0
20090625,3.91,1.9,2.01
20090626,3.89,1.89,2.0
20090629,3.9,1.9,2.0
20090630,3.86,1.86,2.0
20090702,3.85,1.84,2.01
20090703,3.85,1.85,2.0
20090706,3.87,1.88,1.99
20090707,3.85,1.89,1.96
20090708,3.84,1.9,1.94
20090709,3.87,1.94,1.93
20090710,3.86,1.94,1.92
20090713,3.9,1.99,1.91
20090714,3.98,2.03,1.95
20090715,4.02,2.02,2.0
20090716,3.95,1.96,1.99
20090717,4.01,2.0,2.01
20090720,3.96,1.93,2.03
20090721,3.97,1.94,2.03
20090722,4.01,1.97,2.04
20090723,4.05,1.97,2.08
20090724,4.06,1.97,2.09
20090727,4.07,1.95,2.12
20090728,4.05,1.92,2.13
20090729,4.05,1.89,2.16
20090730,4.05,1.85,2.2
20090731,3.95,1.73,2.22
20090804,4.01,1.82,2.19
20090805,4.06,1.87,2.19
20090806,4.02,1.84,2.18
20090807,4.07,1.88,2.19
20090810,4.03,1.85,2.18
20090811,3.98,1.82,2.16
20090812,4.0,1.83,2.17
20090813,3.98,1.83,2.15
20090814,3.95,1.8,2.15
20090817,3.89,1.76,2.13
20090818,3.9,1.78,2.12
20090819,3.9,1.8,2.1
20090820,3.89,1.78,2.11
20090821,3.96,1.84,2.12
20090824,3.91,1.79,2.12
20090825,3.9,1.8,2.1
20090826,3.9,1.82,2.08
20090827,3.9,1.81,2.09
20090828,3.91,1.8,2.11
20090831,3.89,1.81,2.08
20090901,3.88,1.8,2.08
20090902,3.86,1.81,2.05
20090903,3.87,1.82,2.05
20090904,3.89,1.83,2.06
20090908,3.93,1.86,2.07
20090909,3.94,1.87,2.07
20090910,3.87,1.79,2.08
20090911,3.86,1.78,2.08
20090914,3.9,1.82,2.08
20090915,3.89,1.81,2.08
20090916,3.88,1.77,2.11
20090917,3.87,1.76,2.11
20090918,3.91,1.79,2.12
20090921,3.93,1.81,2.12
20090922,3.94,1.82,2.12
20090923,3.93,1.81,2.12
20090924,3.9,1.77,2.13
20090925,3.88,1.76,2.12
20090928,3.86,1.76,2.1
20090929,3.86,1.78,2.08
20090930,3.84,1.74,2.1
20091001,3.81,1.72,2.09
20091002,3.82,1.73,2.09
20091005,3.8,1.7,2.1
20091006,3.84,1.72,2.12
20091007,3.84,1.7,2.14
20091008,3.89,1.7,2.19
20091009,3.96,1.75,2.21
20091013,3.94,1.7,2.24
20091014,3.98,1.68,2.3
20091015,4.0,1.68,2.32
20091016,3.95,1.65,2.3
20091019,3.97,1.65,2.32
20091020,3.93,1.64,2.29
20091021,3.94,1.68,2.26
20091022,3.94,1.67,2.27
20091023,3.98,1.68,2.3
20091026,4.02,1.7,2.32
20091027,3.98,1.65,2.33
20091028,3.96,1.63,2.33
20091029,3.98,1.65,2.33
20091030,3.92,1.6,2.32
20091102,3.94,1.62,2.32
20091103,3.94,1.62,2.32
20091104,3.99,1.68,2.31
20091105,4.03,1.73,2.3
20091106,4.03,1.73,2.3
20091109,4.02,1.71,2.31
20091110,4.02,1.72,2.3
20091112,4.03,1.73,2.3
20091113,3.99,1.69,2.3
20091116,3.93,1.64,2.29
20091117,3.91,1.62,2.29
20091118,3.95,1.65,2.3
20091119,3.92,1.62,2.3
20091120,3.93,1.63,2.3
20091123,3.93,1.62,2.31
20091124,3.85,1.56,2.29
20091125,3.85,1.56,2.29
20091126,3.82,1.54,2.28
20091127,3.84,1.58,2.26
20091130,3.84,1.58,2.26
20091201,3.87,1.54,2.33
20091202,3.88,1.51,2.37
20091203,3.87,1.5,2.37
20091204,3.91,1.53,2.38
20091207,3.9,1.51,2.39
20091208,3.93,1.55,2.38
20091209,3.96,1.59,2.37
20091210,3.99,1.62,2.37
20091211,3.99,1.61,2.38
20091214,4.01,1.6,2.41
20091215,4.0,1.58,2.42
20091216,3.99,1.57,2.42
20091217,3.97,1.52,2.45
20091218,4.01,1.55,2.46
20091221,4.08,1.59,2.49
20091222,4.12,1.59,2.53
20091223,4.07,1.54,2.53
20091224,4.08,1.56,2.52
20091229,4.09,1.56,2.53
20091230,4.07,1.52,2.55
20091231,4.08,1.53,2.55
20100104,4.1,1.54,2.56
20100105,4.08,1.53,2.55
20100106,4.14,1.59,2.55
20100107,4.15,1.57,2.58
20100108,4.11,1.55,2.56
20100111,4.14,1.57,2.57
20100112,4.09,1.54,2.55
20100113,4.14,1.59,2.55
20100114,4.09,1.58,2.51
20100115,4.05,1.56,2.49
20100118,4.04,1.54,2.5
20100119,4.04,1.55,2.49
20100120,4.01,1.57,2.44
20100121,4.0,1.56,2.44
20100122,3.99,1.57,2.42
20100125,4.0,1.57,2.43
20100126,3.97,1.55,2.42
20100127,3.96,1.55,2.41
20100128,3.93,1.5,2.43
20100129,3.94,1.49,2.45
20100201,3.98,1.49,2.49
20100202,3.99,1.53,2.46
20100203,4.04,1.56,2.48
20100204,3.99,1.53,2.46
20100205,4.0,1.56,2.44
20100208,3.99,1.55,2.44
20100209,4.01,1.56,2.45
20100210,4.04,1.58,2.46
20100211,4.06,1.6,2.46
20100212,4.06,1.61,2.45
20100216,4.06,1.6,2.46
20100217,4.08,1.62,2.46
20100218,4.08,1.61,2.47
20100219,4.07,1.61,2.46
20100222,4.09,1.64,2.45
20100223,4.03,1.57,2.46
20100224,4.05,1.59,2.46
20100225,4.02,1.57,2.45
20100226,4.02,1.58,2.44
20100301,4.02,1.58,2.44
20100302,4.0,1.56,2.44
20100303,4.01,1.56,2.45
20100304,4.01,1.58,2.43
20100305,4.06,1.62,2.44
20100308,4.1,1.65,2.45
20100309,4.11,1.66,2.45
20100310,4.12,1.65,2.47
20100311,4.08,1.59,2.49
20100312,4.09,1.61,2.48
20100315,4.06,1.58,2.48
20100316,4.02,1.57,2.45
20100317,4.04,1.59,2.45
20100318,4.02,1.56,2.46
20100319,4.05,1.55,2.5
20100322,4.03,1.54,2.49
20100323,4.03,1.54,2.49
20100324,4.09,1.58,2.51
20100325,4.08,1.57,2.51
20100326,4.08,1.56,2.52
20100329,4.1,1.58,2.52
20100330,4.1,1.58,2.52
20100331,4.07,1.56,2.51
20100401,4.05,1.54,2.51
20100405,4.12,1.58,2.54
20100406,4.11,1.58,2.53
20100407,4.07,1.54,2.53
20100408,4.1,1.56,2.54
20100409,4.06,1.52,2.54
20100412,4.06,1.52,2.54
20100413,4.08,1.55,2.53
20100414,4.11,1.57,2.54
20100415,4.1,1.56,2.54
20100416,4.08,1.56,2.52
20100419,4.06,1.55,2.51
20100420,4.07,1.54,2.53
20100421,4.06,1.53,2.53
20100422,4.09,1.55,2.54
20100423,4.07,1.55,2.52
20100426,4.06,1.54,2.52
20100427,4.01,1.51,2.5
20100428,4.04,1.54,2.5
20100429,4.05,1.53,2.52
20100430,4.01,1.49,2.52
20100503,4.0,1.48,2.52
20100504,3.95,1.46,2.49
20100505,3.93,1.47,2.46
20100506,3.87,1.49,2.38
20100507,3.88,1.49,2.39
20100510,3.93,1.52,2.41
20100511,3.93,1.52,2.41
20100512,3.94,1.52,2.42
20100513,3.87,1.45,2.42
20100514,3.82,1.43,2.39
20100517,3.88,1.49,2.39
20100518,3.82,1.43,2.39
20100519,3.81,1.42,2.39
20100520,3.75,1.48,2.27
20100521,3.77,1.49,2.28
20100525,3.7,1.46,2.24
20100526,3.68,1.44,2.24
20100527,3.75,1.45,2.3
20100528,3.71,1.43,2.28
20100531,3.73,1.45,2.28
20100601,3.71,1.44,2.27
20100602,3.77,1.47,2.3
20100603,3.78,1.48,2.3
20100604,3.71,1.44,2.27
20100607,3.71,1.45,2.26
20100608,3.73,1.48,2.25
20100609,3.76,1.48,2.28
20100610,3.83,1.54,2.29
20100611,3.81,1.53,2.28
20100614,3.84,1.55,2.29
20100615,3.83,1.53,2.3
20100616,3.78,1.49,2.29
20100617,3.75,1.46,2.29
20100618,3.76,1.46,2.3
20100621,3.76,1.45,2.31
20100622,3.71,1.41,2.3
20100623,3.69,1.43,2.26
20100624,3.7,1.44,2.26
20100625,3.68,1.42,2.26
20100628,3.68,1.43,2.25
20100629,3.65,1.41,2.24
20100630,3.65,1.42,2.23
20100702,3.65,1.45,2.2
20100705,3.63,1.43,2.2
20100706,3.64,1.45,2.19
20100707,3.69,1.5,2.19
20100708,3.72,1.51,2.21
20100709,3.75,1.51,2.24
20100712,3.75,1.5,2.25
20100713,3.78,1.51,2.27
20100714,3.78,1.53,2.25
20100715,3.77,1.52,2.25
20100716,3.72,1.5,2.22
20100719,3.74,1.52,2.22
20100720,3.76,1.55,2.21
20100721,3.73,1.51,2.22
20100722,3.77,1.55,2.22
20100723,3.78,1.56,2.22
20100726,3.77,1.56,2.21
20100727,3.8,1.57,2.23
20100728,3.77,1.55,2.22
20100729,3.75,1.55,2.2
20100730,3.69,1.51,2.18
20100803,3.69,1.5,2.19
20100804,3.72,1.52,2.2
20100805,3.67,1.47,2.2
20100806,3.65,1.45,2.2
20100809,3.65,1.46,2.19
20100810,3.63,1.43,2.2
20100811,3.6,1.42,2.18
20100812,3.63,1.44,2.19
20100813,3.6,1.41,2.19
20100816,3.55,1.37,2.18
20100817,3.57,1.38,2.19
20100818,3.55,1.36,2.19
20100819,3.52,1.34,2.18
20100820,3.53,1.36,2.17
20100823,3.53,1.38,2.15
20100824,3.5,1.36,2.14
20100825,3.47,1.4,2.07
20100826,3.43,1.33,2.1
20100827,3.49,1.37,2.12
20100830,3.43,1.31,2.12
20100831,3.44,1.34,2.1
20100901,3.5,1.38,2.12
20100902,3.52,1.38,2.14
20100903,3.57,1.41,2.16
20100907,3.47,1.33,2.14
20100908,3.53,1.38,2.15
20100909,3.56,1.38,2.18
20100910,3.55,1.36,2.19
20100913,3.54,1.33,2.21
20100914,3.52,1.32,2.2
20100915,3.54,1.35,2.19
20100916,3.55,1.35,2.2
20100917,3.5,1.31,2.19
20100920,3.5,1.3,2.2
20100921,3.48,1.3,2.18
20100922,3.43,1.25,2.18
20100923,3.41,1.24,2.17
20100924,3.42,1.24,2.18
20100927,3.38,1.21,2.17
20100928,3.33,1.16,2.17
20100929,3.33,1.17,2.16
20100930,3.35,1.2,2.15
20101001,3.39,1.24,2.15
20101004,3.37,1.21,2.16
20101005,3.39,1.22,2.17
20101006,3.38,1.2,2.18
20101007,3.42,1.24,2.18
20101008,3.4,1.21,2.19
20101012,3.43,1.23,2.2
20101013,3.44,1.23,2.21
20101014,3.45,1.16,2.29
20101015,3.49,1.2,2.29
20101018,3.48,1.18,2.3
20101019,3.45,1.12,2.33
20101020,3.46,1.13,2.33
20101021,3.44,1.09,2.35
20101022,3.44,1.09,2.35
20101025,3.43,1.08,2.35
20101026,3.46,1.13,2.33
20101027,3.5,1.17,2.33
20101028,3.48,1.14,2.34
20101029,3.44,1.09,2.35
20101101,3.47,1.13,2.34
20101102,3.48,1.14,2.34
20101103,3.49,1.15,2.34
20101104,3.47,1.13,2.34
20101105,3.49,1.15,2.34
20101108,3.5,1.18,2.32
20101109,3.57,1.23,2.34
20101110,3.59,1.25,2.34
20101112,3.63,1.3,2.33
20101115,3.71,1.37,2.34
20101116,3.68,1.34,2.34
20101117,3.67,1.32,2.35
20101118,3.66,1.29,2.37
20101119,3.62,1.31,2.31
20101122,3.58,1.27,2.31
20101123,3.6,1.25,2.35
20101124,3.65,1.3,2.35
20101125,3.63,1.27,2.36
20101126,3.57,1.2,2.37
20101129,3.52,1.15,2.37
20101130,3.48,1.12,2.36
20101201,3.58,1.17,2.41
20101202,3.6,1.19,2.41
20101203,3.64,1.24,2.4
20101206,3.6,1.21,2.39
20101207,3.68,1.27,2.41
20101208,3.68,1.28,2.4
20101209,3.69,1.31,2.38
20101210,3.71,1.33,2.38
20101213,3.66,1.28,2.38
20101214,3.75,1.36,2.39
20101215,3.74,1.32,2.42
20101216,3.68,1.25,2.43
20101217,3.6,1.18,2.42
20101220,3.58,1.16,2.42
20101221,3.55,1.13,2.42
20101222,3.56,1.14,2.42
20101223,3.56,1.14,2.42
20101224,3.56,1.14,2.42
20101229,3.54,1.12,2.42
20101230,3.55,1.13,2.42
20101231,3.52,1.11,2.41
20110104,3.57,1.17,2.4
20110105,3.66,1.23,2.43
20110106,3.64,1.2,2.44
20110107,3.61,1.17,2.44
20110110,3.6,1.17,2.43
20110111,3.64,1.19,2.45
20110112,3.68,1.22,2.46
20110113,3.67,1.22,2.45
20110114,3.69,1.25,2.44
20110117,3.68,1.24,2.44
20110118,3.71,1.26,2.45
20110119,3.69,1.24,2.45
20110120,3.74,1.29,2.45
20110121,3.74,1.3,2.44
20110124,3.75,1.31,2.44
20110125,3.72,1.32,2.4
20110126,3.75,1.35,2.4
20110127,3.72,1.35,2.37
20110128,3.71,1.36,2.35
20110131,3.73,1.38,2.35
20110201,3.77,1.39,2.38
20110202,3.79,1.41,2.38
20110203,3.8,1.42,2.38
20110204,3.82,1.44,2.38
20110207,3.8,1.43,2.37
20110208,3.85,1.47,2.38
20110209,3.81,1.43,2.38
20110210,3.83,1.45,2.38
20110211,3.83,1.44,2.39
20110214,3.84,1.46,2.38
20110215,3.84,1.45,2.39
20110216,3.85,1.47,2.38
20110217,3.85,1.46,2.39
20110218,3.85,1.47,2.38
20110222,3.79,1.4,2.39
20110223,3.75,1.31,2.44
20110224,3.72,1.27,2.45
20110225,3.7,1.24,2.46
20110228,3.7,1.22,2.48
20110301,3.7,1.23,2.47
20110302,3.74,1.25,2.49
20110303,3.8,1.25,2.55
20110304,3.77,1.23,2.54
20110307,3.8,1.24,2.56
20110308,3.84,1.3,2.54
20110309,3.79,1.26,2.53
20110310,3.74,1.22,2.52
20110311,3.75,1.23,2.52
20110314,3.73,1.21,2.52
20110315,3.72,1.2,2.52
20110316,3.68,1.16,2.52
20110317,3.72,1.15,2.57
20110318,3.71,1.13,2.58
20110321,3.73,1.15,2.58
20110322,3.7,1.14,2.56
20110323,3.7,1.15,2.55
20110324,3.7,1.11,2.59
20110325,3.7,1.11,2.59
20110328,3.7,1.12,2.58
20110329,3.74,1.15,2.59
20110330,3.72,1.13,2.59
20110331,3.75,1.15,2.6
20110401,3.77,1.15,2.62
20110404,3.76,1.13,2.63
20110405,3.77,1.12,2.65
20110406,3.82,1.17,2.65
20110407,3.84,1.16,2.68
20110408,3.85,1.15,2.7
20110411,3.87,1.18,2.69
20110412,3.82,1.15,2.67
20110413,3.79,1.13,2.66
20110414,3.77,1.11,2.66
20110415,3.72,1.05,2.67
20110418,3.68,1.03,2.65
20110419,3.71,1.01,2.7
20110420,3.76,1.06,2.7
20110421,3.74,1.04,2.7
20110425,3.71,1.01,2.7
20110426,3.68,1.0,2.68
20110427,3.74,1.05,2.69
20110428,3.7,1.02,2.68
20110429,3.69,1.0,2.69
20110502,3.69,1.0,2.69
20110503,3.64,0.96,2.68
20110504,3.6,0.92,2.68
20110505,3.57,0.93,2.64
20110506,3.58,0.95,2.63
20110509,3.58,0.95,2.63
20110510,3.64,0.98,2.66
20110511,3.62,0.99,2.63
20110512,3.62,1.0,2.62
20110513,3.59,0.99,2.6
20110516,3.58,0.98,2.6
20110517,3.56,0.99,2.57
20110518,3.61,1.01,2.6
20110519,3.59,1.04,2.55
20110520,3.56,1.04,2.52
20110524,3.52,1.01,2.51
20110525,3.5,0.99,2.51
20110526,3.48,0.98,2.5
20110527,3.5,1.0,2.5
20110530,3.49,1.01,2.48
20110531,3.49,0.98,2.51
20110601,3.45,1.02,2.43
20110602,3.5,1.06,2.44
20110603,3.47,1.05,2.42
20110606,3.49,1.04,2.45
20110607,3.52,1.05,2.47
20110608,3.49,1.02,2.47
20110609,3.52,1.05,2.47
20110610,3.48,1.03,2.45
20110613,3.46,1.02,2.44
20110614,3.5,1.06,2.44
20110615,3.42,1.0,2.42
20110616,3.39,0.98,2.41
20110617,3.39,0.98,2.41
20110620,3.42,1.04,2.38
20110621,3.42,1.03,2.39
20110622,3.42,1.04,2.38
20110623,3.37,1.04,2.33
20110624,3.36,1.03,2.33
20110627,3.42,1.05,2.37
20110628,3.47,1.05,2.42
20110629,3.53,1.04,2.49
20110630,3.55,1.03,2.52
20110704,3.53,1.02,2.51
20110705,3.52,1.03,2.49
20110706,3.5,1.02,2.48
20110707,3.49,1.0,2.49
20110708,3.41,0.94,2.47
20110711,3.36,0.88,2.48
20110712,3.36,0.88,2.48
20110713,3.38,0.89,2.49
20110714,3.4,0.91,2.49
20110715,3.35,0.84,2.51
20110718,3.36,0.85,2.51
20110719,3.34,0.82,2.52
20110720,3.39,0.86,2.53
20110721,3.43,0.89,2.54
20110722,3.39,0.89,2.5
20110725,3.4,0.9,2.5
20110726,3.37,0.87,2.5
20110727,3.35,0.84,2.51
20110728,3.34,0.84,2.5
20110729,3.29,0.79,2.5
20110802,3.16,0.72,2.44
20110803,3.19,0.75,2.44
20110804,3.09,0.72,2.37
20110805,3.22,0.83,2.39
20110808,3.11,0.62,2.49
20110809,3.07,0.81,2.26
20110810,2.99,0.63,2.36
20110811,3.07,0.7,2.37
20110812,3.09,0.7,2.39
20110815,3.13,0.71,2.42
20110816,3.11,0.7,2.41
20110817,3.05,0.64,2.41
20110818,2.96,0.64,2.32
20110819,2.96,0.64,2.32
20110822,2.95,0.67,2.28
20110823,3.01,0.74,2.27
20110824,3.08,0.81,2.27
20110825,3.04,0.78,2.26
20110826,3.01,0.77,2.24
20110829,3.06,0.82,2.24
20110830,3.02,0.81,2.21
20110831,3.1,0.88,2.22
20110901,3.03,0.82,2.21
20110902,2.96,0.77,2.19
20110906,2.91,0.76,2.15
20110907,2.95,0.79,2.16
20110908,2.89,0.74,2.15
20110909,2.81,0.71,2.1
20110912,2.81,0.73,2.08
20110913,2.83,0.74,2.09
20110914,2.85,0.76,2.09
20110915,2.91,0.81,2.1
20110916,2.92,0.81,2.11
20110919,2.87,0.82,2.05
20110920,2.86,0.81,2.05
20110921,2.76,0.75,2.01
20110922,2.68,0.75,1.93
20110923,2.7,0.78,1.92
20110926,2.77,0.86,1.91
20110927,2.82,0.88,1.94
20110928,2.83,0.88,1.95
20110929,2.84,0.88,1.96
20110930,2.77,0.82,1.95
20111003,2.69,0.74,1.95
20111004,2.71,0.72,1.99
20111005,2.73,0.7,2.03
20111006,2.8,0.76,2.04
20111007,2.82,0.7,2.12
20111011,2.87,0.72,2.15
20111012,2.95,0.79,2.16
20111013,2.89,0.8,2.09
20111014,2.97,0.88,2.09
20111017,2.88,0.79,2.09
20111018,2.91,0.81,2.1
20111019,2.94,0.83,2.11
20111020,2.93,0.82,2.11
20111021,2.98,0.84,2.14
20111024,2.99,0.84,2.15
20111025,2.92,0.78,2.14
20111026,3.02,0.85,2.17
20111027,3.13,0.9,2.23
20111028,3.06,0.82,2.24
20111031,2.92,0.67,2.25
20111101,2.79,0.56,2.23
20111102,2.81,0.58,2.23
20111103,2.86,0.61,2.25
20111104,2.83,0.59,2.24
20111107,2.81,0.58,2.23
20111108,2.81,0.58,2.23
20111109,2.73,0.54,2.19
20111110,2.76,0.57,2.19
20111114,2.74,0.55,2.19
20111115,2.74,0.58,2.16
20111116,2.72,0.56,2.16
20111117,2.71,0.58,2.13
20111118,2.74,0.6,2.14
20111121,2.72,0.58,2.14
20111122,2.68,0.57,2.11
20111123,2.63,0.55,2.08
20111124,2.63,0.55,2.08
20111125,2.66,0.57,2.09
20111128,2.67,0.6,2.07
20111129,2.67,0.59,2.08
20111130,2.69,0.61,2.08
20111201,2.69,0.59,2.1
20111202,2.68,0.57,2.11
20111205,2.66,0.57,2.09
20111206,2.68,0.57,2.11
20111207,2.63,0.53,2.1
20111208,2.58,0.51,2.07
20111209,2.65,0.59,2.06
20111212,2.62,0.55,2.07
20111213,2.57,0.52,2.05
20111214,2.54,0.52,2.02
20111215,2.52,0.52,2.0
20111216,2.46,0.45,2.01
20111219,2.42,0.41,2.01
20111220,2.46,0.45,2.01
20111221,2.49,0.48,2.01
20111222,2.5,0.48,2.02
20111223,2.55,0.52,2.03
20111228,2.5,0.47,2.03
20111229,2.5,0.47,2.03
20111230,2.49,0.45,2.04
20120103,2.55,0.51,2.04
20120104,2.57,0.49,2.08
20120105,2.55,0.47,2.08
20120106,2.52,0.42,2.1
20120109,2.52,0.38,2.14
20120110,2.54,0.4,2.14
20120111,2.51,0.36,2.15
20120112,2.54,0.4,2.14
20120113,2.51,0.38,2.13
20120116,2.51,0.38,2.13
20120117,2.5,0.37,2.13
20120118,2.53,0.4,2.13
20120119,2.57,0.44,2.13
20120120,2.63,0.52,2.11
20120123,2.66,0.55,2.11
20120124,2.67,0.55,2.12
20120125,2.64,0.53,2.11
20120126,2.62,0.49,2.13
20120127,2.6,0.47,2.13
20120130,2.55,0.42,2.13
20120131,2.5,0.38,2.12
20120201,2.52,0.39,2.13
20120202,2.55,0.43,2.12
20120203,2.61,0.44,2.17
20120206,2.57,0.42,2.15
20120207,2.62,0.47,2.15
20120208,2.64,0.5,2.14
20120209,2.64,0.52,2.12
20120210,2.62,0.49,2.13
20120213,2.64,0.5,2.14
20120214,2.6,0.47,2.13
20120215,2.59,0.48,2.11
20120216,2.61,0.51,2.1
20120217,2.64,0.53,2.11
20120221,2.66,0.55,2.11
20120222,2.64,0.49,2.15
20120223,2.64,0.49,2.15
20120224,2.64,0.48,2.16
20120227,2.62,0.48,2.14
20120228,2.6,0.45,2.15
20120229,2.6,0.44,2.16
20120301,2.61,0.45,2.16
20120302,2.58,0.43,2.15
20120305,2.58,0.45,2.13
20120306,2.55,0.43,2.12
20120307,2.57,0.45,2.12
20120308,2.59,0.47,2.12
20120309,2.59,0.46,2.13
20120312,2.58,0.45,2.13
20120313,2.63,0.48,2.15
20120314,2.7,0.52,2.18
20120315,2.74,0.56,2.18
20120316,2.77,0.59,2.18
20120319,2.81,0.62,2.19
20120320,2.81,0.61,2.2
20120321,2.77,0.57,2.2
20120322,2.73,0.54,2.19
20120323,2.72,0.53,2.19
20120326,2.72,0.54,2.18
20120327,2.67,0.51,2.16
20120328,2.67,0.52,2.15
20120329,2.64,0.51,2.13
20120330,2.66,0.51,2.15
20120402,2.66,0.52,2.14
20120403,2.73,0.59,2.14
20120404,2.68,0.54,2.14
20120405,2.68,0.54,2.14
20120409,2.63,0.51,2.12
20120410,2.55,0.44,2.11
20120411,2.58,0.47,2.11
20120412,2.6,0.48,2.12
20120413,2.55,0.43,2.12
20120416,2.57,0.46,2.11
20120417,2.61,0.49,2.12
20120418,2.59,0.47,2.12
20120419,2.58,0.48,2.1
20120420,2.61,0.54,2.07
20120423,2.59,0.54,2.05
20120424,2.62,0.57,2.05
20120425,2.65,0.59,2.06
20120426,2.61,0.57,2.04
20120427,2.63,0.59,2.04
20120430,2.61,0.57,2.04
20120501,2.61,0.57,2.04
20120502,2.59,0.55,2.04
20120503,2.59,0.55,2.04
20120504,2.54,0.52,2.02
20120507,2.54,0.53,2.01
20120508,2.5,0.49,2.01
20120509,2.51,0.49,2.02
20120510,2.5,0.47,2.03
20120511,2.47,0.44,2.03
20120514,2.44,0.42,2.02
20120515,2.45,0.45,2.0
20120516,2.45,0.47,1.98
20120517,2.42,0.44,1.98
20120518,2.43,0.43,2.0
20120522,2.44,0.43,2.01
20120523,2.4,0.39,2.01
20120524,2.4,0.38,2.02
20120525,2.35,0.35,2.0
20120528,2.37,0.37,2.0
20120529,2.39,0.4,1.99
20120530,2.33,0.37,1.96
20120531,2.29,0.34,1.95
20120601,2.21,0.3,1.91
20120604,2.23,0.3,1.93
20120605,2.28,0.37,1.91
20120606,2.35,0.42,1.93
20120607,2.36,0.39,1.97
20120608,2.36,0.39,1.97
20120611,2.33,0.36,1.97
20120612,2.37,0.39,1.98
20120613,2.35,0.38,1.97
20120614,2.37,0.41,1.96
20120615,2.33,0.38,1.95
20120618,2.34,0.39,1.95
20120619,2.36,0.4,1.96
20120620,2.36,0.39,1.97
20120621,2.32,0.38,1.94
20120622,2.36,0.44,1.92
20120625,2.3,0.4,1.9
20120626,2.32,0.42,1.9
20120627,2.32,0.42,1.9
20120628,2.29,0.42,1.87
20120629,2.33,0.44,1.89
20120703,2.32,0.43,1.89
20120704,2.3,0.4,1.9
20120705,2.31,0.41,1.9
20120706,2.29,0.41,1.88
20120709,2.27,0.39,1.88
20120710,2.27,0.37,1.9
20120711,2.28,0.37,1.91
20120712,2.24,0.35,1.89
20120713,2.25,0.36,1.89
20120716,2.25,0.35,1.9
20120717,2.26,0.37,1.89
20120718,2.24,0.35,1.89
20120719,2.27,0.37,1.9
20120720,2.24,0.35,1.89
20120723,2.21,0.33,1.88
20120724,2.2,0.31,1.89
20120725,2.22,0.33,1.89
20120726,2.27,0.36,1.91
20120727,2.33,0.39,1.94
20120730,2.29,0.35,1.94
20120731,2.27,0.33,1.94
20120801,2.29,0.34,1.95
20120802,2.25,0.31,1.94
20120803,2.31,0.36,1.95
20120807,2.37,0.4,1.97
20120808,2.35,0.38,1.97
20120809,2.33,0.37,1.96
20120810,2.32,0.37,1.95
20120813,2.33,0.39,1.94
20120814,2.37,0.41,1.96
20120815,2.46,0.5,1.96
20120816,2.49,0.51,1.98
20120817,2.48,0.51,1.97
20120820,2.48,0.51,1.97
20120821,2.47,0.5,1.97
20120822,2.41,0.45,1.96
20120823,2.4,0.44,1.96
20120824,2.41,0.45,1.96
20120827,2.38,0.42,1.96
20120828,2.36,0.4,1.96
20120829,2.37,0.4,1.97
20120830,2.34,0.4,1.94
20120831,2.34,0.4,1.94
20120904,2.31,0.39,1.92
20120905,2.33,0.42,1.91
20120906,2.4,0.48,1.92
20120907,2.43,0.51,1.92
20120910,2.42,0.5,1.92
20120911,2.44,0.51,1.93
20120912,2.49,0.47,2.02
20120913,2.47,0.41,2.06
20120914,2.54,0.4,2.14
20120917,2.52,0.39,2.13
20120918,2.49,0.39,2.1
20120919,2.46,0.37,2.09
20120920,2.42,0.38,2.04
20120921,2.42,0.41,2.01
20120924,2.39,0.39,2.0
20120925,2.38,0.38,2.0
20120926,2.33,0.35,1.98
20120927,2.35,0.37,1.98
20120928,2.32,0.36,1.96
20121001,2.32,0.35,1.97
20121002,2.32,0.34,1.98
20121003,2.32,0.34,1.98
20121004,2.37,0.35,2.02
20121005,2.4,0.36,2.04
20121009,2.4,0.36,2.04
20121010,2.4,0.36,2.04
20121011,2.4,0.37,2.03
20121012,2.39,0.39,2.0
20121015,2.41,0.4,2.01
20121016,2.44,0.43,2.01
20121017,2.5,0.48,2.02
20121018,2.48,0.45,2.03
20121019,2.43,0.42,2.01
20121022,2.45,0.42,2.03
20121023,2.42,0.4,2.02
20121024,2.42,0.41,2.01
20121025,2.46,0.43,2.03
20121026,2.41,0.39,2.02
20121029,2.38,0.36,2.02
20121030,2.4,0.38,2.02
20121031,2.38,0.38,2.0
20121101,2.38,0.36,2.02
20121102,2.36,0.36,2.0
20121105,2.35,0.36,1.99
20121106,2.38,0.39,1.99
20121107,2.34,0.37,1.97
20121108,2.31,0.34,1.97
20121109,2.31,0.35,1.96
20121113,2.29,0.33,1.96
20121114,2.29,0.35,1.94
20121115,2.31,0.37,1.94
20121116,2.29,0.35,1.94
20121119,2.33,0.38,1.95
20121120,2.35,0.4,1.95
20121121,2.35,0.4,1.95
20121122,2.36,0.41,1.95
20121123,2.36,0.41,1.95
20121126,2.34,0.39,1.95
20121127,2.31,0.36,1.95
20121128,2.3,0.34,1.96
20121129,2.29,0.34,1.95
20121130,2.29,0.33,1.96
20121203,2.3,0.33,1.97
20121204,2.3,0.33,1.97
20121205,2.29,0.32,1.97
20121206,2.3,0.33,1.97
20121207,2.31,0.33,1.98
20121210,2.31,0.32,1.99
20121211,2.33,0.35,1.98
20121212,2.37,0.38,1.99
20121213,2.4,0.41,1.99
20121214,2.38,0.39,1.99
20121217,2.4,0.41,1.99
20121218,2.42,0.41,2.01
20121219,2.42,0.41,2.01
20121220,2.41,0.4,2.01
20121221,2.37,0.38,1.99
20121224,2.37,0.38,1.99
20121227,2.35,0.37,1.98
20121228,2.34,0.36,1.98
20121231,2.36,0.38,1.98
20130102,2.42,0.42,2.0
20130103,2.48,0.48,2.0
20130104,2.48,0.48,2.0
20130107,2.49,0.51,1.98
20130108,2.47,0.47,2.0
20130109,2.47,0.47,2.0
20130110,2.52,0.5,2.02
20130111,2.5,0.49,2.01
20130114,2.5,0.48,2.02
20130115,2.48,0.46,2.02
20130116,2.46,0.44,2.02
20130117,2.51,0.48,2.03
20130118,2.49,0.46,2.03
20130121,2.51,0.48,2.03
20130122,2.5,0.47,2.03
20130123,2.47,0.45,2.02
20130124,2.48,0.47,2.01
20130125,2.53,0.52,2.01
20130128,2.54,0.52,2.02
20130129,2.57,0.54,2.03
20130130,2.57,0.54,2.03
20130131,2.57,0.54,2.03
20130201,2.63,0.57,2.06
20130204,2.59,0.54,2.05
20130205,2.62,0.54,2.08
20130206,2.6,0.53,2.07
20130207,2.6,0.55,2.05
20130208,2.57,0.54,2.03
20130211,2.59,0.56,2.03
20130212,2.61,0.57,2.04
20130213,2.64,0.59,2.05
20130214,2.61,0.58,2.03
20130215,2.63,0.61,2.02
20130219,2.64,0.63,2.01
20130220,2.64,0.59,2.05
20130221,2.61,0.59,2.02
20130222,2.58,0.58,2.0
20130225,2.53,0.52,2.01
20130226,2.53,0.52,2.01
20130227,2.53,0.52,2.01
20130228,2.52,0.53,1.99
20130301,2.49,0.51,1.98
20130304,2.5,0.51,1.99
20130305,2.51,0.51,2.0
20130306,2.55,0.56,1.99
20130307,2.58,0.56,2.02
20130308,2.62,0.58,2.04
20130311,2.63,0.59,2.04
20130312,2.61,0.57,2.04
20130313,2.61,0.55,2.06
20130314,2.62,0.57,2.05
20130315,2.59,0.54,2.05
20130318,2.56,0.52,2.04
20130319,2.52,0.5,2.02
20130320,2.56,0.53,2.03
20130321,2.52,0.5,2.02
20130322,2.53,0.51,2.02
20130325,2.53,0.52,2.01
20130326,2.54,0.52,2.02
20130327,2.49,0.48,2.01
20130328,2.5,0.49,2.01
20130401,2.49,0.48,2.01
20130402,2.5,0.49,2.01
20130403,2.45,0.45,2.0
20130404,2.42,0.42,2.0
20130405,2.36,0.36,2.0
20130408,2.37,0.38,1.99
20130409,2.39,0.4,1.99
20130410,2.44,0.43,2.01
20130411,2.43,0.43,2.0
20130412,2.39,0.39,2.0
20130415,2.36,0.38,1.98
20130416,2.38,0.41,1.97
20130417,2.36,0.4,1.96
20130418,2.35,0.42,1.93
20130419,2.36,0.41,1.95
20130422,2.37,0.43,1.94
20130423,2.38,0.42,1.96
20130424,2.38,0.42,1.96
20130425,2.4,0.44,1.96
20130426,2.37,0.41,1.96
20130429,2.37,0.4,1.97
20130430,2.37,0.41,1.96
20130501,2.35,0.4,1.95
20130502,2.35,0.4,1.95
20130503,2.44,0.44,2.0
20130506,2.47,0.46,2.01
20130507,2.48,0.48,2.0
20130508,2.46,0.48,1.98
20130509,2.45,0.47,1.98
20130510,2.51,0.51,2.0
20130513,2.53,0.52,2.01
20130514,2.56,0.55,2.01
20130515,2.53,0.56,1.97
20130516,2.49,0.53,1.96
20130517,2.53,0.6,1.93
20130521,2.53,0.57,1.96
20130522,2.57,0.61,1.96
20130523,2.57,0.61,1.96
20130524,2.56,0.6,1.96
20130527,2.6,0.62,1.98
20130528,2.66,0.65,2.01
20130529,2.65,0.68,1.97
20130530,2.64,0.68,1.96
20130531,2.63,0.65,1.98
20130603,2.6,0.61,1.99
20130604,2.64,0.62,2.02
20130605,2.62,0.65,1.97
20130606,2.62,0.69,1.93
20130607,2.72,0.8,1.92
20130610,2.75,0.85,1.9
20130611,2.72,0.87,1.85
20130612,2.75,0.9,1.85
20130613,2.69,0.81,1.88
20130614,2.68,0.82,1.86
20130617,2.69,0.84,1.85
20130618,2.7,0.85,1.85
20130619,2.75,0.89,1.86
20130620,2.8,0.97,1.83
20130621,2.9,1.1,1.8
20130624,2.93,1.12,1.81
20130625,2.97,1.13,1.84
20130626,2.96,1.12,1.84
20130627,2.9,1.06,1.84
20130628,2.89,1.05,1.84
20130702,2.86,0.99,1.87
20130703,2.86,0.99,1.87
20130704,2.86,0.97,1.89
20130705,2.97,1.06,1.91
20130708,2.92,1.01,1.91
20130709,2.93,1.02,1.91
20130710,2.96,1.04,1.92
20130711,2.92,1.01,1.91
20130712,2.92,1.01,1.91
20130715,2.92,1.02,1.9
20130716,2.92,0.98,1.94
20130717,2.9,0.96,1.94
20130718,2.92,1.0,1.92
20130719,2.89,0.95,1.94
20130722,2.88,0.95,1.93
20130723,2.92,1.0,1.92
20130724,2.98,1.06,1.92
20130725,2.97,1.05,1.92
20130726,2.95,1.04,1.91
20130729,2.98,1.07,1.91
20130730,3.02,1.09,1.93
20130731,2.97,1.02,1.95
20130801,3.04,1.09,1.95
20130802,3.0,1.06,1.94
20130806,3.03,1.06,1.97
20130807,3.01,1.03,1.98
20130808,3.0,1.01,1.99
20130809,2.99,1.0,1.99
20130812,3.02,1.02,2.0
20130813,3.09,1.09,2.0
20130814,3.09,1.11,1.98
20130815,3.15,1.17,1.98
20130816,3.18,1.21,1.97
20130819,3.21,1.24,1.97
20130820,3.15,1.18,1.97
20130821,3.21,1.23,1.98
20130822,3.21,1.24,1.97
20130823,3.16,1.19,1.97
20130826,3.12,1.15,1.97
20130827,3.04,1.06,1.98
20130828,3.09,1.1,1.99
20130829,3.06,1.07,1.99
20130830,3.07,1.1,1.97
20130903,3.15,1.19,1.96
20130904,3.18,1.24,1.94
20130905,3.25,1.31,1.94
20130906,3.23,1.3,1.93
20130909,3.22,1.28,1.94
20130910,3.28,1.35,1.93
20130911,3.26,1.29,1.97
20130912,3.26,1.3,1.96
20130913,3.25,1.29,1.96
20130916,3.28,1.31,1.97
20130917,3.26,1.31,1.95
20130918,3.21,1.23,1.98
20130919,3.22,1.25,1.97
20130920,3.2,1.25,1.95
20130923,3.17,1.21,1.96
20130924,3.11,1.18,1.93
20130925,3.09,1.16,1.93
20130926,3.1,1.17,1.93
20130927,3.08,1.14,1.94
20130930,3.07,1.13,1.94
20131001,3.08,1.13,1.95
20131002,3.09,1.14,1.95
20131003,3.09,1.12,1.97
20131004,3.12,1.12,2.0
20131007,3.11,1.11,2.0
20131008,3.11,1.11,2.0
20131009,3.12,1.12,2.0
20131010,3.15,1.14,2.01
20131011,3.14,1.14,2.0
20131015,3.18,1.17,2.01
20131016,3.15,1.14,2.01
20131017,3.12,1.11,2.01
20131018,3.1,1.1,2.0
20131021,3.12,1.12,2.0
20131022,3.07,1.07,2.0
20131023,3.03,1.03,2.0
20131024,3.03,1.03,2.0
20131025,3.02,1.02,2.0
20131028,3.02,1.02,2.0
20131029,3.01,1.01,2.0
20131030,3.01,1.04,1.97
20131031,3.01,1.02,1.99
20131101,3.08,1.1,1.98
20131104,3.06,1.09,1.97
20131105,3.1,1.13,1.97
20131106,3.11,1.13,1.98
20131107,3.09,1.13,1.96
20131108,3.16,1.21,1.95
20131112,3.19,1.23,1.96
20131113,3.16,1.2,1.96
20131114,3.11,1.16,1.95
20131115,3.12,1.15,1.97
20131118,3.08,1.12,1.96
20131119,3.1,1.14,1.96
20131120,3.18,1.22,1.96
20131121,3.2,1.26,1.94
20131122,3.15,1.22,1.93
20131125,3.13,1.21,1.92
20131126,3.1,1.18,1.92
20131127,3.14,1.18,1.96
20131128,3.14,1.18,1.96
20131129,3.15,1.18,1.97
20131202,3.18,1.2,1.98
20131203,3.18,1.2,1.98
20131204,3.25,1.28,1.97
20131205,3.28,1.3,1.98
20131206,3.28,1.3,1.98
20131209,3.25,1.27,1.98
20131210,3.17,1.19,1.98
20131211,3.21,1.23,1.98
20131212,3.22,1.23,1.99
20131213,3.21,1.22,1.99
20131216,3.21,1.23,1.98
20131217,3.19,1.21,1.98
20131218,3.22,1.23,1.99
20131219,3.21,1.23,1.98
20131220,3.18,1.21,1.97
20131223,3.18,1.21,1.97
20131224,3.2,1.22,1.98
20131227,3.25,1.28,1.97
20131230,3.21,1.23,1.98
20131231,3.24,1.25,1.99
20140102,3.21,1.23,1.98
20140103,3.22,1.23,1.99
20140106,3.19,1.19,2.0
20140107,3.16,1.14,2.02
20140108,3.21,1.2,2.01
20140109,3.19,1.16,2.03
20140110,3.11,1.1,2.01
20140113,3.09,1.09,2.0
20140114,3.12,1.12,2.0
20140115,3.12,1.11,2.01
20140116,3.08,1.07,2.01
20140117,3.06,1.06,2.0
20140120,3.05,1.05,2.0
20140121,3.05,1.05,2.0
20140122,3.05,1.06,1.99
20140123,2.99,0.99,2.0
20140124,2.97,0.98,1.99
20140127,3.0,1.02,1.98
20140128,2.99,1.02,1.97
20140129,2.94,0.99,1.95
20140130,2.95,0.99,1.96
20140131,2.92,0.95,1.97
20140203,2.89,0.93,1.96
20140204,2.93,0.96,1.97
20140205,2.98,1.01,1.97
20140206,3.02,1.05,1.97
20140207,3.0,1.03,1.97
20140210,3.01,1.04,1.97
20140211,3.05,1.08,1.97
20140212,3.07,1.1,1.97
20140213,3.05,1.08,1.97
20140214,3.05,1.08,1.97
20140218,3.04,1.07,1.97
20140219,3.05,1.07,1.98
20140220,3.05,1.07,1.98
20140221,3.02,1.04,1.98
20140224,3.02,1.03,1.99
20140225,2.99,0.99,2.0
20140226,2.96,0.96,2.0
20140227,2.93,0.93,2.0
20140228,2.94,0.92,2.02
20140303,2.93,0.91,2.02
20140304,2.98,0.96,2.02
20140305,2.97,0.95,2.02
20140306,3.02,0.97,2.05
20140307,3.04,0.99,2.05
20140310,3.03,0.97,2.06
20140311,3.02,0.97,2.05
20140312,2.98,0.96,2.02
20140313,2.93,0.91,2.02
20140314,2.92,0.91,2.01
20140317,2.95,0.93,2.02
20140318,2.94,0.91,2.03
20140319,2.98,0.95,2.03
20140320,2.99,0.96,2.03
20140321,2.95,0.9,2.05
20140324,2.94,0.88,2.06
20140325,2.97,0.91,2.06
20140326,2.96,0.9,2.06
20140327,2.93,0.87,2.06
20140328,2.94,0.89,2.05
20140331,2.96,0.91,2.05
20140401,3.01,0.96,2.05
20140402,3.04,0.99,2.05
20140403,3.03,0.98,2.05
20140404,3.0,0.95,2.05
20140407,2.97,0.93,2.04
20140408,2.96,0.93,2.03
20140409,2.99,0.95,2.04
20140410,2.97,0.93,2.04
20140411,2.93,0.91,2.02
20140414,2.94,0.91,2.03
20140415,2.92,0.89,2.03
20140416,2.91,0.88,2.03
20140417,2.95,0.91,2.04
20140421,2.95,0.91,2.04
20140422,2.94,0.9,2.04
20140423,2.93,0.89,2.04
20140424,2.93,0.91,2.02
20140425,2.93,0.9,2.03
20140428,2.97,0.95,2.02
20140429,2.96,0.94,2.02
20140430,2.93,0.92,2.01
20140501,2.9,0.89,2.01
20140502,2.88,0.87,2.01
20140505,2.9,0.88,2.02
20140506,2.89,0.88,2.01
20140507,2.9,0.88,2.02
20140508,2.89,0.89,2.0
20140509,2.89,0.9,1.99
20140512,2.92,0.92,2.0
20140513,2.89,0.89,2.0
20140514,2.83,0.83,2.0
20140515,2.8,0.8,2.0
20140516,2.79,0.8,1.99
20140520,2.81,0.81,2.0
20140521,2.84,0.84,2.0
20140522,2.86,0.86,2.0
20140523,2.84,0.84,2.0
20140526,2.85,0.85,2.0
20140527,2.84,0.83,2.01
20140528,2.76,0.76,2.0
20140529,2.78,0.78,2.0
20140530,2.78,0.77,2.01
20140602,2.81,0.8,2.01
20140603,2.85,0.86,1.99
20140604,2.86,0.87,1.99
20140605,2.85,0.85,2.0
20140606,2.84,0.83,2.01
20140609,2.84,0.84,2.0
20140610,2.86,0.86,2.0
20140611,2.86,0.87,1.99
20140612,2.83,0.84,1.99
20140613,2.83,0.85,1.98
20140616,2.81,0.83,1.98
20140617,2.84,0.85,1.99
20140618,2.81,0.81,2.0
20140619,2.83,0.81,2.02
20140620,2.84,0.81,2.03
20140623,2.86,0.82,2.04
20140624,2.82,0.79,2.03
20140625,2.82,0.78,2.04
20140626,2.8,0.77,2.03
20140627,2.8,0.78,2.02
20140630,2.78,0.76,2.02
20140702,2.85,0.83,2.02
20140703,2.84,0.81,2.03
20140704,2.85,0.81,2.04
20140707,2.83,0.8,2.03
20140708,2.79,0.76,2.03
20140709,2.78,0.75,2.03
20140710,2.79,0.75,2.04
20140711,2.77,0.73,2.04
20140714,2.77,0.74,2.03
20140715,2.77,0.74,2.03
20140716,2.75,0.73,2.02
20140717,2.69,0.67,2.02
20140718,2.71,0.67,2.04
20140721,2.67,0.63,2.04
20140722,2.66,0.63,2.03
20140723,2.67,0.64,2.03
20140724,2.71,0.68,2.03
20140725,2.67,0.62,2.05
20140728,2.67,0.62,2.05
20140729,2.64,0.59,2.05
20140730,2.7,0.63,2.07
20140731,2.7,0.61,2.09
20140801,2.66,0.58,2.08
20140805,2.65,0.61,2.04
20140806,2.65,0.62,2.03
20140807,2.62,0.6,2.02
20140808,2.62,0.61,2.01
20140811,2.64,0.63,2.01
20140812,2.67,0.67,2.0
20140813,2.64,0.63,2.01
20140814,2.62,0.61,2.01
20140815,2.58,0.58,2.0
20140818,2.62,0.61,2.01
20140819,2.62,0.64,1.98
20140820,2.65,0.66,1.99
20140821,2.64,0.65,1.99
20140822,2.63,0.66,1.97
20140825,2.6,0.63,1.97
20140826,2.6,0.63,1.97
20140827,2.57,0.6,1.97
20140828,2.56,0.59,1.97
20140829,2.56,0.59,1.97
20140902,2.64,0.65,1.99
20140903,2.63,0.65,1.98
20140904,2.66,0.66,2.0
20140905,2.67,0.66,2.01
20140908,2.68,0.68,2.0
20140909,2.7,0.7,2.0
20140910,2.72,0.73,1.99
20140911,2.72,0.72,2.0
20140912,2.76,0.76,2.0
20140915,2.76,0.76,2.0
20140916,2.77,0.77,2.0
20140917,2.79,0.8,1.99
20140918,2.79,0.82,1.97
20140919,2.76,0.78,1.98
20140922,2.74,0.77,1.97
20140923,2.72,0.74,1.98
20140924,2.73,0.75,1.98
20140925,2.68,0.7,1.98
20140926,2.68,0.71,1.97
20140929,2.65,0.69,1.96
20140930,2.67,0.71,1.96
20141001,2.6,0.64,1.96
20141002,2.62,0.67,1.95
20141003,2.61,0.66,1.95
20141006,2.6,0.64,1.96
20141007,2.55,0.6,1.95
20141008,2.55,0.62,1.93
20141009,2.57,0.63,1.94
20141010,2.54,0.61,1.93
20141014,2.49,0.57,1.92
20141015,2.45,0.56,1.89
20141016,2.49,0.58,1.91
20141017,2.52,0.58,1.94
20141020,2.52,0.58,1.94
20141021,2.53,0.59,1.94
20141022,2.53,0.62,1.91
20141023,2.56,0.64,1.92
20141024,2.55,0.64,1.91
20141027,2.55,0.65,1.9
20141028,2.58,0.67,1.91
20141029,2.59,0.68,1.91
20141030,2.58,0.68,1.9
20141031,2.59,0.68,1.91
20141103,2.59,0.67,1.92
20141104,2.57,0.67,1.9
20141105,2.59,0.69,1.9
20141106,2.63,0.72,1.91
20141107,2.6,0.68,1.92
20141110,2.61,0.7,1.91
20141112,2.62,0.71,1.91
20141113,2.61,0.73,1.88
20141114,2.59,0.7,1.89
20141117,2.58,0.7,1.88
20141118,2.56,0.69,1.87
20141119,2.6,0.75,1.85
20141120,2.57,0.72,1.85
20141121,2.55,0.66,1.89
20141124,2.52,0.63,1.89
20141125,2.49,0.61,1.88
20141126,2.48,0.61,1.87
20141127,2.45,0.63,1.82
20141128,2.41,0.59,1.82
20141201,2.44,0.6,1.84
20141202,2.5,0.67,1.83
20141203,2.49,0.65,1.84
20141204,2.46,0.63,1.83
20141205,2.48,0.66,1.82
20141208,2.42,0.64,1.78
20141209,2.41,0.63,1.78
20141210,2.38,0.62,1.76
20141211,2.37,0.63,1.74
20141212,2.31,0.59,1.72
20141215,2.32,0.61,1.71
20141216,2.29,0.58,1.71
20141217,2.34,0.62,1.72
20141218,2.39,0.66,1.73
20141219,2.34,0.63,1.71
20141222,2.34,0.63,1.71
20141223,2.42,0.7,1.72
20141224,2.43,0.71,1.72
20141229,2.38,0.67,1.71
20141230,2.36,0.64,1.72
20141231,2.33,0.62,1.71
20150102,2.3,0.58,1.72
20150105,2.25,0.54,1.71
20150106,2.21,0.54,1.67
20150107,2.21,0.55,1.66
20150108,2.27,0.58,1.69
20150109,2.23,0.53,1.7
20150112,2.18,0.49,1.69
20150113,2.17,0.48,1.69
20150114,2.13,0.45,1.68
20150115,2.06,0.37,1.69
20150116,2.1,0.41,1.69
20150119,2.08,0.39,1.69
20150120,2.06,0.38,1.68
20150121,2.04,0.35,1.69
20150122,2.06,0.37,1.69
20150123,2.02,0.32,1.7
20150126,2.03,0.33,1.7
20150127,1.98,0.28,1.7
20150128,1.93,0.23,1.7
20150129,1.94,0.24,1.7
20150130,1.84,0.11,1.73
20150202,1.83,0.09,1.74
20150203,1.89,0.11,1.78
20150204,1.87,0.08,1.79
20150205,1.94,0.14,1.8
20150206,2.02,0.19,1.83
20150209,2.01,0.19,1.82
20150210,2.04,0.24,1.8
20150211,2.05,0.24,1.81
20150212,2.04,0.23,1.81
20150213,2.07,0.29,1.78
20150217,2.13,0.35,1.78
20150218,2.11,0.32,1.79
20150219,2.09,0.3,1.79
20150220,2.07,0.28,1.79
20150223,2.02,0.22,1.8
20150224,1.96,0.15,1.81
20150225,1.95,0.13,1.82
20150226,1.96,0.14,1.82
20150227,1.92,0.05,1.87
20150302,1.99,0.12,1.87
20150303,2.03,0.13,1.9
20150304,2.1,0.17,1.93
20150305,2.12,0.23,1.89
20150306,2.23,0.3,1.93
20150309,2.21,0.32,1.89
20150310,2.17,0.32,1.85
20150311,2.13,0.31,1.82
20150312,2.12,0.3,1.82
20150313,2.11,0.3,1.81
20150316,2.08,0.27,1.81
20150317,2.05,0.25,1.8
20150318,1.98,0.16,1.82
20150319,1.95,0.14,1.81
20150320,1.94,0.12,1.82
20150323,1.95,0.13,1.82
20150324,1.94,0.11,1.83
20150325,1.97,0.15,1.82
20150326,2.04,0.21,1.83
20150327,1.99,0.16,1.83
20150330,1.99,0.16,1.83
20150331,1.99,0.19,1.8
20150401,1.95,0.15,1.8
20150402,1.96,0.14,1.82
20150406,2.0,0.21,1.79
20150407,1.99,0.19,1.8
20150408,1.98,0.19,1.79
20150409,2.03,0.24,1.79
20150410,2.04,0.24,1.8
20150413,2.03,0.23,1.8
20150414,1.98,0.2,1.78
20150415,1.99,0.2,1.79
20150416,2.02,0.23,1.79
20150417,2.02,0.2,1.82
20150420,2.04,0.21,1.83
20150421,2.05,0.24,1.81
20150422,2.09,0.28,1.81
20150423,2.08,0.27,1.81
20150424,2.05,0.24,1.81
20150427,2.06,0.25,1.81
20150428,2.15,0.35,1.8
20150429,2.19,0.38,1.81
20150430,2.18,0.37,1.81
20150501,2.24,0.43,1.81
20150504,2.29,0.49,1.8
20150505,2.32,0.51,1.81
20150506,2.39,0.59,1.8
20150507,2.33,0.52,1.81
20150508,2.3,0.49,1.81
20150511,2.4,0.6,1.8
20150512,2.39,0.59,1.8
20150513,2.43,0.62,1.81
20150514,2.41,0.61,1.8
20150515,2.33,0.53,1.8
20150519,2.43,0.63,1.8
20150520,2.41,0.62,1.79
20150521,2.35,0.57,1.78
20150522,2.35,0.61,1.74
20150525,2.36,0.62,1.74
20150526,2.28,0.56,1.72
20150527,2.25,0.53,1.72
20150528,2.24,0.54,1.7
20150529,2.2,0.5,1.7
20150601,2.23,0.52,1.71
20150602,2.3,0.59,1.71
20150603,2.37,0.65,1.72
20150604,2.33,0.63,1.7
20150605,2.39,0.68,1.71
20150608,2.39,0.68,1.71
20150609,2.44,0.72,1.72
20150610,2.48,0.75,1.73
20150611,2.41,0.7,1.71
20150612,2.39,0.68,1.71
20150615,2.36,0.65,1.71
20150616,2.34,0.61,1.73
20150617,2.36,0.6,1.76
20150618,2.39,0.62,1.77
20150619,2.33,0.56,1.77
20150622,2.4,0.63,1.77
20150623,2.42,0.64,1.78
20150624,2.38,0.61,1.77
20150625,2.41,0.64,1.77
20150626,2.46,0.68,1.78
20150629,2.35,0.59,1.76
20150630,2.31,0.55,1.76
20150702,2.37,0.61,1.76
20150703,2.34,0.58,1.76
20150706,2.28,0.54,1.74
20150707,2.22,0.5,1.72
20150708,2.17,0.47,1.7
20150709,2.24,0.54,1.7
20150710,2.33,0.63,1.7
20150713,2.34,0.63,1.71
20150714,2.32,0.62,1.7
20150715,2.27,0.54,1.73
20150716,2.26,0.53,1.73
20150717,2.24,0.51,1.73
20150720,2.26,0.53,1.73
20150721,2.25,0.52,1.73
20150722,2.22,0.49,1.73
20150723,2.17,0.45,1.72
20150724,2.15,0.43,1.72
20150727,2.12,0.42,1.7
20150728,2.17,0.46,1.71
20150729,2.2,0.48,1.72
20150730,2.16,0.45,1.71
20150731,2.12,0.44,1.68
20150804,2.11,0.44,1.67
20150805,2.14,0.48,1.66
20150806,2.12,0.5,1.62
20150807,2.09,0.48,1.61
20150810,2.14,0.52,1.62
20150811,2.09,0.5,1.59
20150812,2.09,0.5,1.59
20150813,2.09,0.52,1.57
20150814,2.08,0.5,1.58
20150817,2.08,0.5,1.58
20150818,2.1,0.52,1.58
20150819,2.05,0.5,1.55
20150820,2.02,0.48,1.54
20150821,2.01,0.52,1.49
20150824,2.01,0.55,1.46
20150825,2.09,0.59,1.5
20150826,2.2,0.78,1.42
20150827,2.2,0.75,1.45
20150828,2.19,0.71,1.48
20150831,2.23,0.73,1.5
20150901,2.18,0.69,1.49
20150902,2.21,0.67,1.54
20150903,2.22,0.68,1.54
20150904,2.2,0.66,1.54
20150908,2.24,0.69,1.55
20150909,2.26,0.69,1.57
20150910,2.26,0.7,1.56
20150911,2.23,0.67,1.56
20150914,2.21,0.64,1.57
20150915,2.31,0.73,1.58
20150916,2.33,0.71,1.62
20150917,2.29,0.67,1.62
20150918,2.22,0.6,1.62
20150921,2.29,0.67,1.62
20150922,2.23,0.62,1.61
20150923,2.24,0.62,1.62
20150924,2.22,0.61,1.61
20150925,2.27,0.7,1.57
20150928,2.19,0.64,1.55
20150929,2.18,0.64,1.54
20150930,2.21,0.69,1.52
20151001,2.2,0.71,1.49
20151002,2.18,0.7,1.48
20151005,2.22,0.73,1.49
20151006,2.22,0.73,1.49
20151007,2.25,0.76,1.49
20151008,2.3,0.81,1.49
20151009,2.31,0.82,1.49
20151013,2.25,0.78,1.47
20151014,2.21,0.77,1.44
20151015,2.24,0.79,1.45
20151016,2.26,0.79,1.47
20151019,2.26,0.8,1.46
20151020,2.33,0.87,1.46
20151021,2.27,0.81,1.46
20151022,2.26,0.8,1.46
20151023,2.3,0.83,1.47
20151026,2.24,0.77,1.47
20151027,2.23,0.77,1.46
20151028,2.26,0.8,1.46
20151029,2.32,0.83,1.49
20151030,2.3,0.82,1.48
20151102,2.33,0.85,1.48
20151103,2.35,0.87,1.48
20151104,2.36,0.88,1.48
20151105,2.38,0.89,1.49
20151106,2.41,0.9,1.51
20151109,2.42,0.9,1.52
20151110,2.4,0.88,1.52
20151112,2.39,0.87,1.52
20151113,2.34,0.82,1.52
20151116,2.34,0.82,1.52
20151117,2.35,0.82,1.53
20151118,2.35,0.82,1.53
20151119,2.32,0.78,1.54
20151120,2.32,0.78,1.54
20151123,2.33,0.78,1.55
20151124,2.32,0.77,1.55
20151125,2.29,0.75,1.54
20151126,2.28,0.74,1.54
20151127,2.29,0.75,1.54
20151130,2.29,0.74,1.55
20151201,2.23,0.68,1.55
20151202,2.23,0.69,1.54
20151203,2.33,0.73,1.6
20151204,2.29,0.71,1.58
20151207,2.23,0.66,1.57
20151208,2.24,0.7,1.54
20151209,2.23,0.72,1.51
20151210,2.23,0.73,1.5
20151211,2.16,0.69,1.47
20151214,2.21,0.74,1.47
20151215,2.22,0.74,1.48
20151216,2.22,0.74,1.48
20151217,2.16,0.68,1.48
20151218,2.11,0.64,1.47
20151221,2.11,0.64,1.47
20151222,2.13,0.66,1.47
20151223,2.16,0.68,1.48
20151224,2.14,0.65,1.49
20151229,2.17,0.68,1.49
20151230,2.16,0.67,1.49
20151231,2.15,0.65,1.5
20160104,2.13,0.64,1.49
20160105,2.13,0.64,1.49
20160106,2.08,0.61,1.47
20160107,2.07,0.63,1.44
20160108,2.06,0.65,1.41
20160111,2.09,0.69,1.4
20160112,2.05,0.67,1.38
20160113,2.02,0.64,1.38
20160114,2.05,0.68,1.37
20160115,1.98,0.64,1.34
20160118,1.99,0.67,1.32
20160119,1.99,0.68,1.31
20160120,1.94,0.67,1.27
20160121,2.01,0.71,1.3
20160122,2.09,0.76,1.33
20160125,2.06,0.74,1.32
20160126,2.08,0.73,1.35
20160127,2.05,0.68,1.37
20160128,2.05,0.66,1.39
20160129,2.03,0.65,1.38
20160201,2.05,0.67,1.38
20160202,1.95,0.58,1.37
20160203,1.97,0.6,1.37
20160204,1.97,0.59,1.38
20160205,1.95,0.57,1.38
20160208,1.87,0.52,1.35
20160209,1.87,0.55,1.32
20160210,1.82,0.51,1.31
20160211,1.83,0.54,1.29
20160212,1.93,0.61,1.32
20160216,1.96,0.64,1.32
20160217,1.96,0.65,1.31
20160218,1.92,0.62,1.3
20160219,1.92,0.6,1.32
20160222,1.93,0.58,1.35
20160223,1.93,0.59,1.34
20160224,1.93,0.6,1.33
20160225,1.92,0.57,1.35
20160226,1.96,0.58,1.38
20160229,1.97,0.61,1.36
20160301,2.03,0.65,1.38
20160302,2.05,0.59,1.46
20160303,2.03,0.59,1.44
20160304,2.07,0.62,1.45
20160307,2.08,0.63,1.45
20160308,1.99,0.55,1.44
20160309,2.05,0.6,1.45
20160310,2.07,0.62,1.45
20160311,2.11,0.65,1.46
20160314,2.1,0.65,1.45
20160315,2.08,0.63,1.45
20160316,2.08,0.59,1.49
20160317,2.08,0.56,1.52
20160318,2.08,0.55,1.53
20160321,2.1,0.56,1.54
20160322,2.09,0.57,1.52
20160323,2.03,0.52,1.51
20160324,2.05,0.55,1.5
20160328,2.04,0.54,1.5
20160329,1.97,0.47,1.5
20160330,2.0,0.49,1.51
20160331,2.0,0.49,1.51
20160401,2.01,0.5,1.51
20160404,1.99,0.48,1.51
20160405,1.93,0.43,1.5
20160406,1.96,0.43,1.53
20160407,1.92,0.38,1.54
20160408,1.95,0.38,1.57
20160411,1.96,0.39,1.57
20160412,1.99,0.42,1.57
20160413,1.97,0.4,1.57
20160414,2.0,0.42,1.58
20160415,1.97,0.4,1.57
20160418,1.99,0.43,1.56
20160419,2.01,0.43,1.58
20160420,2.03,0.44,1.59
20160421,2.05,0.44,1.61
20160422,2.07,0.45,1.62
20160425,2.1,0.48,1.62
20160426,2.1,0.48,1.62
20160427,2.06,0.46,1.6
20160428,2.05,0.44,1.61
20160429,2.07,0.46,1.61
20160502,2.12,0.51,1.61
20160503,2.07,0.48,1.59
20160504,2.03,0.45,1.58
20160505,1.99,0.41,1.58
20160506,1.98,0.41,1.57
20160509,1.96,0.4,1.56
20160510,1.96,0.4,1.56
20160511,1.96,0.4,1.56
20160512,1.98,0.42,1.56
20160513,1.95,0.39,1.56
20160516,1.98,0.42,1.56
20160517,1.97,0.41,1.56
20160518,2.01,0.45,1.56
20160519,1.97,0.44,1.53
20160520,1.99,0.46,1.53
20160524,2.0,0.48,1.52
20160525,2.01,0.47,1.54
20160526,1.98,0.44,1.54
20160527,1.99,0.44,1.55
20160530,1.98,0.44,1.54
20160531,1.96,0.41,1.55
20160601,1.95,0.41,1.54
20160602,1.9,0.38,1.52
20160603,1.84,0.34,1.5
20160606,1.88,0.38,1.5
20160607,1.88,0.37,1.51
20160608,1.86,0.36,1.5
20160609,1.84,0.35,1.49
20160610,1.79,0.32,1.47
20160613,1.79,0.33,1.46
20160614,1.78,0.34,1.44
20160615,1.76,0.34,1.42
20160616,1.76,0.36,1.4
20160617,1.77,0.38,1.39
20160620,1.84,0.45,1.39
20160621,1.88,0.49,1.39
20160622,1.87,0.47,1.4
20160623,1.92,0.49,1.43
20160624,1.81,0.41,1.4
20160627,1.72,0.35,1.37
20160628,1.72,0.35,1.37
20160629,1.76,0.36,1.4
20160630,1.72,0.3,1.42
20160704,1.67,0.26,1.41
20160705,1.6,0.21,1.39
20160706,1.56,0.2,1.36
20160707,1.55,0.19,1.36
20160708,1.55,0.18,1.37
20160711,1.56,0.19,1.37
20160712,1.65,0.27,1.38
20160713,1.62,0.23,1.39
20160714,1.67,0.29,1.38
20160715,1.75,0.36,1.39
20160718,1.73,0.34,1.39
20160719,1.71,0.33,1.38
20160720,1.75,0.36,1.39
20160721,1.75,0.37,1.38
20160722,1.73,0.35,1.38
20160725,1.73,0.36,1.37
20160726,1.73,0.37,1.36
20160727,1.69,0.33,1.36
20160728,1.68,0.33,1.35
20160729,1.64,0.27,1.37
20160802,1.67,0.29,1.38
20160803,1.67,0.3,1.37
20160804,1.64,0.26,1.38
20160805,1.68,0.3,1.38
20160808,1.68,0.29,1.39
20160809,1.62,0.25,1.37
20160810,1.6,0.23,1.37
20160811,1.64,0.26,1.38
20160812,1.62,0.24,1.38
20160815,1.64,0.26,1.38
20160816,1.66,0.28,1.38
20160817,1.67,0.29,1.38
20160818,1.66,0.27,1.39
20160819,1.69,0.3,1.39
20160822,1.64,0.24,1.4
20160823,1.64,0.23,1.41
20160824,1.64,0.23,1.41
20160825,1.67,0.26,1.41
20160826,1.68,0.28,1.4
20160829,1.63,0.23,1.4
20160830,1.63,0.22,1.41
20160831,1.63,0.22,1.41
20160901,1.62,0.21,1.41
20160902,1.66,0.23,1.43
20160906,1.63,0.21,1.42
20160907,1.61,0.19,1.42
20160908,1.7,0.27,1.43
20160909,1.77,0.35,1.42
20160912,1.79,0.36,1.43
20160913,1.86,0.4,1.46
20160914,1.83,0.36,1.47
20160915,1.84,0.35,1.49
20160916,1.83,0.34,1.49
20160919,1.82,0.33,1.49
20160920,1.79,0.3,1.49
20160921,1.78,0.29,1.49
20160922,1.73,0.24,1.49
20160923,1.7,0.21,1.49
20160926,1.66,0.18,1.48
20160927,1.64,0.17,1.47
20160928,1.64,0.18,1.46
20160929,1.62,0.15,1.47
20160930,1.66,0.19,1.47
20161003,1.67,0.18,1.49
20161004,1.73,0.24,1.49
20161005,1.77,0.28,1.49
20161006,1.8,0.29,1.51
20161007,1.82,0.3,1.52
20161011,1.84,0.3,1.54
20161012,1.84,0.29,1.55
20161013,1.8,0.25,1.55
20161014,1.87,0.31,1.56
20161017,1.84,0.28,1.56
20161018,1.84,0.25,1.59
20161019,1.85,0.25,1.6
20161020,1.83,0.26,1.57
20161021,1.79,0.23,1.56
20161024,1.81,0.25,1.56
20161025,1.81,0.24,1.57
20161026,1.82,0.25,1.57
20161027,1.88,0.28,1.6
20161028,1.89,0.28,1.61
20161031,1.85,0.23,1.62
20161101,1.85,0.23,1.62
20161102,1.83,0.22,1.61
20161103,1.85,0.24,1.61
20161104,1.81,0.2,1.61
20161107,1.87,0.25,1.62
20161108,1.92,0.27,1.65
20161109,2.03,0.27,1.76
20161110,2.07,0.29,1.78
20161114,2.19,0.41,1.78
20161115,2.17,0.4,1.77
20161116,2.12,0.35,1.77
20161117,2.17,0.39,1.78
20161118,2.21,0.39,1.82
20161121,2.21,0.39,1.82
20161122,2.18,0.37,1.81
20161123,2.18,0.35,1.83
20161124,2.18,0.37,1.81
20161125,2.15,0.34,1.81
20161128,2.11,0.32,1.79
20161129,2.1,0.3,1.8
20161130,2.16,0.35,1.81
20161201,2.25,0.43,1.82
20161202,2.23,0.43,1.8
20161205,2.22,0.42,1.8
20161206,2.23,0.46,1.77
20161207,2.21,0.43,1.78
20161208,2.27,0.51,1.76
20161209,2.34,0.59,1.75
20161212,2.39,0.63,1.76
20161213,2.37,0.63,1.74
20161214,2.38,0.64,1.74
20161215,2.41,0.68,1.73
20161216,2.42,0.69,1.73
20161219,2.39,0.65,1.74
20161220,2.4,0.66,1.74
20161221,2.4,0.65,1.75
20161222,2.41,0.65,1.76
20161223,2.39,0.63,1.76
20161228,2.34,0.58,1.76
20161229,2.32,0.56,1.76
20161230,2.31,0.51,1.8
20170103,2.33,0.53,1.8
20170104,2.3,0.49,1.81
20170105,2.26,0.47,1.79
20170106,2.31,0.51,1.8
20170109,2.29,0.5,1.79
20170110,2.28,0.5,1.78
20170111,2.28,0.5,1.78
20170112,2.26,0.49,1.77
20170113,2.31,0.53,1.78
20170116,2.29,0.51,1.78
20170117,2.28,0.51,1.77
20170118,2.32,0.55,1.77
20170119,2.37,0.59,1.78
20170120,2.38,0.62,1.76
20170123,2.32,0.59,1.73
20170124,2.39,0.64,1.75
20170125,2.45,0.7,1.75
20170126,2.45,0.69,1.76
20170127,2.43,0.66,1.77
20170130,2.43,0.67,1.76
20170131,2.41,0.64,1.77
20170201,2.41,0.65,1.76
20170202,2.41,0.65,1.76
20170203,2.43,0.68,1.75
20170206,2.38,0.65,1.73
20170207,2.36,0.64,1.72
20170208,2.29,0.57,1.72
20170209,2.35,0.64,1.71
20170210,2.37,0.64,1.73
20170213,2.41,0.68,1.73
20170214,2.44,0.71,1.73
20170215,2.46,0.72,1.74
20170216,2.43,0.69,1.74
20170217,2.41,0.68,1.73
20170221,2.42,0.69,1.73
20170222,2.42,0.7,1.72
20170223,2.4,0.67,1.73
20170224,2.33,0.59,1.74
20170227,2.36,0.63,1.73
20170228,2.34,0.62,1.72
20170301,2.39,0.66,1.73
20170302,2.4,0.67,1.73
20170303,2.41,0.68,1.73
20170306,2.41,0.68,1.73
20170307,2.42,0.7,1.72
20170308,2.46,0.75,1.71
20170309,2.49,0.8,1.69
20170310,2.48,0.78,1.7
20170313,2.52,0.81,1.71
20170314,2.49,0.8,1.69
20170315,2.42,0.73,1.69
20170316,2.45,0.75,1.7
20170317,2.41,0.72,1.69
20170320,2.39,0.71,1.68
20170321,2.37,0.71,1.66
20170322,2.34,0.69,1.65
20170323,2.34,0.68,1.66
20170324,2.3,0.65,1.65
20170327,2.28,0.64,1.64
20170328,2.31,0.68,1.63
20170329,2.28,0.66,1.62
20170330,2.32,0.69,1.63
20170331,2.31,0.68,1.63
20170403,2.26,0.64,1.62
20170404,2.26,0.65,1.61
20170405,2.24,0.63,1.61
20170406,2.23,0.61,1.62
20170407,2.26,0.64,1.62
20170410,2.26,0.64,1.62
20170411,2.22,0.61,1.61
20170412,2.2,0.58,1.62
20170413,2.16,0.55,1.61
20170417,2.18,0.56,1.62
20170418,2.11,0.51,1.6
20170419,2.13,0.54,1.59
20170420,2.15,0.55,1.6
20170421,2.13,0.54,1.59
20170424,2.15,0.55,1.6
20170425,2.19,0.59,1.6
20170426,2.16,0.57,1.59
20170427,2.18,0.58,1.6
20170428,2.16,0.55,1.61
20170501,2.18,0.58,1.6
20170502,2.13,0.53,1.6
20170503,2.14,0.54,1.6
20170504,2.14,0.56,1.58
20170505,2.15,0.57,1.58
20170508,2.19,0.61,1.58
20170509,2.23,0.65,1.58
20170510,2.26,0.68,1.58
20170511,2.24,0.64,1.6
20170512,2.23,0.64,1.59
20170515,2.24,0.66,1.58
20170516,2.23,0.64,1.59
20170517,2.1,0.54,1.56
20170518,2.08,0.51,1.57
20170519,2.1,0.53,1.57
20170523,2.13,0.55,1.58
20170524,2.11,0.53,1.58
20170525,2.09,0.5,1.59
20170526,2.07,0.48,1.59
20170529,2.04,0.45,1.59
20170530,2.06,0.47,1.59
20170531,2.05,0.49,1.56
20170601,2.05,0.48,1.57
20170602,2.01,0.44,1.57
20170605,2.02,0.46,1.56
20170606,2.0,0.44,1.56
20170607,2.02,0.46,1.56
20170608,2.03,0.48,1.55
20170609,2.04,0.48,1.56
20170612,2.07,0.53,1.54
20170613,2.11,0.6,1.51
20170614,2.04,0.55,1.49
20170615,2.05,0.59,1.46
20170616,2.04,0.58,1.46
20170619,2.04,0.58,1.46
20170620,2.01,0.56,1.45
20170621,2.0,0.55,1.45
20170622,1.99,0.55,1.44
20170623,1.97,0.54,1.43
20170626,1.96,0.54,1.42
20170627,2.03,0.59,1.44
20170628,2.06,0.58,1.48
20170629,2.11,0.61,1.5
20170630,2.13,0.58,1.55
20170704,2.19,0.64,1.55
20170705,2.16,0.6,1.56
20170706,2.21,0.64,1.57
20170707,2.26,0.7,1.56
20170710,2.26,0.7,1.56
20170711,2.25,0.69,1.56
20170712,2.23,0.67,1.56
20170713,2.25,0.69,1.56
20170714,2.24,0.67,1.57
20170717,2.25,0.68,1.57
20170718,2.23,0.66,1.57
20170719,2.25,0.68,1.57
20170720,2.25,0.67,1.58
20170721,2.25,0.67,1.58
20170724,2.27,0.68,1.59
20170725,2.36,0.76,1.6
20170726,2.35,0.74,1.61
20170727,2.42,0.79,1.63
20170728,2.45,0.79,1.66
20170731,2.47,0.81,1.66
20170801,2.38,0.73,1.65
20170802,2.36,0.71,1.65
20170803,2.32,0.67,1.65
20170804,2.35,0.71,1.64
20170808,2.37,0.71,1.66
20170809,2.34,0.69,1.65
20170810,2.29,0.64,1.65
20170811,2.29,0.65,1.64
20170814,2.32,0.67,1.65
20170815,2.34,0.69,1.65
20170816,2.31,0.68,1.63
20170817,2.29,0.68,1.61
20170818,2.29,0.7,1.59
20170821,2.29,0.71,1.58
20170822,2.32,0.73,1.59
20170823,2.3,0.71,1.59
20170824,2.31,0.73,1.58
20170825,2.3,0.72,1.58
20170828,2.3,0.73,1.57
20170829,2.27,0.7,1.57
20170830,2.27,0.7,1.57
20170831,2.26,0.67,1.59
20170901,2.3,0.71,1.59
20170905,2.27,0.68,1.59
20170906,2.34,0.73,1.61
20170907,2.33,0.73,1.6
20170908,2.35,0.74,1.61
20170911,2.38,0.76,1.62
20170912,2.4,0.77,1.63
20170913,2.42,0.77,1.65
20170914,2.42,0.77,1.65
20170915,2.43,0.79,1.64
20170918,2.44,0.79,1.65
20170919,2.44,0.79,1.65
20170920,2.45,0.8,1.65
20170921,2.46,0.82,1.64
20170922,2.45,0.82,1.63
20170925,2.43,0.8,1.63
20170926,2.45,0.8,1.65
20170927,2.49,0.83,1.66
20170928,2.5,0.84,1.66
20170929,2.47,0.82,1.65
20171002,2.5,0.86,1.64
20171003,2.5,0.86,1.64
20171004,2.49,0.85,1.64
20171005,2.48,0.84,1.64
20171006,2.49,0.85,1.64
20171010,2.48,0.83,1.65
20171011,2.46,0.8,1.66
20171012,2.44,0.77,1.67
20171013,2.39,0.74,1.65
20171016,2.38,0.74,1.64
20171017,2.36,0.72,1.64
20171018,2.37,0.73,1.64
20171019,2.35,0.73,1.62
20171020,2.37,0.76,1.61
20171023,2.37,0.75,1.62
20171024,2.39,0.78,1.61
20171025,2.38,0.76,1.62
20171026,2.38,0.75,1.63
20171027,2.34,0.72,1.62
20171030,2.31,0.7,1.61
20171031,2.3,0.67,1.63
20171101,2.3,0.65,1.65
20171102,2.28,0.64,1.64
20171103,2.27,0.64,1.63
20171106,2.25,0.61,1.64
20171107,2.22,0.59,1.63
20171108,2.24,0.61,1.63
20171109,2.27,0.63,1.64
20171110,2.3,0.67,1.63
20171114,2.28,0.64,1.64
20171115,2.24,0.61,1.63
20171116,2.29,0.66,1.63
20171117,2.28,0.64,1.64
20171120,2.3,0.67,1.63
20171121,2.26,0.64,1.62
20171122,2.25,0.63,1.62
20171123,2.23,0.62,1.61
20171124,2.23,0.62,1.61
20171127,2.22,0.61,1.61
20171128,2.2,0.59,1.61
20171129,2.23,0.6,1.63
20171130,2.23,0.6,1.63
20171201,2.2,0.54,1.66
20171204,2.22,0.54,1.68
20171205,2.19,0.52,1.67
20171206,2.15,0.51,1.64
20171207,2.16,0.52,1.64
20171208,2.16,0.52,1.64
20171211,2.16,0.51,1.65
20171212,2.16,0.5,1.66
20171213,2.15,0.5,1.65
20171214,2.15,0.5,1.65
20171215,2.1,0.45,1.65
20171218,2.14,0.48,1.66
20171219,2.19,0.53,1.66
20171220,2.24,0.57,1.67
20171221,2.25,0.56,1.69
20171222,2.25,0.56,1.69
20171227,2.2,0.52,1.68
20171228,2.24,0.55,1.69
20171229,2.26,0.57,1.69
20180102,2.32,0.62,1.7
20180103,2.29,0.58,1.71
20180104,2.32,0.58,1.74
20180105,2.36,0.59,1.77
20180108,2.36,0.6,1.76
20180109,2.4,0.64,1.76
20180110,2.38,0.63,1.75
20180111,2.38,0.63,1.75
20180112,2.37,0.62,1.75
20180115,2.37,0.62,1.75
20180116,2.35,0.6,1.75
20180117,2.34,0.59,1.75
20180118,2.35,0.59,1.76
20180119,2.37,0.6,1.77
20180122,2.37,0.6,1.77
20180123,2.35,0.59,1.76
20180124,2.37,0.6,1.77
20180125,2.34,0.58,1.76
20180126,2.33,0.57,1.76
20180129,2.34,0.57,1.77
20180130,2.37,0.6,1.77
20180131,2.36,0.6,1.76
20180201,2.41,0.64,1.77
20180202,2.43,0.66,1.77
20180205,2.43,0.67,1.76
20180206,2.46,0.7,1.76
20180207,2.47,0.72,1.75
20180208,2.49,0.74,1.75
20180209,2.5,0.75,1.75
20180212,2.48,0.73,1.75
20180213,2.47,0.73,1.74
20180214,2.5,0.74,1.76
20180215,2.5,0.73,1.77
20180216,2.46,0.69,1.77
20180220,2.47,0.7,1.77
20180221,2.48,0.71,1.77
20180222,2.45,0.69,1.76
20180223,2.4,0.61,1.79
20180226,2.4,0.62,1.78
20180227,2.43,0.65,1.78
20180228,2.37,0.59,1.78
20180301,2.33,0.58,1.75
20180302,2.36,0.6,1.76
20180305,2.37,0.61,1.76
20180306,2.39,0.63,1.76
20180307,2.41,0.66,1.75
20180308,2.4,0.66,1.74
20180309,2.44,0.69,1.75
20180312,2.42,0.68,1.74
20180313,2.38,0.64,1.74
20180314,2.32,0.59,1.73
20180315,2.29,0.57,1.72
20180316,2.29,0.57,1.72
20180319,2.3,0.58,1.72
20180320,2.33,0.61,1.72
20180321,2.37,0.64,1.73
20180322,2.29,0.57,1.72
20180323,2.31,0.58,1.73
20180326,2.35,0.62,1.73
20180327,2.28,0.57,1.71
20180328,2.25,0.55,1.7
20180329,2.23,0.53,1.7
20180402,2.25,0.56,1.69
20180403,2.29,0.6,1.69
20180404,2.33,0.64,1.69
20180405,2.34,0.65,1.69
20180406,2.31,0.62,1.69
20180409,2.29,0.6,1.69
20180410,2.31,0.61,1.7
20180411,2.32,0.61,1.71
20180412,2.38,0.65,1.73
20180413,2.34,0.61,1.73
20180416,2.37,0.64,1.73
20180417,2.34,0.6,1.74
20180418,2.38,0.64,1.74
20180419,2.42,0.67,1.75
20180420,2.44,0.69,1.75
20180423,2.44,0.69,1.75
20180424,2.44,0.69,1.75
20180425,2.47,0.72,1.75
20180426,2.44,0.69,1.75
20180427,2.41,0.65,1.76
20180430,2.4,0.62,1.78
20180501,2.42,0.64,1.78
20180502,2.44,0.64,1.8
20180503,2.4,0.61,1.79
20180504,2.4,0.6,1.8
20180507,2.41,0.6,1.81
20180508,2.42,0.61,1.81
20180509,2.44,0.62,1.82
20180510,2.43,0.62,1.81
20180511,2.41,0.61,1.8
20180514,2.45,0.65,1.8
20180515,2.51,0.7,1.81
20180516,2.51,0.69,1.82
20180517,2.53,0.71,1.82
20180518,2.49,0.68,1.81
20180522,2.49,0.68,1.81
20180523,2.45,0.65,1.8
20180524,2.42,0.63,1.79
20180525,2.38,0.6,1.78
20180528,2.34,0.57,1.77
20180529,2.25,0.51,1.74
20180530,2.28,0.54,1.74
20180531,2.25,0.52,1.73
20180601,2.27,0.53,1.74
20180604,2.31,0.58,1.73
20180605,2.3,0.56,1.74
20180606,2.35,0.61,1.74
20180607,2.33,0.58,1.75
20180608,2.36,0.61,1.75
20180611,2.36,0.61,1.75
20180612,2.33,0.56,1.77
20180613,2.33,0.57,1.76
20180614,2.29,0.52,1.77
20180615,2.25,0.48,1.77
20180618,2.24,0.48,1.76
20180619,2.2,0.45,1.75
20180620,2.22,0.48,1.74
20180621,2.2,0.45,1.75
20180622,2.2,0.46,1.74
20180625,2.18,0.45,1.73
20180626,2.18,0.45,1.73
20180627,2.16,0.43,1.73
20180628,2.2,0.47,1.73
20180629,2.2,0.47,1.73
20180703,2.19,0.46,1.73
20180704,2.2,0.47,1.73
20180705,2.18,0.46,1.72
20180706,2.16,0.44,1.72
20180709,2.21,0.48,1.73
20180710,2.21,0.48,1.73
20180711,2.19,0.47,1.72
20180712,2.2,0.49,1.71
20180713,2.19,0.48,1.71
20180716,2.19,0.48,1.71
20180717,2.17,0.47,1.7
20180718,2.2,0.51,1.69
20180719,2.17,0.49,1.68
20180720,2.22,0.54,1.68
20180723,2.27,0.58,1.69
20180724,2.27,0.57,1.7
20180725,2.3,0.61,1.69
20180726,2.32,0.62,1.7
20180727,2.33,0.63,1.7
20180730,2.34,0.63,1.71
20180731,2.33,0.61,1.72
20180801,2.37,0.64,1.73
20180802,2.38,0.64,1.74
20180803,2.36,0.62,1.74
20180807,2.38,0.66,1.72
20180808,2.37,0.65,1.72
20180809,2.35,0.63,1.72
20180810,2.31,0.6,1.71
20180813,2.32,0.61,1.71
20180814,2.34,0.63,1.71
20180815,2.28,0.57,1.71
20180816,2.27,0.56,1.71
20180817,2.27,0.55,1.72
20180820,2.26,0.53,1.73
20180821,2.27,0.55,1.72
20180822,2.26,0.54,1.72
20180823,2.26,0.54,1.72
20180824,2.26,0.55,1.71
20180827,2.29,0.58,1.71
20180828,2.31,0.59,1.72
20180829,2.32,0.6,1.72
20180830,2.3,0.58,1.72
20180831,2.25,0.54,1.71
20180904,2.25,0.55,1.7
20180905,2.26,0.56,1.7
20180906,2.25,0.56,1.69
20180907,2.3,0.61,1.69
20180910,2.3,0.61,1.69
20180911,2.34,0.64,1.7
20180912,2.35,0.63,1.72
20180913,2.35,0.63,1.72
20180914,2.36,0.64,1.72
20180917,2.35,0.64,1.71
20180918,2.4,0.66,1.74
20180919,2.43,0.68,1.75
20180920,2.43,0.68,1.75
20180921,2.44,0.68,1.76
20180924,2.45,0.69,1.76
20180925,2.47,0.7,1.77
20180926,2.42,0.66,1.76
20180927,2.41,0.65,1.76
20180928,2.41,0.67,1.74
20181001,2.48,0.74,1.74
20181002,2.45,0.71,1.74
20181003,2.51,0.76,1.75
20181004,2.54,0.78,1.76
20181005,2.58,0.82,1.76
20181009,2.56,0.79,1.77
20181010,2.55,0.8,1.75
20181011,2.5,0.77,1.73
20181012,2.5,0.77,1.73
20181015,2.52,0.78,1.74
20181016,2.52,0.78,1.74
20181017,2.53,0.79,1.74
20181018,2.52,0.78,1.74
20181019,2.52,0.81,1.71
20181022,2.52,0.79,1.73
20181023,2.49,0.79,1.7
20181024,2.47,0.77,1.7
20181025,2.48,0.79,1.69
20181026,2.43,0.73,1.7
20181029,2.43,0.73,1.7
20181030,2.48,0.79,1.69
20181031,2.52,0.81,1.71
20181101,2.52,0.82,1.7
20181102,2.57,0.86,1.71
20181105,2.55,0.84,1.71
20181106,2.56,0.84,1.72
20181107,2.55,0.83,1.72
20181108,2.56,0.84,1.72
20181109,2.53,0.81,1.72
20181113,2.49,0.79,1.7
20181114,2.46,0.76,1.7
20181115,2.43,0.74,1.69
20181116,2.42,0.72,1.7
20181119,2.42,0.73,1.69
20181120,2.41,0.74,1.67
20181121,2.41,0.75,1.66
20181122,2.42,0.75,1.67
20181123,2.39,0.73,1.66
20181126,2.41,0.74,1.67
20181127,2.39,0.76,1.63
20181128,2.41,0.84,1.57
20181129,2.41,0.84,1.57
20181130,2.39,0.84,1.55
20181203,2.35,0.79,1.56
20181204,2.27,0.73,1.54
20181205,2.24,0.71,1.53
20181206,2.23,0.73,1.5
20181207,2.23,0.72,1.51
20181210,2.21,0.72,1.49
20181211,2.22,0.75,1.47
20181212,2.27,0.8,1.47
20181213,2.32,0.85,1.47
20181214,2.28,0.81,1.47
20181217,2.22,0.79,1.43
20181218,2.18,0.76,1.42
20181219,2.13,0.71,1.42
20181220,2.14,0.75,1.39
20181221,2.18,0.76,1.42
20181224,2.15,0.75,1.4
20181227,2.16,0.75,1.41
20181228,2.15,0.75,1.4
20181231,2.18,0.78,1.4
20190102,2.13,0.73,1.4
20190103,2.07,0.68,1.39
20190104,2.13,0.7,1.43
20190107,2.15,0.73,1.42
20190108,2.17,0.74,1.43
20190109,2.18,0.74,1.44
20190110,2.18,0.74,1.44
20190111,2.16,0.73,1.43
20190114,2.17,0.74,1.43
20190115,2.2,0.77,1.43
20190116,2.22,0.79,1.43
20190117,2.22,0.79,1.43
20190118,2.25,0.8,1.45
20190121,2.23,0.78,1.45
20190122,2.19,0.76,1.43
20190123,2.19,0.76,1.43
20190124,2.16,0.73,1.43
20190125,2.19,0.76,1.43
20190128,2.18,0.74,1.44
20190129,2.17,0.74,1.43
20190130,2.17,0.72,1.45
20190131,2.14,0.69,1.45
20190201,2.18,0.71,1.47
20190204,2.2,0.73,1.47
20190205,2.18,0.72,1.46
20190206,2.17,0.71,1.46
20190207,2.14,0.71,1.43
20190208,2.14,0.71,1.43
20190211,2.15,0.73,1.42
20190212,2.17,0.73,1.44
20190213,2.18,0.72,1.46
20190214,2.14,0.69,1.45
20190215,2.15,0.7,1.45
20190219,2.14,0.69,1.45
20190220,2.14,0.69,1.45
20190221,2.17,0.71,1.46
20190222,2.14,0.68,1.46
20190225,2.14,0.67,1.47
20190226,2.12,0.66,1.46
20190227,2.16,0.69,1.47
20190228,2.19,0.71,1.48
20190301,2.2,0.72,1.48
20190304,2.17,0.69,1.48
20190305,2.16,0.68,1.48
20190306,2.11,0.64,1.47
20190307,2.07,0.6,1.47
20190308,2.06,0.6,1.46
20190311,2.05,0.59,1.46
20190312,2.02,0.56,1.46
20190313,2.04,0.57,1.47
20190314,2.05,0.57,1.48
20190315,2.02,0.54,1.48
20190318,2.01,0.53,1.48
20190319,2.01,0.52,1.49
20190320,1.99,0.49,1.5
20190321,1.97,0.47,1.5
20190322,1.89,0.41,1.48
20190325,1.85,0.39,1.46
20190326,1.86,0.39,1.47
20190327,1.84,0.4,1.44
20190328,1.85,0.41,1.44
20190329,1.9,0.46,1.44
20190401,1.97,0.52,1.45
20190402,1.95,0.51,1.44
20190403,1.99,0.53,1.46
20190404,1.97,0.52,1.45
20190405,1.97,0.52,1.45
20190408,2.0,0.55,1.45
20190409,2.01,0.55,1.46
20190410,1.98,0.53,1.45
20190411,2.01,0.56,1.45
20190412,2.06,0.6,1.46
20190415,2.05,0.58,1.47
20190416,2.08,0.61,1.47
20190417,2.09,0.61,1.48
20190418,2.05,0.58,1.47
20190422,2.08,0.59,1.49
20190423,2.06,0.57,1.49
20190424,1.99,0.51,1.48
20190425,1.99,0.5,1.49
20190426,1.98,0.49,1.49
20190429,2.0,0.52,1.48
20190430,1.99,0.5,1.49
20190501,1.96,0.49,1.47
20190502,2.01,0.55,1.46
20190503,2.01,0.54,1.47
20190506,1.98,0.52,1.46
20190507,1.94,0.5,1.44
20190508,1.95,0.51,1.44
20190509,1.93,0.49,1.44
20190510,1.96,0.51,1.45
20190513,1.9,0.45,1.45
20190514,1.92,0.47,1.45
20190515,1.9,0.47,1.43
20190516,1.91,0.49,1.42
20190517,1.92,0.49,1.43
20190521,1.97,0.56,1.41
20190522,1.96,0.58,1.38
20190523,1.88,0.53,1.35
20190524,1.87,0.5,1.37
20190527,1.85,0.48,1.37
20190528,1.82,0.46,1.36
20190529,1.82,0.44,1.38
20190530,1.81,0.44,1.37
20190531,1.77,0.4,1.37
20190603,1.71,0.35,1.36
20190604,1.74,0.37,1.37
20190605,1.74,0.36,1.38
20190606,1.74,0.37,1.37
20190607,1.72,0.35,1.37
20190610,1.76,0.39,1.37
20190611,1.77,0.4,1.37
20190612,1.75,0.38,1.37
20190613,1.72,0.35,1.37
20190614,1.7,0.35,1.35
20190617,1.69,0.35,1.34
20190618,1.67,0.33,1.34
20190619,1.68,0.32,1.36
20190620,1.69,0.31,1.38
20190621,1.72,0.35,1.37
20190624,1.71,0.34,1.37
20190625,1.69,0.33,1.36
20190626,1.73,0.36,1.37
20190627,1.71,0.34,1.37
20190628,1.68,0.34,1.34
20190702,1.68,0.35,1.33
20190703,1.65,0.34,1.31
20190704,1.66,0.35,1.31
20190705,1.74,0.41,1.33
20190708,1.73,0.41,1.32
20190709,1.73,0.4,1.33
20190710,1.75,0.42,1.33
20190711,1.79,0.44,1.35
20190712,1.79,0.43,1.36
20190715,1.78,0.43,1.35
20190716,1.79,0.42,1.37
20190717,1.74,0.38,1.36
20190718,1.73,0.38,1.35
20190719,1.73,0.37,1.36
20190722,1.72,0.36,1.36
20190723,1.73,0.36,1.37
20190724,1.7,0.34,1.36
20190725,1.72,0.34,1.38
20190726,1.73,0.35,1.38
20190729,1.74,0.36,1.38
20190730,1.74,0.36,1.38
20190731,1.7,0.32,1.38
20190801,1.63,0.29,1.34
20190802,1.61,0.28,1.33
20190806,1.43,0.2,1.23
20190807,1.47,0.2,1.27
20190808,1.49,0.19,1.3
20190809,1.52,0.23,1.29
20190812,1.45,0.17,1.28
20190813,1.46,0.18,1.28
20190814,1.33,0.11,1.22
20190815,1.3,0.07,1.23
20190816,1.34,0.12,1.22
20190819,1.41,0.19,1.22
20190820,1.4,0.18,1.22
20190821,1.45,0.23,1.22
20190822,1.51,0.29,1.22
20190823,1.43,0.21,1.22
20190826,1.46,0.24,1.22
20190827,1.39,0.16,1.23
20190828,1.37,0.15,1.22
20190829,1.4,0.18,1.22
20190830,1.42,0.2,1.22
20190903,1.4,0.18,1.22
20190904,1.4,0.2,1.2
20190905,1.53,0.32,1.21
20190906,1.5,0.29,1.21
20190909,1.55,0.33,1.22
20190910,1.62,0.4,1.22
20190911,1.63,0.39,1.24
20190912,1.67,0.42,1.25
20190913,1.71,0.43,1.28
20190916,1.67,0.38,1.29
20190917,1.63,0.35,1.28
20190918,1.59,0.33,1.26
20190919,1.58,0.31,1.27
20190920,1.54,0.27,1.27
20190923,1.52,0.26,1.26
20190924,1.48,0.22,1.26
20190925,1.57,0.3,1.27
20190926,1.54,0.29,1.25
20190927,1.54,0.28,1.26
20190930,1.53,0.28,1.25
20191001,1.51,0.27,1.24
20191002,1.49,0.26,1.23
20191003,1.44,0.23,1.21
20191004,1.42,0.21,1.21
20191007,1.47,0.25,1.22
20191008,1.47,0.25,1.22
20191009,1.51,0.3,1.21
20191010,1.58,0.37,1.21
20191011,1.64,0.39,1.25
20191015,1.67,0.42,1.25
20191016,1.67,0.44,1.23
20191017,1.67,0.45,1.22
20191018,1.65,0.42,1.23
20191021,1.66,0.44,1.22
20191022,1.63,0.41,1.22
20191023,1.62,0.4,1.22
20191024,1.63,0.42,1.21
20191025,1.66,0.44,1.22
20191028,1.75,0.51,1.24
20191029,1.74,0.51,1.23
20191030,1.6,0.38,1.22
20191031,1.58,0.37,1.21
20191101,1.6,0.37,1.23
20191104,1.69,0.43,1.26
20191105,1.74,0.47,1.27
20191106,1.68,0.41,1.27
20191107,1.74,0.43,1.31
20191108,1.73,0.43,1.3
20191112,1.74,0.43,1.31
20191113,1.69,0.4,1.29
20191114,1.62,0.34,1.28
20191115,1.62,0.34,1.28
20191118,1.62,0.34,1.28
20191119,1.58,0.3,1.28
20191120,1.54,0.27,1.27
20191121,1.58,0.31,1.27
20191122,1.58,0.3,1.28
20191125,1.58,0.3,1.28
20191126,1.54,0.28,1.26
20191127,1.58,0.31,1.27
20191128,1.57,0.31,1.26
20191129,1.55,0.29,1.26
20191202,1.61,0.33,1.28
20191203,1.55,0.28,1.27
20191204,1.62,0.33,1.29
20191205,1.68,0.38,1.3
20191206,1.68,0.38,1.3
20191209,1.71,0.41,1.3
20191210,1.7,0.41,1.29
20191211,1.68,0.39,1.29
20191212,1.75,0.44,1.31
20191213,1.68,0.37,1.31
20191216,1.73,0.42,1.31
20191217,1.72,0.4,1.32
20191218,1.75,0.42,1.33
20191219,1.71,0.38,1.33
20191220,1.66,0.33,1.33
20191223,1.67,0.33,1.34
20191224,1.67,0.32,1.35
20191227,1.66,0.32,1.34
20191230,1.71,0.37,1.34
20191231,1.76,0.41,1.35
20200102,1.7,0.35,1.35
20200103,1.62,0.27,1.35
20200106,1.68,0.33,1.35
20200107,1.69,0.34,1.35
20200108,1.74,0.37,1.37
20200109,1.72,0.35,1.37
20200110,1.7,0.32,1.38
20200113,1.71,0.31,1.4
20200114,1.69,0.3,1.39
20200115,1.65,0.26,1.39
20200116,1.68,0.28,1.4
20200117,1.68,0.28,1.4
20200120,1.68,0.28,1.4
20200121,1.62,0.23,1.39
20200122,1.58,0.19,1.39
20200123,1.55,0.17,1.38
20200124,1.49,0.12,1.37
20200127,1.44,0.1,1.34
20200128,1.49,0.15,1.34
20200129,1.45,0.15,1.3
20200130,1.46,0.17,1.29
20200131,1.42,0.14,1.28
20200203,1.41,0.12,1.29
20200204,1.46,0.16,1.3
20200205,1.51,0.19,1.32
20200206,1.48,0.15,1.33
20200207,1.44,0.11,1.33
20200210,1.42,0.1,1.32
20200211,1.46,0.14,1.32
20200212,1.51,0.17,1.34
20200213,1.51,0.17,1.34
20200214,1.49,0.15,1.34
20200218,1.45,0.12,1.33
20200219,1.46,0.13,1.33
20200220,1.42,0.09,1.33
20200221,1.38,0.06,1.32
20200224,1.31,0.02,1.29
20200225,1.32,0.04,1.28
20200226,1.35,0.08,1.27
20200227,1.32,0.06,1.26
20200228,1.3,0.08,1.22
20200302,1.34,0.15,1.19
20200303,1.23,0.03,1.2
20200304,1.27,0.05,1.22
20200305,1.17,-0.03,1.2
20200306,0.96,-0.04,1.0
20200309,0.71,-0.33,1.04
20200310,0.95,-0.06,1.01
20200311,1.02,0.13,0.89
20200312,1.09,0.31,0.78
20200313,1.33,0.39,0.94
20200316,1.26,0.52,0.74
20200317,1.41,0.57,0.84
20200318,1.47,0.84,0.63
20200319,1.43,0.72,0.71
20200320,1.28,0.71,0.57
20200323,1.26,0.62,0.64
20200324,1.31,0.56,0.75
20200325,1.36,0.57,0.79
20200326,1.34,0.39,0.95
20200327,1.28,0.31,0.97
20200330,1.32,0.39,0.93
20200331,1.32,0.43,0.89
20200401,1.21,0.37,0.84
20200402,1.23,0.41,0.82
20200403,1.23,0.35,0.88
20200406,1.27,0.35,0.92
20200407,1.34,0.39,0.95
20200408,1.35,0.38,0.97
20200409,1.33,0.35,0.98
20200413,1.33,0.32,1.01
20200414,1.4,0.38,1.02
20200415,1.32,0.34,0.98
20200416,1.26,0.35,0.91
20200417,1.29,0.39,0.9
20200420,1.28,0.41,0.87
20200421,1.22,0.36,0.86
20200422,1.23,0.38,0.85
20200423,1.2,0.33,0.87
20200424,1.18,0.27,0.91
20200427,1.21,0.27,0.94
20200428,1.16,0.25,0.91
20200429,1.15,0.23,0.92
20200430,1.12,0.22,0.9
20200501,1.07,0.18,0.89
20200504,1.12,0.22,0.9
20200505,1.11,0.21,0.9
20200506,1.16,0.25,0.91
20200507,1.13,0.23,0.9
20200508,1.16,0.26,0.9
20200511,1.19,0.28,0.91
20200512,1.15,0.24,0.91
20200513,1.12,0.22,0.9
20200514,1.07,0.21,0.86
20200515,1.08,0.2,0.88
20200519,1.15,0.16,0.99
20200520,1.11,0.09,1.02
20200521,1.1,0.09,1.01
20200522,1.06,0.06,1.0
20200525,1.04,0.03,1.01
20200526,1.08,0.07,1.01
20200527,1.1,0.16,0.94
20200528,1.14,0.19,0.95
20200529,1.11,0.18,0.93
20200601,1.12,0.09,1.03
20200602,1.13,0.11,1.02
20200603,1.21,0.15,1.06
20200604,1.26,0.18,1.08
20200605,1.31,0.21,1.1
20200608,1.26,0.16,1.1
20200609,1.2,0.12,1.08
20200610,1.12,0.05,1.07
20200611,1.06,0.01,1.05
20200612,1.06,0.02,1.04
20200615,1.01,-0.01,1.02
20200616,1.06,0.02,1.04
20200617,1.03,0.0,1.03
20200618,1.0,-0.02,1.02
20200619,1.0,-0.03,1.03
20200622,0.99,-0.05,1.04
20200623,1.01,-0.09,1.1
20200624,1.02,-0.07,1.09
20200625,1.01,-0.09,1.1
20200626,0.99,-0.1,1.09
20200629,0.98,-0.09,1.07
20200630,0.99,-0.09,1.08
20200702,1.01,-0.08,1.09
20200703,1.01,-0.08,1.09
20200706,1.01,-0.08,1.09
20200707,0.99,-0.09,1.08
20200708,1.09,0.01,1.08
20200709,1.08,-0.01,1.09
20200710,1.07,-0.01,1.08
20200713,1.06,-0.02,1.08
20200714,1.05,-0.04,1.09
20200715,1.04,-0.05,1.09
20200716,0.99,-0.08,1.07
20200717,1.0,-0.1,1.1
20200720,0.98,-0.13,1.11
20200721,0.98,-0.14,1.12
20200722,1.0,-0.15,1.15
20200723,0.99,-0.15,1.14
20200724,0.97,-0.17,1.14
20200727,0.99,-0.17,1.16
20200728,0.94,-0.21,1.15
20200729,0.95,-0.21,1.16
20200730,0.92,-0.23,1.15
20200731,0.92,-0.23,1.15
20200804,0.89,-0.28,1.17
20200805,0.94,-0.23,1.17
20200806,0.92,-0.27,1.19
20200807,0.95,-0.25,1.2
20200810,0.98,-0.23,1.21
20200811,1.06,-0.17,1.23
20200812,1.09,-0.17,1.26
20200813,1.14,-0.14,1.28
20200814,1.13,-0.15,1.28
20200817,1.09,-0.18,1.27
20200818,1.07,-0.22,1.29
20200819,1.09,-0.19,1.28
20200820,1.08,-0.17,1.25
20200821,1.07,-0.17,1.24
20200824,1.07,-0.2,1.27
20200825,1.1,-0.19,1.29
20200826,1.12,-0.19,1.31
20200827,1.19,-0.13,1.32
20200828,1.2,-0.13,1.33
20200831,1.17,-0.18,1.35
20200901,1.1,-0.23,1.33
20200902,1.06,-0.25,1.31
20200903,1.04,-0.23,1.27
20200904,1.1,-0.2,1.3
20200908,1.08,-0.21,1.29
20200909,1.1,-0.2,1.3
20200910,1.08,-0.23,1.31
20200911,1.06,-0.23,1.29
20200914,1.06,-0.23,1.29
20200915,1.08,-0.22,1.3
20200916,1.11,-0.19,1.3
20200917,1.09,-0.21,1.3
20200918,1.1,-0.2,1.3
20200921,1.08,-0.2,1.28
20200922,1.08,-0.19,1.27
20200923,1.08,-0.19,1.27
20200924,1.08,-0.19,1.27
20200925,1.07,-0.2,1.27
20200928,1.1,-0.2,1.3
20200929,1.08,-0.22,1.3
20200930,1.11,-0.21,1.32
20201001,1.1,-0.23,1.33
20201002,1.11,-0.24,1.35
20201005,1.17,-0.21,1.38
20201006,1.14,-0.24,1.38
20201007,1.2,-0.2,1.4
20201008,1.2,-0.2,1.4
20201009,1.23,-0.18,1.41
20201013,1.19,-0.22,1.41
20201014,1.18,-0.23,1.41
20201015,1.15,-0.24,1.39
20201016,1.16,-0.23,1.39
20201019,1.17,-0.22,1.39
20201020,1.22,-0.18,1.4
20201021,1.21,-0.22,1.43
20201022,1.25,-0.21,1.46
20201023,1.24,-0.24,1.48
20201026,1.21,-0.26,1.47
20201027,1.19,-0.28,1.47
20201028,1.17,-0.28,1.45
20201029,1.22,-0.25,1.47
20201030,1.25,-0.19,1.44
20201102,1.23,-0.22,1.45
20201103,1.27,-0.19,1.46
20201104,1.19,-0.23,1.42
20201105,1.2,-0.24,1.44
20201106,1.22,-0.23,1.45
20201109,1.32,-0.2,1.52
20201110,1.33,-0.23,1.56
20201112,1.27,-0.27,1.54
20201113,1.28,-0.27,1.55
20201116,1.29,-0.26,1.55
20201117,1.25,-0.28,1.53
20201118,1.25,-0.28,1.53
20201119,1.22,-0.3,1.52
20201120,1.17,-0.34,1.51
20201123,1.19,-0.31,1.5
20201124,1.22,-0.3,1.52
20201125,1.22,-0.3,1.52
20201126,1.21,-0.31,1.52
20201127,1.18,-0.33,1.51
20201130,1.17,-0.34,1.51
20201201,1.23,-0.29,1.52
20201202,1.28,-0.22,1.5
20201203,1.26,-0.24,1.5
20201204,1.34,-0.16,1.5
20201207,1.31,-0.19,1.5
20201208,1.29,-0.21,1.5
20201209,1.3,-0.21,1.51
20201210,1.28,-0.23,1.51
20201211,1.27,-0.22,1.49
20201214,1.28,-0.2,1.48
20201215,1.29,-0.19,1.48
20201216,1.3,-0.2,1.5
20201217,1.3,-0.2,1.5
20201218,1.29,-0.22,1.51
20201221,1.28,-0.22,1.5
20201222,1.25,-0.24,1.49
20201223,1.28,-0.23,1.51
20201224,1.26,-0.25,1.51
20201229,1.25,-0.26,1.51
20201230,1.24,-0.27,1.51
20201231,1.21,-0.31,1.52
20210104,1.22,-0.31,1.53
20210105,1.28,-0.27,1.55
20210106,1.36,-0.22,1.58
20210107,1.4,-0.2,1.6
20210108,1.42,-0.17,1.59
20210111,1.45,-0.13,1.58
20210112,1.47,-0.12,1.59
20210113,1.44,-0.16,1.6
20210114,1.49,-0.12,1.61
20210115,1.44,-0.17,1.61
20210118,1.44,-0.17,1.61
20210119,1.44,-0.17,1.61
20210120,1.47,-0.13,1.6
20210121,1.5,-0.11,1.61
20210122,1.47,-0.14,1.61
20210125,1.44,-0.15,1.59
20210126,1.46,-0.12,1.58
20210127,1.45,-0.12,1.57
20210128,1.48,-0.11,1.59
20210129,1.47,-0.11,1.58
20210201,1.46,-0.11,1.57
20210202,1.48,-0.11,1.59
20210203,1.52,-0.1,1.62
20210204,1.54,-0.07,1.61
20210205,1.59,-0.04,1.63
20210208,1.59,-0.03,1.62
20210209,1.58,-0.04,1.62
20210210,1.58,-0.08,1.66
20210211,1.59,-0.08,1.67
20210212,1.63,-0.05,1.68
20210216,1.71,0.01,1.7
20210217,1.69,-0.01,1.7
20210218,1.73,0.04,1.69
20210219,1.8,0.12,1.68
20210222,1.82,0.17,1.65
20210223,1.86,0.21,1.65
20210224,1.88,0.2,1.68
20210225,1.91,0.23,1.68
20210226,1.76,0.11,1.65
20210301,1.77,0.11,1.66
20210302,1.78,0.13,1.65
20210303,1.82,0.15,1.67
20210304,1.9,0.24,1.66
20210305,1.88,0.2,1.68
20210308,1.91,0.23,1.68
20210309,1.84,0.15,1.69
20210310,1.84,0.13,1.71
20210311,1.88,0.15,1.73
20210312,2.02,0.29,1.73
20210315,2.0,0.26,1.74
20210316,2.03,0.27,1.76
20210317,2.08,0.32,1.76
20210318,2.08,0.32,1.76
20210319,2.05,0.29,1.76
20210322,2.02,0.25,1.77
20210323,1.96,0.2,1.76
20210324,1.91,0.15,1.76
20210325,1.91,0.16,1.75
20210326,1.95,0.19,1.76
20210329,1.99,0.24,1.75
20210330,1.95,0.2,1.75
20210331,1.97,0.22,1.75
20210401,1.95,0.22,1.73
20210405,1.98,0.26,1.72
20210406,1.91,0.21,1.7
20210407,1.94,0.24,1.7
20210408,1.9,0.21,1.69
20210409,1.92,0.24,1.68
20210412,1.93,0.25,1.68
20210413,1.93,0.25,1.68
20210414,1.96,0.28,1.68
20210415,1.89,0.22,1.67
20210416,1.98,0.31,1.67
20210419,2.02,0.34,1.68
20210420,2.01,0.34,1.67
20210421,2.01,0.34,1.67
20210422,2.03,0.35,1.68
20210423,2.05,0.38,1.67
20210426,2.07,0.39,1.68
20210427,2.1,0.42,1.68
20210428,2.07,0.38,1.69
20210429,2.09,0.4,1.69
20210430,2.08,0.4,1.68
20210503,2.06,0.38,1.68
20210504,2.07,0.38,1.69
20210505,2.06,0.34,1.72
20210506,2.07,0.32,1.75
20210507,2.07,0.27,1.8
20210510,2.11,0.28,1.83
20210511,2.14,0.32,1.82
20210512,2.19,0.33,1.86
20210513,2.18,0.32,1.86
20210514,2.18,0.32,1.86
20210517,2.19,0.31,1.88
20210518,2.18,0.31,1.87
20210519,2.18,0.32,1.86
20210520,2.15,0.3,1.85
20210521,2.15,0.32,1.83
20210525,2.07,0.24,1.83
20210526,2.04,0.21,1.83
20210527,2.06,0.22,1.84
20210528,2.06,0.22,1.84
20210531,2.03,0.21,1.82
20210601,2.03,0.22,1.81
20210602,2.02,0.2,1.82
20210603,2.04,0.22,1.82
20210604,1.98,0.17,1.81
20210607,1.99,0.18,1.81
20210608,1.97,0.17,1.8
20210609,1.95,0.15,1.8
20210610,1.94,0.13,1.81
20210611,1.94,0.12,1.82
20210614,1.96,0.14,1.82
20210615,1.94,0.1,1.84
20210616,1.95,0.13,1.82
20210617,1.88,0.12,1.76
20210618,1.81,0.08,1.73
20210621,1.85,0.12,1.73
20210622,1.86,0.11,1.75
20210623,1.86,0.11,1.75
20210624,1.84,0.1,1.74
20210625,1.89,0.15,1.74
20210628,1.87,0.13,1.74
20210629,1.87,0.14,1.73
20210630,1.84,0.11,1.73
20210702,1.84,0.11,1.73
20210705,1.84,0.11,1.73
20210706,1.79,0.06,1.73
20210707,1.76,0.07,1.69
20210708,1.74,0.08,1.66
20210709,1.82,0.15,1.67
20210712,1.82,0.14,1.68
20210713,1.85,0.15,1.7
20210714,1.81,0.12,1.69
20210715,1.78,0.1,1.68
20210716,1.77,0.08,1.69
20210719,1.69,0.03,1.66
20210720,1.75,0.12,1.63
20210721,1.8,0.14,1.66
20210722,1.76,0.1,1.66
20210723,1.78,0.09,1.69
20210726,1.79,0.07,1.72
20210727,1.74,0.04,1.7
20210728,1.73,0.02,1.71
20210729,1.74,0.03,1.71
20210730,1.76,0.06,1.7
20210803,1.69,0.03,1.66
20210804,1.7,0.04,1.66
20210805,1.7,0.05,1.65
20210806,1.75,0.09,1.66
20210809,1.79,0.13,1.66
20210810,1.8,0.13,1.67
20210811,1.82,0.15,1.67
20210812,1.81,0.13,1.68
20210813,1.76,0.09,1.67
20210816,1.74,0.08,1.66
20210817,1.74,0.1,1.64
20210818,1.74,0.09,1.65
20210819,1.71,0.07,1.64
20210820,1.72,0.08,1.64
20210823,1.74,0.09,1.65
20210824,1.77,0.11,1.66
20210825,1.82,0.15,1.67
20210826,1.78,0.12,1.66
20210827,1.75,0.07,1.68
20210830,1.74,0.06,1.68
20210831,1.79,0.13,1.66
20210901,1.74,0.06,1.68
20210902,1.72,0.0,1.72
20210903,1.75,0.02,1.73
20210907,1.79,0.06,1.73
20210908,1.77,0.04,1.73
20210909,1.74,-0.01,1.75
20210910,1.8,0.03,1.77
20210913,1.78,0.03,1.75
20210914,1.74,0.0,1.74
20210915,1.77,0.03,1.74
20210916,1.77,0.03,1.74
20210917,1.82,0.08,1.74
20210920,1.76,0.05,1.71
20210921,1.78,0.07,1.71
20210922,1.75,0.05,1.7
20210923,1.83,0.1,1.73
20210924,1.9,0.16,1.74
20210927,1.91,0.16,1.75
20210928,1.97,0.2,1.77
20210929,1.98,0.25,1.73
20211001,1.96,0.22,1.74
20211004,1.97,0.22,1.75
20211005,2.01,0.23,1.78
20211006,1.99,0.21,1.78
20211007,2.04,0.25,1.79
20211008,2.08,0.26,1.82
20211012,2.05,0.24,1.81
20211013,2.02,0.2,1.82
20211014,1.97,0.14,1.83
20211015,1.99,0.15,1.84
20211018,1.96,0.14,1.82
20211019,2.0,0.18,1.82
20211020,2.03,0.2,1.83
20211021,2.08,0.21,1.87
20211022,2.05,0.18,1.87
20211025,2.05,0.18,1.87
20211026,2.01,0.14,1.87
20211027,1.92,0.09,1.83
20211028,1.95,0.19,1.76
20211029,2.02,0.26,1.76
20211101,2.04,0.31,1.73
20211102,2.05,0.32,1.73
20211103,2.05,0.3,1.75
20211104,2.01,0.23,1.78
20211105,1.96,0.17,1.79
20211108,1.98,0.12,1.86
20211109,1.95,0.08,1.87
20211110,2.01,0.11,1.9
20211112,2.03,0.1,1.93
20211115,2.07,0.12,1.95
20211116,2.11,0.18,1.93
20211117,2.05,0.11,1.94
20211118,2.05,0.11,1.94
20211119,2.0,0.07,1.93
20211122,2.09,0.17,1.92
20211123,2.14,0.21,1.93
20211124,2.07,0.15,1.92
20211125,2.07,0.15,1.92
20211126,2.01,0.09,1.92
20211129,1.94,0.06,1.88
20211130,1.89,0.04,1.85
20211201,1.82,-0.06,1.88
20211202,1.79,-0.1,1.89
20211203,1.74,-0.15,1.89
20211206,1.79,-0.1,1.89
20211207,1.83,-0.08,1.91
20211208,1.84,-0.08,1.92
20211209,1.82,-0.08,1.9
20211210,1.81,-0.07,1.88
20211213,1.75,-0.09,1.84
20211214,1.79,-0.03,1.82
20211215,1.74,-0.05,1.79
20211216,1.69,-0.08,1.77
20211217,1.66,-0.09,1.75
20211220,1.73,-0.02,1.75
20211221,1.76,-0.02,1.78
20211222,1.72,-0.06,1.78
20211223,1.75,-0.02,1.77
20211224,1.76,-0.01,1.77
20211229,1.76,-0.04,1.8
20211230,1.72,-0.11,1.83
20211231,1.68,-0.14,1.82
20220104,1.82,-0.03,1.85
20220105,1.85,0.04,1.81
20220106,1.93,0.16,1.77
20220107,1.97,0.2,1.77
20220110,1.96,0.19,1.77
20220111,1.95,0.17,1.78
20220112,1.98,0.21,1.77
20220113,1.96,0.21,1.75
20220114,2.01,0.26,1.75
20220117,2.04,0.29,1.75
20220118,2.1,0.34,1.76
20220119,2.08,0.33,1.75
20220120,2.06,0.31,1.75
20220121,1.99,0.26,1.73
20220124,2.04,0.31,1.73
20220125,2.05,0.32,1.73
20220126,2.07,0.33,1.74
20220127,2.0,0.28,1.72
20220128,2.0,0.28,1.72
20220131,2.05,0.33,1.72
20220201,2.08,0.37,1.71
20220202,2.04,0.36,1.68
20220203,2.07,0.42,1.65
20220204,2.1,0.44,1.66
20220207,2.09,0.44,1.65
20220208,2.14,0.47,1.67
20220209,2.14,0.48,1.66
20220210,2.2,0.54,1.66
20220211,2.13,0.47,1.66
20220214,2.19,0.53,1.66
20220215,2.22,0.56,1.66
20220216,2.21,0.54,1.67
20220217,2.17,0.53,1.64
20220218,2.15,0.51,1.64
20220222,2.18,0.53,1.65
20220223,2.23,0.56,1.67
20220224,2.2,0.52,1.68
20220225,2.18,0.5,1.68
20220228,2.12,0.37,1.75
20220301,1.99,0.24,1.75
20220302,2.05,0.26,1.79
20220303,2.02,0.25,1.77
20220304,1.96,0.19,1.77
20220307,2.02,0.21,1.81
20220308,2.11,0.21,1.9
20220309,2.19,0.31,1.88
20220310,2.24,0.34,1.9
20220311,2.29,0.34,1.95
20220314,2.42,0.47,1.95
20220315,2.49,0.55,1.94
20220316,2.39,0.49,1.9
20220317,2.4,0.47,1.93
20220318,2.38,0.49,1.89
20220321,2.47,0.59,1.88
20220322,2.56,0.68,1.88
20220323,2.42,0.53,1.89
20220324,2.46,0.57,1.89
20220325,2.55,0.67,1.88
20220328,2.48,0.61,1.87
20220329,2.46,0.61,1.85
20220330,2.41,0.58,1.83
20220331,2.37,0.54,1.83
20220401,2.37,0.57,1.8
20220404,2.37,0.57,1.8
20220405,2.45,0.62,1.83
20220406,2.45,0.64,1.81
20220407,2.52,0.72,1.8
20220408,2.58,0.74,1.84
20220411,2.66,0.8,1.86
20220412,2.61,0.74,1.87
20220413,2.61,0.77,1.84
20220414,2.71,0.82,1.89
20220418,2.74,0.83,1.91
20220419,2.78,0.86,1.92
20220420,2.77,0.83,1.94
20220421,2.82,0.86,1.96
20220422,2.82,0.86,1.96
20220425,2.78,0.84,1.94
20220426,2.72,0.84,1.88
20220427,2.79,0.91,1.88
20220428,2.75,0.86,1.89
20220429,2.81,0.93,1.88
20220502,2.87,1.04,1.83
20220503,2.88,1.07,1.81
20220504,2.86,1.01,1.85
20220505,2.95,1.09,1.86
20220506,3.04,1.19,1.85
20220509,2.97,1.16,1.81
20220510,2.97,1.21,1.76
20220511,2.95,1.14,1.81
20220512,2.9,1.14,1.76
20220513,2.93,1.12,1.81
20220516,2.91,1.1,1.81
20220517,3.02,1.19,1.83
20220518,2.91,1.05,1.86
20220519,2.86,1.06,1.8
20220520,2.81,1.04,1.77
20220524,2.79,1.07,1.72
20220525,2.76,1.05,1.71
20220526,2.81,1.1,1.71
20220527,2.78,1.05,1.73
20220530,2.8,1.07,1.73
20220531,2.85,1.09,1.76
20220601,2.88,1.08,1.8
20220602,2.9,1.09,1.81
20220603,2.95,1.07,1.88
20220606,3.1,1.18,1.92
20220607,3.11,1.22,1.89
20220608,3.18,1.25,1.93
20220609,3.14,1.22,1.92
20220610,3.19,1.28,1.91
20220613,3.31,1.42,1.89
20220614,3.4,1.56,1.84
20220615,3.35,1.48,1.87
20220616,3.29,1.46,1.83
20220617,3.3,1.51,1.79
20220620,3.31,1.51,1.8
20220621,3.4,1.55,1.85
20220622,3.33,1.51,1.82
20220623,3.27,1.45,1.82
20220624,3.3,1.46,1.84
20220627,3.35,1.5,1.85
20220628,3.3,1.46,1.84
20220629,3.21,1.41,1.8
20220630,3.14,1.36,1.78
20220704,3.09,1.32,1.77
20220705,3.03,1.34,1.69
20220706,3.1,1.41,1.69
20220707,3.14,1.4,1.74
20220708,3.17,1.42,1.75
20220711,3.14,1.4,1.74
20220712,3.09,1.37,1.72
20220713,3.03,1.3,1.73
20220714,3.04,1.32,1.72
20220715,3.01,1.26,1.75
20220718,3.04,1.27,1.77
20220719,3.03,1.26,1.77
20220720,3.04,1.27,1.77
20220721,2.9,1.17,1.73
20220722,2.82,1.08,1.74
20220725,2.85,1.1,1.75
20220726,2.82,1.08,1.74
20220727,2.83,1.05,1.78
20220728,2.75,0.95,1.8
20220729,2.77,0.93,1.84
20220802,2.83,1.04,1.79
20220803,2.77,0.97,1.8
20220804,2.76,0.98,1.78
20220805,2.81,1.03,1.78
20220808,2.76,0.97,1.79
20220809,2.78,1.0,1.78
20220810,2.76,1.0,1.76
20220811,2.88,1.13,1.75
20220812,2.85,1.1,1.75
20220815,2.84,1.12,1.72
20220816,2.84,1.11,1.73
20220817,2.89,1.16,1.73
20220818,2.89,1.13,1.76
20220819,2.93,1.13,1.8
20220822,3.0,1.19,1.81
20220823,3.02,1.2,1.82
20220824,3.06,1.23,1.83
20220825,3.0,1.16,1.84
20220826,2.98,1.16,1.82
20220829,3.01,1.2,1.81
20220830,2.98,1.17,1.81
20220831,3.02,1.24,1.78
20220901,3.09,1.29,1.8
20220902,3.04,1.23,1.81
20220906,3.15,1.32,1.83
20220907,3.13,1.31,1.82
20220908,3.2,1.38,1.82
20220909,3.15,1.33,1.82
20220912,3.16,1.36,1.8
20220913,3.16,1.36,1.8
20220914,3.1,1.29,1.81
20220915,3.05,1.24,1.81
20220916,3.06,1.26,1.8
20220919,3.04,1.23,1.81
20220920,3.02,1.23,1.79
20220921,2.94,1.17,1.77
20220922,3.0,1.21,1.79
20220923,2.96,1.2,1.76
20220926,3.03,1.32,1.71
20220927,3.18,1.44,1.74
20220928,2.97,1.26,1.71
20220929,3.09,1.44,1.65
20221003,3.13,1.48,1.65
20221004,3.12,1.45,1.67
20221005,3.22,1.55,1.67
20221006,3.22,1.52,1.7
20221007,3.25,1.54,1.71
20221011,3.34,1.61,1.73
20221012,3.37,1.63,1.74
20221013,3.33,1.58,1.75
20221014,3.4,1.62,1.78
20221017,3.41,1.57,1.84
20221018,3.35,1.52,1.83
20221019,3.53,1.66,1.87
20221020,3.67,1.78,1.89
20221021,3.68,1.75,1.93
20221024,3.65,1.64,2.01
20221025,3.58,1.55,2.03
20221026,3.42,1.39,2.03
20221027,3.32,1.3,2.02
20221028,3.3,1.29,2.01
20221031,3.32,1.35,1.97
20221101,3.26,1.25,2.01
20221102,3.33,1.33,2.0
20221103,3.39,1.36,2.03
20221104,3.5,1.41,2.09
20221107,3.62,1.51,2.11
20221108,3.52,1.41,2.11
20221109,3.47,1.37,2.1
20221110,3.26,1.2,2.06
20221114,3.27,1.21,2.06
20221115,3.23,1.2,2.03
20221116,3.14,1.17,1.97
20221117,3.18,1.23,1.95
20221118,3.21,1.32,1.89
20221121,3.14,1.24,1.9
20221122,3.08,1.2,1.88
20221123,2.97,1.12,1.85
20221124,2.95,1.08,1.87
20221125,2.94,1.08,1.86
20221128,2.96,1.11,1.85
20221129,3.01,1.16,1.85
20221130,3.01,1.14,1.87
20221201,2.87,0.96,1.91
20221202,2.79,0.87,1.92
20221205,2.83,0.89,1.94
20221206,2.77,0.85,1.92
20221207,2.74,0.87,1.87
20221208,2.74,0.85,1.89
20221209,2.81,0.93,1.88
20221212,2.87,0.97,1.9
20221213,2.84,0.93,1.91
20221214,2.85,0.94,1.91
20221215,2.81,0.92,1.89
20221216,2.87,0.98,1.89
20221219,2.97,1.07,1.9
20221220,3.04,1.1,1.94
20221221,3.04,1.05,1.99
20221222,3.09,1.09,2.0
20221223,3.16,1.16,2.0
20221228,3.28,1.22,2.06
20221229,3.24,1.16,2.08
20221230,3.28,1.19,2.09
20230103,3.21,1.15,2.06
20230104,3.14,1.11,2.03
20230105,3.15,1.12,2.03
20230106,3.09,1.08,2.01
20230109,3.1,1.09,2.01
20230110,3.13,1.11,2.02
20230111,3.03,1.05,1.98
20230112,2.93,0.96,1.97
20230113,2.92,0.99,1.93
20230116,2.91,0.98,1.93
20230117,2.92,1.02,1.9
20230118,2.84,1.0,1.84
20230119,2.85,1.04,1.81
20230120,2.93,1.12,1.81
20230123,2.99,1.17,1.82
20230124,2.97,1.15,1.82
20230125,2.91,1.08,1.83
20230126,2.93,1.09,1.84
20230127,2.95,1.11,1.84
20230130,2.96,1.11,1.85
20230131,2.98,1.14,1.84
20230201,2.93,1.06,1.87
20230202,2.93,1.09,1.84
20230203,3.0,1.13,1.87
20230206,3.08,1.22,1.86
20230207,3.12,1.23,1.89
20230208,3.07,1.16,1.91
20230209,3.1,1.19,1.91
20230210,3.17,1.22,1.95
20230213,3.11,1.16,1.95
20230214,3.17,1.23,1.94
20230215,3.26,1.31,1.95
20230216,3.28,1.31,1.97
20230217,3.25,1.29,1.96
20230221,3.33,1.37,1.96
20230222,3.3,1.35,1.95
20230223,3.25,1.3,1.95
20230224,3.28,1.34,1.94
20230227,3.26,1.32,1.94
20230228,3.2,1.3,1.9
20230301,3.25,1.36,1.89
20230302,3.33,1.43,1.9
20230303,3.19,1.27,1.92
20230306,3.22,1.28,1.94
20230307,3.17,1.32,1.85
20230308,3.11,1.28,1.83
20230309,3.05,1.24,1.81
20230310,2.77,1.15,1.62
20230313,2.8,1.1,1.7
20230314,2.79,1.15,1.64
20230315,2.88,1.13,1.75
20230316,2.96,1.22,1.74
20230317,2.9,1.2,1.7
20230320,2.93,1.26,1.67
20230321,2.99,1.33,1.66
20230322,2.93,1.24,1.69
20230323,2.93,1.23,1.7
20230324,2.89,1.23,1.66
20230327,3.03,1.37,1.66
20230328,3.04,1.36,1.68
20230329,3.04,1.34,1.7
20230330,3.03,1.33,1.7
20230331,3.02,1.34,1.68
20230403,2.96,1.31,1.65
20230404,2.93,1.32,1.61
20230405,2.95,1.34,1.61
20230406,2.94,1.33,1.61
20230410,2.99,1.37,1.62
20230411,2.99,1.38,1.61
20230412,3.0,1.35,1.65
20230413,3.07,1.4,1.67
20230414,3.13,1.44,1.69
20230417,3.16,1.45,1.71
20230418,3.14,1.44,1.7
20230419,3.13,1.42,1.71
20230420,3.07,1.36,1.71
20230421,3.03,1.32,1.71
20230424,3.01,1.32,1.69
20230425,2.92,1.24,1.68
20230426,2.97,1.31,1.66
20230427,3.05,1.38,1.67
20230428,2.96,1.33,1.63
20230501,3.07,1.38,1.69
20230502,2.96,1.32,1.64
20230503,2.93,1.3,1.63
20230504,2.97,1.34,1.63
20230505,3.05,1.4,1.65
20230508,3.11,1.42,1.69
20230509,3.08,1.39,1.69
20230510,3.04,1.37,1.67
20230511,2.97,1.28,1.69
20230512,2.97,1.28,1.69
20230515,3.03,1.29,1.74
20230516,3.09,1.32,1.77
20230517,3.1,1.32,1.78
20230518,3.16,1.38,1.78
20230519,3.15,1.36,1.79
20230523,3.23,1.43,1.8
20230524,3.27,1.47,1.8
20230525,3.3,1.51,1.79
20230526,3.29,1.48,1.81
20230529,3.26,1.46,1.8
20230530,3.22,1.42,1.8
20230531,3.14,1.37,1.77
20230601,3.09,1.31,1.78
20230602,3.16,1.36,1.8
20230605,3.2,1.4,1.8
20230606,3.18,1.4,1.78
20230607,3.28,1.48,1.8
20230608,3.27,1.49,1.78
20230609,3.25,1.46,1.79
20230612,3.23,1.45,1.78
20230613,3.33,1.45,1.88
20230614,3.27,1.5,1.77
20230615,3.21,1.44,1.77
20230616,3.19,1.44,1.75
20230619,3.25,1.49,1.76
20230620,3.19,1.44,1.75
20230621,3.22,1.47,1.75
20230622,3.29,1.54,1.75
20230623,3.2,1.47,1.73
20230626,3.16,1.44,1.72
20230627,3.17,1.45,1.72
20230628,3.11,1.39,1.72
20230629,3.18,1.46,1.72
20230630,3.09,1.39,1.7
20230704,3.12,1.41,1.71
20230705,3.21,1.55,1.66
20230706,3.25,1.54,1.71
20230707,3.33,1.64,1.69
20230710,3.31,1.61,1.7
20230711,3.33,1.63,1.7
20230712,3.26,1.58,1.68
20230713,3.22,1.53,1.69
20230714,3.23,1.55,1.68
20230717,3.27,1.58,1.69
20230718,3.26,1.58,1.68
20230719,3.2,1.53,1.67
20230720,3.32,1.62,1.7
20230721,3.26,1.58,1.68
20230724,3.33,1.63,1.7
20230725,3.34,1.63,1.71
20230726,3.29,1.6,1.69
20230727,3.42,1.67,1.75
20230728,3.33,1.64,1.69
20230731,3.29,1.62,1.67
20230801,3.41,1.72,1.69
20230802,3.44,1.74,1.7
20230803,3.58,1.88,1.7
20230804,3.45,1.75,1.7
20230808,3.42,1.73,1.69
20230809,3.41,1.72,1.69
20230810,3.47,1.79,1.68
20230811,3.48,1.8,1.68
20230814,3.52,1.83,1.69
20230815,3.58,1.87,1.71
20230816,3.61,1.9,1.71
20230817,3.59,1.88,1.71
20230818,3.53,1.82,1.71
20230821,3.59,1.87,1.72
20230822,3.61,1.9,1.71
20230823,3.47,1.76,1.71
20230824,3.51,1.81,1.7
20230825,3.5,1.81,1.69
20230828,3.48,1.79,1.69
20230829,3.41,1.74,1.67
20230830,3.41,1.73,1.68
20230831,3.38,1.71,1.67
20230901,3.41,1.75,1.66
20230905,3.52,1.83,1.69
20230906,3.5,1.82,1.68
20230907,3.48,1.8,1.68
20230908,3.48,1.8,1.68
20230911,3.51,1.84,1.67
20230912,3.51,1.84,1.67
20230913,3.52,1.84,1.68
20230914,3.53,1.85,1.68
20230915,3.56,1.88,1.68
20230918,3.56,1.88,1.68
20230919,3.63,1.92,1.71
20230920,3.63,1.92,1.71
20230921,3.72,2.0,1.72
20230922,3.69,1.97,1.72
20230925,3.8,2.06,1.74
20230926,3.81,2.06,1.75
20230927,3.87,2.11,1.76
20230928,3.86,2.09,1.77
20230929,3.81,2.06,1.75
20231003,3.99,2.22,1.77
20231004,3.91,2.14,1.77
20231005,3.9,2.13,1.77
20231006,3.9,2.14,1.76
20231010,3.76,2.0,1.76
20231011,3.68,1.93,1.75
20231012,3.79,2.04,1.75
20231013,3.7,1.96,1.74
20231016,3.74,2.0,1.74
20231017,3.76,2.03,1.73
20231018,3.79,2.05,1.74
20231019,3.93,2.17,1.76
20231020,3.87,2.13,1.74
20231023,3.77,2.03,1.74
20231024,3.75,2.02,1.73
20231025,3.88,2.13,1.75
20231026,3.76,2.01,1.75
20231027,3.73,1.99,1.74
20231030,3.81,2.08,1.73
20231031,3.85,2.11,1.74
20231101,3.74,1.99,1.75
20231102,3.64,1.9,1.74
20231103,3.56,1.82,1.74
20231106,3.61,1.86,1.75
20231107,3.56,1.81,1.75
20231108,3.5,1.76,1.74
20231109,3.64,1.89,1.75
20231110,3.61,1.86,1.75
20231114,3.5,1.77,1.73
20231115,3.55,1.8,1.75
20231116,3.51,1.75,1.76
20231117,3.49,1.73,1.76
20231120,3.47,1.71,1.76
20231121,3.46,1.71,1.75
20231122,3.47,1.71,1.76
20231123,3.52,1.76,1.76
20231124,3.5,1.74,1.76
20231127,3.41,1.67,1.74
20231128,3.38,1.64,1.74
20231129,3.34,1.59,1.75
20231130,3.36,1.62,1.74
20231201,3.23,1.57,1.66
20231204,3.26,1.53,1.73
20231205,3.16,1.56,1.6
20231206,3.11,1.4,1.71
20231207,3.13,1.44,1.69
20231208,3.18,1.48,1.7
20231211,3.21,1.52,1.69
20231212,3.2,1.53,1.67
20231213,3.09,1.44,1.65
20231214,2.97,1.33,1.64
20231215,2.91,1.28,1.63
20231218,2.97,1.31,1.66
20231219,2.94,1.3,1.64
20231220,2.9,1.26,1.64
20231221,2.97,1.34,1.63
20231222,3.06,1.46,1.6
20231227,2.96,1.36,1.6
20231228,3.01,1.39,1.62
20231229,3.02,1.4,1.62
20240102,3.1,1.47,1.63
20240103,3.07,1.44,1.63
20240104,3.14,1.51,1.63
20240105,3.19,1.55,1.64
20240108,3.14,1.51,1.63
20240109,3.13,1.51,1.62
20240110,3.18,1.56,1.62
20240111,3.18,1.56,1.62
20240112,3.19,1.56,1.63
20240115,3.18,1.56,1.62
20240116,3.31,1.69,1.62
20240117,3.37,1.75,1.62
20240118,3.42,1.8,1.62
20240119,3.43,1.8,1.63
20240122,3.39,1.76,1.63
20240123,3.41,1.79,1.62
20240124,3.46,1.83,1.63
20240125,3.45,1.82,1.63
20240126,3.48,1.83,1.65
20240129,3.39,1.75,1.64
20240130,3.32,1.68,1.64
20240131,3.27,1.63,1.64
20240201,3.2,1.54,1.66
20240202,3.29,1.64,1.65
20240205,3.38,1.72,1.66
20240206,3.32,1.65,1.67
20240207,3.37,1.69,1.68
20240208,3.44,1.76,1.68
20240209,3.41,1.73,1.68
20240212,3.43,1.74,1.69
20240213,3.47,1.76,1.71
20240214,3.42,1.71,1.71
20240215,3.41,1.7,1.71
20240216,3.43,1.7,1.73
20240220,3.38,1.67,1.71
20240221,3.42,1.7,1.72
20240222,3.4,1.67,1.73
20240223,3.32,1.6,1.72
20240226,3.34,1.62,1.72
20240227,3.41,1.68,1.73
20240228,3.4,1.66,1.74
20240229,3.35,1.62,1.73
20240301,3.32,1.58,1.74
20240304,3.34,1.6,1.74
20240305,3.25,1.59,1.66
20240306,3.23,1.49,1.74
20240307,3.25,1.5,1.75
20240308,3.24,1.49,1.75
20240311,3.27,1.52,1.75
20240312,3.3,1.55,1.75
20240313,3.33,1.58,1.75
20240314,3.4,1.65,1.75
20240315,3.4,1.65,1.75
20240318,3.46,1.68,1.78
20240319,3.42,1.62,1.8
20240320,3.4,1.58,1.82
20240321,3.43,1.6,1.83
20240322,3.37,1.54,1.83
20240325,3.4,1.58,1.82
20240326,3.4,1.56,1.84
20240327,3.35,1.51,1.84
20240328,3.34,1.5,1.84
20240401,3.48,1.62,1.86
20240402,3.5,1.64,1.86
20240403,3.5,1.63,1.87
20240404,3.46,1.59,1.87
20240405,3.5,1.64,1.86
20240408,3.53,1.64,1.89
20240409,3.47,1.59,1.88
20240410,3.57,1.68,1.89
20240411,3.6,1.73,1.87
20240412,3.54,1.67,1.87
20240415,3.63,1.75,1.88
20240416,3.65,1.78,1.87
20240417,3.61,1.74,1.87
20240418,3.66,1.79,1.87
20240419,3.64,1.77,1.87
20240422,3.66,1.79,1.87
20240423,3.66,1.8,1.86
20240424,3.7,1.83,1.87
20240425,3.73,1.86,1.87
20240426,3.7,1.83,1.87
20240429,3.63,1.77,1.86
20240430,3.68,1.82,1.86
20240501,3.63,1.78,1.85
20240502,3.62,1.76,1.86
20240503,3.55,1.7,1.85
20240506,3.5,1.65,1.85
20240507,3.46,1.61,1.85
20240508,3.51,1.66,1.85
20240509,3.5,1.66,1.84
20240510,3.55,1.7,1.85
20240513,3.53,1.69,1.84
20240514,3.53,1.7,1.83
20240515,3.44,1.59,1.85
20240516,3.43,1.58,1.85
20240517,3.48,1.64,1.84
20240521,3.45,1.61,1.84
20240522,3.46,1.62,1.84
20240523,3.49,1.65,1.84
20240524,3.47,1.64,1.83
20240527,3.48,1.65,1.83
20240528,3.55,1.72,1.83
20240529,3.61,1.77,1.84
20240530,3.54,1.72,1.82
20240531,3.47,1.65,1.82
20240603,3.35,1.52,1.83
20240604,3.31,1.49,1.82
20240605,3.28,1.47,1.81
20240606,3.31,1.5,1.81
20240607,3.38,1.57,1.81
20240610,3.42,1.61,1.81
20240611,3.4,1.59,1.81
20240612,3.34,1.54,1.8
20240613,3.26,1.46,1.8
20240614,3.21,1.42,1.79
20240617,3.23,1.44,1.79
20240618,3.19,1.4,1.79
20240619,3.21,1.43,1.78
20240620,3.25,1.46,1.79
20240621,3.26,1.47,1.79
20240624,3.26,1.47,1.79
20240625,3.26,1.46,1.8
20240626,3.35,1.56,1.79
20240627,3.36,1.56,1.8
20240628,3.39,1.59,1.8
20240702,3.5,1.68,1.82
20240703,3.47,1.65,1.82
20240704,3.5,1.68,1.82
20240705,3.43,1.62,1.81
20240708,3.4,1.59,1.81
20240709,3.42,1.61,1.81
20240710,3.4,1.59,1.81
20240711,3.38,1.56,1.82
20240712,3.36,1.55,1.81
20240715,3.4,1.58,1.82
20240716,3.34,1.52,1.82
20240717,3.32,1.5,1.82
20240718,3.34,1.53,1.81
20240719,3.38,1.56,1.82
20240722,3.4,1.59,1.81
20240723,3.39,1.58,1.81
20240724,3.42,1.61,1.81
20240725,3.41,1.6,1.81
20240726,3.37,1.57,1.8
20240729,3.33,1.53,1.8
20240730,3.28,1.49,1.79
20240731,3.22,1.44,1.78
20240801,3.17,1.39,1.78
20240802,3.09,1.33,1.76
20240806,3.19,1.39,1.8
20240807,3.23,1.49,1.74
20240808,3.24,1.52,1.72
20240809,3.18,1.45,1.73
20240812,3.16,1.43,1.73
20240813,3.13,1.41,1.72
20240814,3.1,1.39,1.71
20240815,3.15,1.44,1.71
20240816,3.14,1.43,1.71
20240819,3.14,1.43,1.71
20240820,3.08,1.38,1.7
20240821,3.09,1.39,1.7
20240822,3.15,1.44,1.71
20240823,3.12,1.42,1.7
20240826,3.15,1.44,1.71
20240827,3.15,1.44,1.71
20240828,3.18,1.48,1.7
20240829,3.22,1.52,1.7
20240830,3.26,1.56,1.7
20240903,3.18,1.47,1.71
20240904,3.13,1.44,1.69
20240905,3.11,1.43,1.68
20240906,3.11,1.46,1.65
20240909,3.08,1.44,1.64
20240910,3.06,1.43,1.63
20240911,3.08,1.45,1.63
20240912,3.08,1.45,1.63
20240913,3.09,1.45,1.64
20240916,3.06,1.41,1.65
20240917,3.08,1.45,1.63
20240918,3.13,1.49,1.64
20240919,3.14,1.49,1.65
20240920,3.13,1.49,1.64
20240923,3.14,1.49,1.65
20240924,3.15,1.5,1.65
20240925,3.2,1.55,1.65
20240926,3.2,1.55,1.65
20240927,3.13,1.49,1.64
20241001,3.12,1.47,1.65
20241002,3.2,1.54,1.66
20241003,3.26,1.59,1.67
20241004,3.33,1.64,1.69
20241007,3.35,1.64,1.71
20241008,3.35,1.61,1.74
20241009,3.36,1.63,1.73
20241010,3.36,1.62,1.74
20241011,3.35,1.61,1.74
20241015,3.28,1.56,1.72
20241016,3.24,1.53,1.71
20241017,3.31,1.6,1.71
20241018,3.29,1.58,1.71
20241021,3.38,1.64,1.74
20241022,3.37,1.64,1.73
20241023,3.41,1.65,1.76
20241024,3.36,1.61,1.75
20241025,3.39,1.64,1.75
20241028,3.39,1.63,1.76
20241029,3.37,1.61,1.76
20241030,3.34,1.58,1.76
20241031,3.28,1.53,1.75
20241101,3.34,1.59,1.75
20241104,3.28,1.53,1.75
20241105,3.28,1.53,1.75
20241106,3.34,1.56,1.78
20241107,3.24,1.45,1.79
20241108,3.2,1.43,1.77
20241112,3.24,1.48,1.76
20241113,3.31,1.56,1.75
20241114,3.28,1.53,1.75
20241115,3.3,1.54,1.76
20241118,3.32,1.55,1.77
20241119,3.38,1.6,1.78
20241120,3.43,1.65,1.78
20241121,3.49,1.69,1.8
20241122,3.44,1.64,1.8
20241125,3.32,1.53,1.79
20241126,3.28,1.52,1.76
20241127,3.26,1.49,1.77
20241128,3.24,1.48,1.76
20241129,3.13,1.41,1.72
20241202,3.1,1.37,1.73
20241203,3.17,1.42,1.75
20241204,3.14,1.39,1.75
20241205,3.14,1.39,1.75
20241206,3.1,1.36,1.74
20241209,3.16,1.41,1.75
20241210,3.16,1.41,1.75
20241211,3.19,1.42,1.77
20241212,3.24,1.45,1.79
20241213,3.26,1.46,1.8
20241216,3.27,1.48,1.79
20241217,3.22,1.41,1.81
20241218,3.26,1.46,1.8
20241219,3.39,1.54,1.85
20241220,3.34,1.53,1.81
20241223,3.36,1.55,1.81
20241224,3.37,1.54,1.83
20241227,3.4,1.57,1.83
20241230,3.34,1.51,1.83
20241231,3.33,1.51,1.82
20250102,3.33,1.5,1.83
20250103,3.35,1.51,1.84
20250106,3.35,1.5,1.85
20250107,3.41,1.55,1.86
20250108,3.43,1.55,1.88
20250109,3.47,1.59,1.88
20250110,3.54,1.63,1.91
20250113,3.58,1.67,1.91
20250114,3.62,1.71,1.91
20250115,3.53,1.61,1.92
20250116,3.45,1.55,1.9
20250117,3.42,1.51,1.91
20250120,3.4,1.51,1.89
20250121,3.37,1.48,1.89
20250122,3.43,1.54,1.89
20250123,3.46,1.55,1.91
20250124,3.42,1.52,1.9
20250127,3.34,1.46,1.88
20250128,3.35,1.46,1.89
20250129,3.34,1.45,1.89
20250130,3.28,1.39,1.89
20250131,3.24,1.35,1.89
20250203,3.16,1.33,1.83
20250204,3.18,1.29,1.89
20250205,3.14,1.26,1.88
20250206,3.15,1.28,1.87
20250207,3.26,1.39,1.87
20250210,3.26,1.39,1.87
20250211,3.29,1.42,1.87
20250212,3.36,1.48,1.88
20250213,3.29,1.42,1.87
20250214,3.29,1.43,1.86
20250218,3.36,1.5,1.86
20250219,3.36,1.5,1.86
20250220,3.39,1.52,1.87
20250221,3.29,1.43,1.86
20250224,3.27,1.41,1.86
20250225,3.19,1.33,1.86
20250226,3.18,1.33,1.85
20250227,3.18,1.33,1.85
20250228,3.12,1.27,1.85
20250303,3.05,1.2,1.85
20250304,3.11,1.27,1.84
20250305,3.19,1.35,1.84
20250306,3.3,1.45,1.85
20250307,3.27,1.42,1.85
20250310,3.24,1.4,1.84
20250311,3.26,1.42,1.84
20250312,3.32,1.47,1.85
20250313,3.29,1.43,1.86
20250314,3.3,1.45,1.85
20250317,3.26,1.41,1.85
20250318,3.26,1.4,1.86
20250319,3.23,1.37,1.86
20250320,3.24,1.38,1.86
20250321,3.25,1.39,1.86
20250324,3.29,1.43,1.86
20250325,3.3,1.44,1.86
20250326,3.36,1.49,1.87
20250327,3.34,1.48,1.86
20250328,3.28,1.41,1.87
20250331,3.23,1.37,1.86
20250401,3.18,1.32,1.86
20250402,3.2,1.33,1.87
20250403,3.24,1.39,1.85
20250404,3.19,1.38,1.81
20250407,3.35,1.53,1.82
20250408,3.42,1.6,1.82
20250409,3.45,1.6,1.85
20250410,3.53,1.71,1.82
20250411,3.55,1.71,1.84
20250414,3.55,1.71,1.84
20250415,3.43,1.59,1.84
20250416,3.4,1.57,1.83
20250417,3.45,1.62,1.83
20250421,3.58,1.74,1.84
20250422,3.53,1.7,1.83
20250423,3.55,1.72,1.83
20250424,3.51,1.68,1.83
20250425,3.51,1.68,1.83
20250428,3.5,1.67,1.83
20250429,3.46,1.63,1.83
20250430,3.42,1.6,1.82
20250501,3.45,1.62,1.83
20250502,3.5,1.67,1.83
20250505,3.5,1.67,1.83
20250506,3.48,1.65,1.83
20250507,3.42,1.59,1.83
20250508,3.5,1.66,1.84
20250509,3.47,1.63,1.84
20250512,3.5,1.65,1.85
20250513,3.52,1.66,1.86
20250514,3.56,1.7,1.86
20250515,3.48,1.63,1.85
20250516,3.48,1.62,1.86
20250520,3.6,1.74,1.86
20250521,3.68,1.81,1.87
20250522,3.65,1.78,1.87
20250523,3.63,1.76,1.87
20250526,3.61,1.74,1.87
20250527,3.54,1.66,1.88
20250528,3.54,1.66,1.88
20250529,3.5,1.62,1.88
20250530,3.47,1.59,1.88
20250602,3.5,1.6,1.9
20250603,3.54,1.64,1.9
20250604,3.51,1.61,1.9
20250605,3.52,1.62,1.9
20250606,3.59,1.69,1.9
20250609,3.63,1.72,1.91
20250610,3.61,1.71,1.9
20250611,3.63,1.73,1.9
20250612,3.62,1.73,1.89
20250613,3.65,1.76,1.89
20250616,3.69,1.79,1.9
20250617,3.67,1.76,1.91
20250618,3.63,1.73,1.9
20250619,3.62,1.71,1.91
20250620,3.59,1.69,1.9
20250623,3.57,1.67,1.9
20250624,3.57,1.67,1.9
20250625,3.63,1.72,1.91
20250626,3.61,1.71,1.9
20250627,3.6,1.7,1.9
20250630,3.56,1.65,1.91
20250702,3.64,1.73,1.91
20250703,3.67,1.75,1.92
20250704,3.64,1.72,1.92
20250707,3.7,1.79,1.91
20250708,3.72,1.8,1.92
20250709,3.68,1.74,1.94
20250710,3.71,1.78,1.93
20250711,3.81,1.86,1.95
20250714,3.83,1.88,1.95
20250715,3.9,1.93,1.97
20250716,3.88,1.92,1.96
20250717,3.88,1.92,1.96
20250718,3.88,1.92,1.96
20250721,3.83,1.86,1.97
20250722,3.81,1.84,1.97
20250723,3.87,1.9,1.97
20250724,3.86,1.89,1.97
20250725,3.83,1.86,1.97
20250728,3.84,1.86,1.98
20250729,3.79,1.8,1.99
20250730,3.8,1.8,2.0
20250731,3.75,1.75,2.0
20250801,3.7,1.72,1.98
20250805,3.71,1.72,1.99
20250806,3.74,1.73,2.01
20250807,3.74,1.73,2.01
20250808,3.75,1.74,2.01
20250811,3.76,1.75,2.01
20250812,3.81,1.8,2.01
20250813,3.77,1.76,2.01
20250814,3.8,1.79,2.01
20250815,3.86,1.84,2.02
20250818,3.9,1.88,2.02
20250819,3.85,1.84,2.01
20250820,3.85,1.83,2.02
20250821,3.88,1.85,2.03
20250822,3.84,1.82,2.02
20250825,3.88,1.85,2.03
20250826,3.87,1.84,2.03
20250827,3.88,1.84,2.04
20250828,3.85,1.81,2.04
20250829,3.82,1.78,2.04
20250902,3.89,1.85,2.04
20250903,3.84,1.8,2.04
20250904,3.81,1.77,2.04
20250905,3.74,1.71,2.03
20250908,3.66,1.64,2.02
20250909,3.67,1.66,2.01
20250910,3.62,1.62,2.0
20250911,3.6,1.6,2.0
20250912,3.61,1.61,2.0
20250915,3.6,1.61,1.99
20250916,3.59,1.61,1.98
20250917,3.61,1.63,1.98
20250918,3.63,1.65,1.98
20250919,3.64,1.68,1.96
20250922,3.66,1.69,1.97
20250923,3.66,1.7,1.96
20250924,3.67,1.71,1.96
20250925,3.67,1.71,1.96
20250926,3.67,1.71,1.96
20250929,3.61,1.66,1.95
20251001,3.67,1.72,1.95
20251002,3.66,1.71,1.95
20251003,3.67,1.72,1.95
20251006,3.71,1.76,1.95
20251007,3.7,1.74,1.96
20251008,3.72,1.76,1.96
20251009,3.72,1.76,1.96
20251010,3.68,1.72,1.96
20251014,3.63,1.68,1.95
20251015,3.62,1.66,1.96
20251016,3.59,1.64,1.95
20251017,3.58,1.64,1.94
20251020,3.56,1.61,1.95
20251021,3.56,1.61,1.95
20251022,3.56,1.61,1.95
20251023,3.58,1.63,1.95
20251024,3.58,1.63,1.95
20251027,3.53,1.58,1.95
20251028,3.51,1.57,1.94
20251029,3.59,1.64,1.95
20251030,3.58,1.63,1.95
20251031,3.58,1.63,1.95
20251103,3.61,1.66,1.95
20251104,3.61,1.66,1.95
20251105,3.61,1.65,1.96
20251106,3.56,1.61,1.95
20251107,3.61,1.65,1.96
20251110,3.62,1.66,1.96
20251112,3.58,1.62,1.96
20251113,3.62,1.65,1.97
20251114,3.65,1.68,1.97
20251117,3.67,1.7,1.97
20251118,3.7,1.73,1.97
20251119,3.7,1.73,1.97
20251120,3.67,1.7,1.97
20251121,3.66,1.69,1.97
20251124,3.64,1.66,1.98
20251125,3.61,1.64,1.97
20251126,3.59,1.62,1.97
20251127,3.58,1.6,1.98
20251128,3.59,1.62,1.97
20251201,3.69,1.7,1.99
20251202,3.7,1.71,1.99
20251203,3.7,1.72,1.98
20251204,3.74,1.76,1.98
20251205,3.85,1.87,1.98
20251208,3.84,1.85,1.99
20251209,3.87,1.88,1.99
20251210,3.85,1.85,2.0
20251211,3.85,1.86,1.99
20251212,3.88,1.89,1.99
20251215,3.85,1.87,1.98
20251216,3.84,1.85,1.99
20251217,3.87,1.89,1.98
20251218,3.86,1.88,1.98
20251219,3.89,1.91,1.98
20251222,3.88,1.9,1.98
20251223,3.83,1.85,1.98
20251224,3.81,1.83,1.98
20251229,3.81,1.83,1.98
20251230,3.84,1.86,1.98
20251231,3.85,1.87,1.98
20260102,3.92,1.93,1.99
20260105,3.88,1.89,1.99
20260106,3.89,1.9,1.99
20260107,3.84,1.83,2.01
20260108,3.85,1.84,2.01
20260109,3.82,1.82,2.0
20260112,3.84,1.83,2.01
20260113,3.86,1.85,2.01
20260114,3.81,1.8,2.01
20260115,3.79,1.78,2.01
20260116,3.8,1.79,2.01
20260119,3.82,1.81,2.01
20260120,3.87,1.86,2.01
20260121,3.85,1.84,2.01
20260122,3.83,1.81,2.02
20260123,3.84,1.83,2.01
20260126,3.8,1.79,2.01
20260127,3.85,1.83,2.02
20260128,3.86,1.84,2.02
20260129,3.86,1.84,2.02
20260130,3.88,1.84,2.04
20260202,3.88,1.84,2.04
20260203,3.88,1.84,2.04
20260204,3.88,1.85,2.03
20260205,3.86,1.81,2.05
20260206,3.85,1.8,2.05
20260209,3.85,1.81,2.04
20260210,3.81,1.77,2.04
20260211,3.79,1.75,2.04
20260212,3.74,1.71,2.03
20260213,3.72,1.69,2.03
20260217,3.71,1.68,2.03
20260218,3.71,1.68,2.03
20260219,3.71,1.68,2.03
20260220,3.7,1.67,2.03
20260223,3.68,1.65,2.03
20260224,3.68,1.65,2.03
20260225,3.69,1.66,2.03
20260226,3.66,1.63,2.03
20260227,3.63,1.6,2.03
20260302,3.7,1.66,2.04
20260303,3.72,1.68,2.04
20260304,3.74,1.7,2.04
20260305,3.79,1.75,2.04
20260306,3.86,1.8,2.06
20260309,3.81,1.75,2.06
20260310,3.85,1.79,2.06
20260311,3.93,1.87,2.06
20260312,3.96,1.89,2.07
20260313,3.94,1.88,2.06
20260316,3.88,1.82,2.06
20260317,3.85,1.79,2.06
20260318,3.89,1.82,2.07
20260319,3.85,1.8,2.05
20260320,3.95,1.88,2.07
20260323,3.92,1.86,2.06
20260324,3.97,1.91,2.06
20260325,3.88,1.83,2.05
20260326,3.92,1.85,2.07
20260327,3.94,1.88,2.06
20260330,3.9,1.84,2.06
20260331,3.88,1.83,2.05
20260401,3.93,1.88,2.05
20260402,3.92,1.86,2.06
20260406,3.88,1.82,2.06
20260407,3.91,1.85,2.06
20260408,3.88,1.83,2.05
20260409,3.89,1.84,2.05
20260410,3.91,1.86,2.05
20260413,3.9,1.84,2.06
20260414,3.87,1.82,2.05
20260415,3.9,1.84,2.06
20260416,3.93,1.87,2.06
20260417,3.88,1.83,2.05
20260420,3.88,1.83,2.05
20260421,3.91,1.87,2.04
20260422,3.9,1.86,2.04
20260423,3.9,1.85,2.05
20260424,3.87,1.82,2.05
20260427,3.91,1.86,2.05
20260428,3.91,1.84,2.07
20260429,3.96,1.89,2.07
20260430,3.93,1.86,2.07
20260501,3.9,1.82,2.08
20260504,3.96,1.88,2.08
20260505,3.95,1.87,2.08
20260506,3.89,1.83,2.06
20260507,3.9,1.84,2.06
20260508,3.85,1.78,2.07
20260511,3.9,1.84,2.06
20260512,3.94,1.87,2.07
20260513,3.93,1.85,2.08
20260514,3.91,1.84,2.07
20260515,4.02,1.93,2.09
20260519,4.04,1.96,2.08
20260520,3.94,1.87,2.07
20260521,3.91,1.84,2.07
20260522,3.9,1.83,2.07
20260525,3.84,1.77,2.07
20260526,3.84,1.77,2.07
20260527,3.83,1.77,2.06
20260528,3.8,1.73,2.07
20260529,3.79,1.74,2.05
20260601,3.81,1.73,2.08
20260602,3.79,1.71,2.08
20260603,3.8,1.73,2.07
20260604,3.8,1.73,2.07
20260605,3.83,1.77,2.06
20260608,3.92,1.85,2.07
20260609,3.88,1.82,2.06
20260610,3.88,1.81,2.07
20260611,3.81,1.76,2.05
20260612,3.82,1.77,2.05
20260615,3.84,1.78,2.06
20260616,3.81,1.77,2.04
20260617,3.82,1.77,2.05
20260618,3.8,1.75,2.05
20260619,3.81,1.77,2.04
20260622,3.85,1.8,2.05
20260623,3.83,1.78,2.05
20260624,3.76,1.72,2.04
20260625,3.79,1.73,2.06
20260626,3.8,1.74,2.06
20260629,3.77,1.71,2.06
20260630,3.77,1.71,2.06
20260702,3.86,1.79,2.07
20260703,3.86,1.79,2.07
20260706,3.84,1.77,2.07
20260707,3.9,1.83,2.07
20260708,3.95,1.88,2.07
20260709,3.93,1.86,2.07
20260710,3.92,1.85,2.07
20260713,3.95,1.89,2.06
20260714,3.97,1.9,2.07
20260715,3.95,1.87,2.08
20260716,3.94,1.86,2.08
20260717,3.96,1.88,2.08
20260720,3.98,1.9,2.08
20260721,3.98,1.9,2.08
20260722,4.0,1.92,2.08
20260723,4.02,1.93,2.09
20260724,3.98,1.87,2.11
20260727,3.94,1.84,2.1
20260728,3.91,1.83,2.08
20260729,3.99,1.91,2.08
20260730,3.99,1.9,2.09
20260731,4.04,1.95,2.09
20260804,3.96,1.87,2.09
20260805,3.97,1.88,2.09
20260806,4.02,1.93,2.09
20260807,4.04,1.95,2.09
20260810,4.1,2.0,2.1
20260811,4.1,2.0,2.1
20260812,4.09,1.98,2.11
20260813,4.04,1.93,2.11
20260814,4.09,1.98,2.11
20260817,4.14,2.02,2.12
20260818,4.13,2.01,2.12
20260819,4.09,1.98,2.11
20260820,4.15,2.03,2.12
20260821,4.17,2.05,2.12
20260824,4.11,1.98,2.13
20260825,4.06,1.93,2.13
20260826,4.09,1.94,2.15
20260827,4.13,1.98,2.15
20260828,4.14,1.98,2.16
20260831,4.14,1.94,2.2
20260901,4.15,1.85,2.3
20260902,4.18,1.86,2.32
20260903,4.16,1.84,2.32
20260904,4.15,1.82,2.33
