# QUALITY=CLEAN | TIPS constant-maturity (FRED) | generated by real_yields_g8.py
DATE,NOM10,REAL10,BE10
20030102,4.07,2.43,1.64
20030103,4.05,2.43,1.62
20030106,4.09,2.46,1.63
20030107,4.04,2.42,1.62
20030108,4.0,2.29,1.71
20030109,4.19,2.41,1.78
20030110,4.16,2.41,1.75
20030113,4.15,2.38,1.77
20030114,4.1,2.34,1.76
20030115,4.1,2.3,1.8
20030116,4.1,2.31,1.79
20030117,4.05,2.25,1.8
20030121,4.01,2.23,1.78
20030122,3.95,2.23,1.72
20030123,3.98,2.2,1.78
20030124,3.94,2.14,1.8
20030127,3.98,2.16,1.82
20030128,4.0,2.19,1.81
20030129,4.06,2.21,1.85
20030130,4.0,2.2,1.8
20030131,4.0,2.19,1.81
20030203,4.01,2.2,1.81
20030204,3.96,2.12,1.84
20030205,4.02,2.12,1.9
20030206,3.97,2.09,1.88
20030207,3.96,2.07,1.89
20030210,3.99,2.06,1.93
20030211,3.98,2.05,1.93
20030212,3.93,2.04,1.89
20030213,3.89,2.01,1.88
20030214,3.95,2.03,1.92
20030218,3.94,2.05,1.89
20030219,3.88,1.99,1.89
20030220,3.85,1.91,1.94
20030221,3.9,1.93,1.97
20030224,3.86,1.87,1.99
20030225,3.81,1.84,1.97
20030226,3.78,1.84,1.94
20030227,3.76,1.82,1.94
20030228,3.71,1.77,1.94
20030303,3.68,1.77,1.91
20030304,3.65,1.77,1.88
20030305,3.63,1.75,1.88
20030306,3.67,1.74,1.93
20030307,3.63,1.72,1.91
20030310,3.59,1.69,1.9
20030311,3.6,1.68,1.92
20030312,3.6,1.68,1.92
20030313,3.74,1.73,2.01
20030314,3.72,1.89,1.83
20030317,3.82,1.97,1.85
20030318,3.91,2.08,1.83
20030319,3.98,2.15,1.83
20030320,4.01,2.2,1.81
20030321,4.11,2.29,1.82
20030324,3.98,2.18,1.8
20030325,3.97,2.17,1.8
20030326,3.96,2.15,1.81
20030327,3.95,2.1,1.85
20030328,3.92,2.09,1.83
20030331,3.83,2.03,1.8
20030401,3.84,2.02,1.82
20030402,3.94,2.11,1.83
20030403,3.93,2.12,1.81
20030404,3.96,2.16,1.8
20030407,4.03,2.21,1.82
20030408,3.95,2.18,1.77
20030409,3.93,2.13,1.8
20030410,3.95,2.16,1.79
20030411,4.0,2.23,1.77
20030414,4.04,2.22,1.82
20030415,3.98,2.18,1.8
20030416,3.96,2.2,1.76
20030417,3.98,2.22,1.76
20030421,4.0,2.25,1.75
20030422,4.01,2.27,1.74
20030423,4.02,2.26,1.76
20030424,3.93,2.22,1.71
20030425,3.91,2.18,1.73
20030428,3.92,2.16,1.76
20030429,3.96,2.22,1.74
20030430,3.89,2.16,1.73
20030501,3.88,2.13,1.75
20030502,3.94,2.19,1.75
20030505,3.92,2.19,1.73
20030506,3.84,2.17,1.67
20030507,3.72,2.02,1.7
20030508,3.7,2.0,1.7
20030509,3.69,2.0,1.69
20030512,3.64,1.96,1.68
20030513,3.63,1.94,1.69
20030514,3.53,1.87,1.66
20030515,3.53,1.86,1.67
20030516,3.46,1.84,1.62
20030519,3.46,1.85,1.61
20030520,3.38,1.73,1.65
20030521,3.39,1.73,1.66
20030522,3.34,1.71,1.63
20030523,3.34,1.72,1.62
20030527,3.41,1.8,1.61
20030528,3.44,1.83,1.61
20030529,3.34,1.76,1.58
20030530,3.37,1.77,1.6
20030602,3.43,1.83,1.6
20030603,3.34,1.76,1.58
20030604,3.3,1.73,1.57
20030605,3.34,1.75,1.59
20030606,3.37,1.76,1.61
20030609,3.29,1.68,1.61
20030610,3.2,1.61,1.59
20030611,3.21,1.62,1.59
20030612,3.18,1.57,1.61
20030613,3.13,1.51,1.62
20030616,3.18,1.59,1.59
20030617,3.27,1.7,1.57
20030618,3.37,1.79,1.58
20030619,3.35,1.74,1.61
20030620,3.4,1.77,1.63
20030623,3.32,1.71,1.61
20030624,3.29,1.68,1.61
20030625,3.38,1.71,1.67
20030626,3.55,1.85,1.7
20030627,3.58,1.9,1.68
20030630,3.54,1.9,1.64
20030701,3.56,1.92,1.64
20030702,3.56,1.96,1.6
20030703,3.67,2.09,1.58
20030707,3.74,2.14,1.6
20030708,3.75,2.12,1.63
20030709,3.73,2.0,1.73
20030710,3.7,1.94,1.76
20030711,3.66,1.88,1.78
20030714,3.74,1.92,1.82
20030715,3.94,2.06,1.88
20030716,3.97,2.08,1.89
20030717,3.98,2.05,1.93
20030718,4.0,2.04,1.96
20030721,4.19,2.21,1.98
20030722,4.17,2.19,1.98
20030723,4.12,2.11,2.01
20030724,4.2,2.18,2.02
20030725,4.22,2.14,2.08
20030728,4.31,2.27,2.04
20030729,4.42,2.38,2.04
20030730,4.34,2.32,2.02
20030731,4.49,2.41,2.08
20030801,4.44,2.4,2.04
20030804,4.35,2.34,2.01
20030805,4.47,2.43,2.04
20030806,4.32,2.34,1.98
20030807,4.3,2.29,2.01
20030808,4.27,2.27,2.0
20030811,4.38,2.31,2.07
20030812,4.37,2.29,2.08
20030813,4.58,2.41,2.17
20030814,4.55,2.38,2.17
20030815,4.55,2.36,2.19
20030818,4.49,2.33,2.16
20030819,4.38,2.24,2.14
20030820,4.45,2.26,2.19
20030821,4.53,2.29,2.24
20030822,4.48,2.26,2.22
20030825,4.53,2.31,2.22
20030826,4.5,2.28,2.22
20030827,4.54,2.36,2.18
20030828,4.42,2.29,2.13
20030829,4.45,2.29,2.16
20030902,4.61,2.43,2.18
20030903,4.6,2.4,2.2
20030904,4.52,2.32,2.2
20030905,4.35,2.17,2.18
20030908,4.41,2.24,2.17
20030909,4.37,2.21,2.16
20030910,4.28,2.18,2.1
20030911,4.35,2.22,2.13
20030912,4.27,2.18,2.09
20030915,4.28,2.18,2.1
20030916,4.29,2.26,2.03
20030917,4.2,2.2,2.0
20030918,4.19,2.18,2.01
20030919,4.17,2.17,2.0
20030922,4.26,2.21,2.05
20030923,4.24,2.19,2.05
20030924,4.16,2.13,2.03
20030925,4.12,2.07,2.05
20030926,4.04,1.99,2.05
20030929,4.09,2.03,2.06
20030930,3.96,1.95,2.01
20031001,3.96,1.96,2.0
20031002,4.03,2.01,2.02
20031003,4.21,2.16,2.05
20031006,4.17,2.11,2.06
20031007,4.27,2.17,2.1
20031008,4.27,2.18,2.09
20031009,4.32,2.2,2.12
20031010,4.29,2.14,2.15
20031014,4.37,2.18,2.19
20031015,4.43,2.2,2.23
20031016,4.47,2.21,2.26
20031017,4.41,2.14,2.27
20031020,4.41,2.13,2.28
20031021,4.38,2.12,2.26
20031022,4.29,2.07,2.22
20031023,4.34,2.03,2.31
20031024,4.24,1.92,2.32
20031027,4.3,1.96,2.34
20031028,4.23,1.91,2.32
20031029,4.31,1.98,2.33
20031030,4.36,1.97,2.39
20031031,4.33,1.93,2.4
20031103,4.4,1.97,2.43
20031104,4.33,1.93,2.4
20031105,4.38,2.02,2.36
20031106,4.45,2.08,2.37
20031107,4.48,2.1,2.38
20031110,4.49,2.09,2.4
20031112,4.44,2.04,2.4
20031113,4.3,1.94,2.36
20031114,4.22,1.87,2.35
20031117,4.18,1.82,2.36
20031118,4.17,1.83,2.34
20031119,4.24,1.91,2.33
20031120,4.16,1.92,2.24
20031121,4.15,1.93,2.22
20031124,4.23,1.99,2.24
20031125,4.19,1.92,2.27
20031126,4.25,1.96,2.29
20031128,4.34,2.03,2.31
20031201,4.4,2.08,2.32
20031202,4.38,2.05,2.33
20031203,4.41,2.08,2.33
20031204,4.38,2.04,2.34
20031205,4.23,1.92,2.31
20031208,4.29,1.96,2.33
20031209,4.32,2.0,2.32
20031210,4.3,1.97,2.33
20031211,4.27,1.9,2.37
20031212,4.26,1.91,2.35
20031215,4.28,1.98,2.3
20031216,4.24,1.99,2.25
20031217,4.19,1.96,2.23
20031218,4.16,1.94,2.22
20031219,4.15,1.95,2.2
20031222,4.18,1.98,2.2
20031223,4.28,2.03,2.25
20031224,4.2,1.96,2.24
20031226,4.17,1.94,2.23
20031229,4.24,1.99,2.25
20031230,4.29,2.01,2.28
20031231,4.27,2.0,2.27
20040102,4.38,2.06,2.32
20040105,4.41,2.06,2.35
20040106,4.29,1.97,2.32
20040107,4.27,1.94,2.33
20040108,4.27,1.99,2.28
20040109,4.11,1.89,2.22
20040112,4.11,1.89,2.22
20040113,4.05,1.83,2.22
20040114,4.01,1.85,2.16
20040115,3.99,1.82,2.17
20040116,4.04,1.83,2.21
20040120,4.08,1.84,2.24
20040121,4.05,1.79,2.26
20040122,3.99,1.76,2.23
20040123,4.09,1.82,2.27
20040126,4.16,1.89,2.27
20040127,4.11,1.84,2.27
20040128,4.22,1.92,2.3
20040129,4.22,1.91,2.31
20040130,4.16,1.85,2.31
20040202,4.18,1.84,2.34
20040203,4.13,1.81,2.32
20040204,4.15,1.82,2.33
20040205,4.2,1.85,2.35
20040206,4.12,1.79,2.33
20040209,4.09,1.76,2.33
20040210,4.13,1.79,2.34
20040211,4.05,1.75,2.3
20040212,4.1,1.77,2.33
20040213,4.05,1.74,2.31
20040217,4.05,1.75,2.3
20040218,4.05,1.75,2.3
20040219,4.05,1.76,2.29
20040220,4.1,1.79,2.31
20040223,4.05,1.76,2.29
20040224,4.04,1.74,2.3
20040225,4.02,1.71,2.31
20040226,4.05,1.69,2.36
20040227,3.99,1.61,2.38
20040301,4.0,1.55,2.45
20040302,4.05,1.58,2.47
20040303,4.07,1.59,2.48
20040304,4.04,1.6,2.44
20040305,3.85,1.46,2.39
20040308,3.78,1.43,2.35
20040309,3.73,1.4,2.33
20040310,3.74,1.45,2.29
20040311,3.74,1.5,2.24
20040312,3.78,1.52,2.26
20040315,3.78,1.47,2.31
20040316,3.7,1.4,2.3
20040317,3.71,1.36,2.35
20040318,3.76,1.37,2.39
20040319,3.8,1.44,2.36
20040322,3.74,1.42,2.32
20040323,3.73,1.41,2.32
20040324,3.73,1.38,2.35
20040325,3.75,1.4,2.35
20040326,3.85,1.47,2.38
20040329,3.91,1.5,2.41
20040330,3.91,1.52,2.39
20040331,3.86,1.48,2.38
20040401,3.91,1.48,2.43
20040402,4.15,1.69,2.46
20040405,4.24,1.75,2.49
20040406,4.19,1.73,2.46
20040407,4.19,1.82,2.37
20040408,4.21,1.8,2.41
20040412,4.25,1.81,2.44
20040413,4.35,1.88,2.47
20040414,4.4,1.91,2.49
20040415,4.42,1.93,2.49
20040416,4.37,1.87,2.5
20040419,4.39,1.87,2.52
20040420,4.43,1.97,2.46
20040421,4.45,1.96,2.49
20040422,4.4,1.98,2.42
20040423,4.48,2.12,2.36
20040426,4.46,2.03,2.43
20040427,4.43,2.0,2.43
20040428,4.5,2.1,2.4
20040429,4.55,2.15,2.4
20040430,4.53,2.11,2.42
20040503,4.53,2.09,2.44
20040504,4.56,2.1,2.46
20040505,4.61,2.1,2.51
20040506,4.63,2.15,2.48
20040507,4.79,2.24,2.55
20040510,4.81,2.25,2.56
20040511,4.79,2.21,2.58
20040512,4.83,2.17,2.66
20040513,4.85,2.18,2.67
20040514,4.79,2.16,2.63
20040517,4.7,2.07,2.63
20040518,4.74,2.05,2.69
20040519,4.79,2.03,2.76
20040520,4.72,1.96,2.76
20040521,4.76,2.04,2.72
20040524,4.75,2.01,2.74
20040525,4.73,2.03,2.7
20040526,4.67,1.99,2.68
20040527,4.6,1.97,2.63
20040528,4.66,2.0,2.66
20040601,4.71,1.97,2.74
20040602,4.74,2.04,2.7
20040603,4.71,2.05,2.66
20040604,4.78,2.11,2.67
20040607,4.78,2.11,2.67
20040608,4.78,2.15,2.63
20040609,4.82,2.2,2.62
20040610,4.81,2.18,2.63
20040614,4.89,2.26,2.63
20040615,4.69,2.16,2.53
20040616,4.74,2.18,2.56
20040617,4.71,2.16,2.55
20040618,4.72,2.15,2.57
20040621,4.7,2.16,2.54
20040622,4.72,2.17,2.55
20040623,4.71,2.18,2.53
20040624,4.66,2.15,2.51
20040625,4.66,2.16,2.5
20040628,4.76,2.23,2.53
20040629,4.7,2.2,2.5
20040630,4.62,2.1,2.52
20040701,4.57,2.04,2.53
20040702,4.48,1.96,2.52
20040706,4.49,1.97,2.52
20040707,4.5,2.0,2.5
20040708,4.49,2.02,2.47
20040709,4.49,2.02,2.47
20040712,4.46,2.02,2.44
20040713,4.5,2.03,2.47
20040714,4.5,2.02,2.48
20040715,4.5,2.01,2.49
20040716,4.38,1.94,2.44
20040719,4.38,1.96,2.42
20040720,4.47,2.05,2.42
20040721,4.5,2.05,2.45
20040722,4.48,2.03,2.45
20040723,4.45,2.0,2.45
20040726,4.49,2.05,2.44
20040727,4.62,2.15,2.47
20040728,4.61,2.11,2.5
20040729,4.6,2.07,2.53
20040730,4.5,2.01,2.49
20040802,4.48,2.0,2.48
20040803,4.45,1.98,2.47
20040804,4.45,2.0,2.45
20040805,4.43,1.96,2.47
20040806,4.24,1.82,2.42
20040809,4.28,1.85,2.43
20040810,4.32,1.9,2.42
20040811,4.3,1.86,2.44
20040812,4.27,1.81,2.46
20040813,4.22,1.77,2.45
20040816,4.26,1.82,2.44
20040817,4.21,1.82,2.39
20040818,4.23,1.83,2.4
20040819,4.22,1.76,2.46
20040820,4.24,1.79,2.45
20040823,4.28,1.86,2.42
20040824,4.28,1.87,2.41
20040825,4.26,1.88,2.38
20040826,4.22,1.86,2.36
20040827,4.23,1.86,2.37
20040830,4.19,1.83,2.36
20040831,4.13,1.78,2.35
20040901,4.13,1.77,2.36
20040902,4.2,1.83,2.37
20040903,4.3,1.88,2.42
20040907,4.26,1.86,2.4
20040908,4.18,1.82,2.36
20040909,4.22,1.83,2.39
20040910,4.19,1.83,2.36
20040913,4.16,1.81,2.35
20040914,4.15,1.81,2.34
20040915,4.18,1.86,2.32
20040916,4.08,1.81,2.27
20040917,4.14,1.85,2.29
20040920,4.07,1.8,2.27
20040921,4.05,1.8,2.25
20040922,4.0,1.73,2.27
20040923,4.02,1.76,2.26
20040924,4.04,1.78,2.26
20040927,4.01,1.72,2.29
20040928,4.02,1.7,2.32
20040929,4.1,1.76,2.34
20040930,4.14,1.77,2.37
20041001,4.21,1.83,2.38
20041004,4.19,1.86,2.33
20041005,4.18,1.84,2.34
20041006,4.23,1.9,2.33
20041007,4.26,1.89,2.37
20041008,4.15,1.78,2.37
20041012,4.12,1.75,2.37
20041013,4.09,1.72,2.37
20041014,4.03,1.68,2.35
20041015,4.07,1.7,2.37
20041018,4.07,1.71,2.36
20041019,4.07,1.7,2.37
20041020,4.01,1.66,2.35
20041021,4.01,1.62,2.39
20041022,4.0,1.64,2.36
20041025,3.99,1.63,2.36
20041026,4.01,1.63,2.38
20041027,4.11,1.73,2.38
20041028,4.09,1.68,2.41
20041029,4.05,1.63,2.42
20041101,4.11,1.67,2.44
20041102,4.1,1.61,2.49
20041103,4.09,1.61,2.48
20041104,4.1,1.65,2.45
20041105,4.21,1.71,2.5
20041108,4.22,1.72,2.5
20041109,4.22,1.74,2.48
20041110,4.25,1.75,2.5
20041112,4.2,1.71,2.49
20041115,4.2,1.67,2.53
20041116,4.21,1.68,2.53
20041117,4.14,1.63,2.51
20041118,4.12,1.64,2.48
20041119,4.2,1.67,2.53
20041122,4.18,1.62,2.56
20041123,4.19,1.65,2.54
20041124,4.2,1.64,2.56
20041126,4.24,1.66,2.58
20041129,4.34,1.74,2.6
20041130,4.36,1.75,2.61
20041201,4.38,1.79,2.59
20041202,4.4,1.83,2.57
20041203,4.27,1.73,2.54
20041206,4.24,1.7,2.54
20041207,4.23,1.69,2.54
20041208,4.14,1.62,2.52
20041209,4.19,1.64,2.55
20041210,4.16,1.66,2.5
20041213,4.16,1.65,2.51
20041214,4.14,1.62,2.52
20041215,4.09,1.57,2.52
20041216,4.19,1.64,2.55
20041217,4.21,1.64,2.57
20041220,4.21,1.62,2.59
20041221,4.18,1.59,2.59
20041222,4.21,1.63,2.58
20041223,4.23,1.62,2.61
20041227,4.3,1.67,2.63
20041228,4.31,1.69,2.62
20041229,4.33,1.73,2.6
20041230,4.27,1.7,2.57
20041231,4.24,1.68,2.56
20050103,4.23,1.7,2.53
20050104,4.29,1.78,2.51
20050105,4.29,1.79,2.5
20050106,4.29,1.76,2.53
20050107,4.29,1.8,2.49
20050110,4.29,1.77,2.52
20050111,4.26,1.76,2.5
20050112,4.25,1.73,2.52
20050113,4.2,1.7,2.5
20050114,4.23,1.72,2.51
20050118,4.21,1.71,2.5
20050119,4.2,1.7,2.5
20050120,4.17,1.7,2.47
20050121,4.16,1.69,2.47
20050124,4.14,1.68,2.46
20050125,4.2,1.74,2.46
20050126,4.21,1.72,2.49
20050127,4.22,1.72,2.5
20050128,4.16,1.65,2.51
20050131,4.14,1.65,2.49
20050201,4.15,1.67,2.48
20050202,4.15,1.7,2.45
20050203,4.18,1.73,2.45
20050204,4.09,1.65,2.44
20050207,4.07,1.62,2.45
20050208,4.05,1.57,2.48
20050209,4.0,1.49,2.51
20050210,4.07,1.57,2.5
20050211,4.1,1.57,2.53
20050214,4.08,1.54,2.54
20050215,4.1,1.61,2.49
20050216,4.16,1.65,2.51
20050217,4.19,1.65,2.54
20050218,4.27,1.67,2.6
20050222,4.29,1.67,2.62
20050223,4.27,1.64,2.63
20050224,4.29,1.65,2.64
20050225,4.27,1.64,2.63
20050228,4.36,1.7,2.66
20050301,4.38,1.69,2.69
20050302,4.38,1.69,2.69
20050303,4.39,1.69,2.7
20050304,4.32,1.65,2.67
20050307,4.31,1.63,2.68
20050308,4.38,1.67,2.71
20050309,4.52,1.77,2.75
20050310,4.48,1.76,2.72
20050311,4.56,1.82,2.74
20050314,4.52,1.82,2.7
20050315,4.54,1.82,2.72
20050316,4.52,1.79,2.73
20050317,4.47,1.73,2.74
20050318,4.51,1.77,2.74
20050321,4.53,1.8,2.73
20050322,4.63,1.87,2.76
20050323,4.61,1.92,2.69
20050324,4.6,1.9,2.7
20050328,4.64,1.94,2.7
20050329,4.6,1.91,2.69
20050330,4.56,1.89,2.67
20050331,4.5,1.79,2.71
20050401,4.46,1.77,2.69
20050404,4.47,1.79,2.68
20050405,4.48,1.81,2.67
20050406,4.44,1.8,2.64
20050407,4.49,1.85,2.64
20050408,4.5,1.84,2.66
20050411,4.45,1.82,2.63
20050412,4.38,1.73,2.65
20050413,4.38,1.74,2.64
20050414,4.37,1.72,2.65
20050415,4.27,1.67,2.6
20050418,4.27,1.66,2.61
20050419,4.21,1.62,2.59
20050420,4.22,1.6,2.62
20050421,4.32,1.66,2.66
20050422,4.26,1.61,2.65
20050425,4.26,1.63,2.63
20050426,4.28,1.66,2.62
20050427,4.25,1.65,2.6
20050428,4.19,1.58,2.61
20050429,4.21,1.61,2.6
20050502,4.21,1.61,2.6
20050503,4.21,1.64,2.57
20050504,4.2,1.63,2.57
20050505,4.19,1.62,2.57
20050506,4.28,1.69,2.59
20050509,4.29,1.69,2.6
20050510,4.23,1.65,2.58
20050511,4.21,1.64,2.57
20050512,4.18,1.66,2.52
20050513,4.12,1.66,2.46
20050516,4.13,1.66,2.47
20050517,4.12,1.64,2.48
20050518,4.07,1.65,2.42
20050519,4.11,1.69,2.42
20050520,4.13,1.67,2.46
20050523,4.07,1.65,2.42
20050524,4.04,1.62,2.42
20050525,4.08,1.66,2.42
20050526,4.08,1.69,2.39
20050527,4.08,1.67,2.41
20050531,4.0,1.63,2.37
20050601,3.91,1.54,2.37
20050602,3.89,1.55,2.34
20050603,3.98,1.61,2.37
20050606,3.96,1.6,2.36
20050607,3.92,1.6,2.32
20050608,3.95,1.63,2.32
20050609,3.98,1.64,2.34
20050610,4.05,1.74,2.31
20050613,4.09,1.76,2.33
20050614,4.13,1.79,2.34
20050615,4.12,1.79,2.33
20050616,4.09,1.75,2.34
20050617,4.09,1.72,2.37
20050620,4.11,1.74,2.37
20050621,4.06,1.72,2.34
20050622,3.95,1.68,2.27
20050623,3.96,1.68,2.28
20050624,3.92,1.65,2.27
20050627,3.9,1.62,2.28
20050628,3.97,1.67,2.3
20050629,3.99,1.69,2.3
20050630,3.94,1.67,2.27
20050701,4.06,1.75,2.31
20050705,4.11,1.8,2.31
20050706,4.08,1.78,2.3
20050707,4.05,1.77,2.28
20050708,4.11,1.83,2.28
20050711,4.11,1.81,2.3
20050712,4.15,1.83,2.32
20050713,4.17,1.87,2.3
20050714,4.19,1.94,2.25
20050715,4.18,1.95,2.23
20050718,4.22,1.98,2.24
20050719,4.2,1.92,2.28
20050720,4.17,1.9,2.27
20050721,4.28,1.95,2.33
20050722,4.23,1.89,2.34
20050725,4.25,1.94,2.31
20050726,4.24,1.92,2.32
20050727,4.27,1.92,2.35
20050728,4.2,1.86,2.34
20050729,4.28,1.92,2.36
20050801,4.32,1.95,2.37
20050802,4.34,1.99,2.35
20050803,4.3,1.93,2.37
20050804,4.32,1.94,2.38
20050805,4.4,2.0,2.4
20050808,4.42,2.02,2.4
20050809,4.41,2.02,2.39
20050810,4.4,2.01,2.39
20050811,4.32,1.97,2.35
20050812,4.24,1.91,2.33
20050815,4.27,1.92,2.35
20050816,4.23,1.87,2.36
20050817,4.28,1.91,2.37
20050818,4.21,1.86,2.35
20050819,4.21,1.85,2.36
20050822,4.22,1.86,2.36
20050823,4.2,1.85,2.35
20050824,4.19,1.83,2.36
20050825,4.18,1.8,2.38
20050826,4.2,1.81,2.39
20050829,4.2,1.79,2.41
20050830,4.16,1.71,2.45
20050831,4.02,1.65,2.37
20050901,4.02,1.61,2.41
20050902,4.03,1.59,2.44
20050906,4.09,1.65,2.44
20050907,4.15,1.69,2.46
20050908,4.15,1.68,2.47
20050909,4.14,1.64,2.5
20050912,4.18,1.69,2.49
20050913,4.14,1.67,2.47
20050914,4.17,1.68,2.49
20050915,4.22,1.71,2.51
20050916,4.26,1.73,2.53
20050919,4.25,1.7,2.55
20050920,4.26,1.74,2.52
20050921,4.19,1.68,2.51
20050922,4.19,1.67,2.52
20050923,4.25,1.74,2.51
20050926,4.3,1.78,2.52
20050927,4.3,1.77,2.53
20050928,4.26,1.73,2.53
20050929,4.29,1.75,2.54
20050930,4.34,1.78,2.56
20051003,4.39,1.84,2.55
20051004,4.38,1.87,2.51
20051005,4.36,1.86,2.5
20051006,4.37,1.91,2.46
20051007,4.35,1.9,2.45
20051011,4.39,1.92,2.47
20051012,4.45,1.96,2.49
20051013,4.48,1.96,2.52
20051014,4.48,1.98,2.5
20051017,4.5,1.94,2.56
20051018,4.49,1.92,2.57
20051019,4.47,1.92,2.55
20051020,4.46,1.92,2.54
20051021,4.39,1.89,2.5
20051024,4.45,1.93,2.52
20051025,4.54,2.05,2.49
20051026,4.6,2.06,2.54
20051027,4.57,2.01,2.56
20051028,4.58,2.01,2.57
20051031,4.57,2.0,2.57
20051101,4.58,2.0,2.58
20051102,4.61,2.02,2.59
20051103,4.65,2.03,2.62
20051104,4.66,2.06,2.6
20051107,4.65,2.03,2.62
20051108,4.57,2.01,2.56
20051109,4.64,2.08,2.56
20051110,4.55,2.07,2.48
20051114,4.61,2.14,2.47
20051115,4.56,2.12,2.44
20051116,4.49,2.07,2.42
20051117,4.46,2.04,2.42
20051118,4.5,2.09,2.41
20051121,4.46,2.08,2.38
20051122,4.43,2.03,2.4
20051123,4.47,2.08,2.39
20051125,4.43,2.05,2.38
20051128,4.41,2.04,2.37
20051129,4.48,2.11,2.37
20051130,4.49,2.12,2.37
20051201,4.52,2.15,2.37
20051202,4.52,2.16,2.36
20051205,4.57,2.17,2.4
20051206,4.49,2.12,2.37
20051207,4.52,2.18,2.34
20051208,4.47,2.14,2.33
20051209,4.54,2.18,2.36
20051212,4.56,2.17,2.39
20051213,4.54,2.16,2.38
20051214,4.45,2.1,2.35
20051215,4.47,2.12,2.35
20051216,4.45,2.11,2.34
20051219,4.45,2.11,2.34
20051220,4.47,2.12,2.35
20051221,4.49,2.14,2.35
20051222,4.44,2.11,2.33
20051223,4.38,2.07,2.31
20051227,4.34,2.05,2.29
20051228,4.38,2.1,2.28
20051229,4.37,2.07,2.3
20051230,4.39,2.06,2.33
20060103,4.37,2.03,2.34
20060104,4.36,2.01,2.35
20060105,4.36,2.04,2.32
20060106,4.38,2.05,2.33
20060109,4.38,2.05,2.33
20060110,4.43,2.06,2.37
20060111,4.46,2.07,2.39
20060112,4.42,2.01,2.41
20060113,4.36,1.97,2.39
20060117,4.34,1.95,2.39
20060118,4.34,1.97,2.37
20060119,4.38,1.97,2.41
20060120,4.37,1.94,2.43
20060123,4.36,1.94,2.42
20060124,4.4,1.97,2.43
20060125,4.49,2.03,2.46
20060126,4.53,2.01,2.52
20060127,4.52,2.02,2.5
20060130,4.54,2.03,2.51
20060131,4.53,2.0,2.53
20060201,4.57,2.02,2.55
20060202,4.57,2.04,2.53
20060203,4.54,2.0,2.54
20060206,4.55,2.0,2.55
20060207,4.57,2.02,2.55
20060208,4.56,2.07,2.49
20060209,4.54,2.05,2.49
20060210,4.59,2.09,2.5
20060213,4.58,2.08,2.5
20060214,4.62,2.14,2.48
20060215,4.61,2.13,2.48
20060216,4.59,2.1,2.49
20060217,4.54,2.03,2.51
20060221,4.57,2.04,2.53
20060222,4.53,2.01,2.52
20060223,4.56,2.03,2.53
20060224,4.58,2.02,2.56
20060227,4.59,2.04,2.55
20060228,4.55,2.02,2.53
20060301,4.59,2.02,2.57
20060302,4.64,2.05,2.59
20060303,4.68,2.07,2.61
20060306,4.74,2.14,2.6
20060307,4.74,2.16,2.58
20060308,4.73,2.2,2.53
20060309,4.74,2.2,2.54
20060310,4.76,2.23,2.53
20060313,4.77,2.24,2.53
20060314,4.71,2.17,2.54
20060315,4.73,2.18,2.55
20060316,4.65,2.12,2.53
20060317,4.68,2.16,2.52
20060320,4.66,2.15,2.51
20060321,4.71,2.23,2.48
20060322,4.7,2.23,2.47
20060323,4.73,2.24,2.49
20060324,4.67,2.2,2.47
20060327,4.7,2.23,2.47
20060328,4.79,2.3,2.49
20060329,4.81,2.32,2.49
20060330,4.86,2.35,2.51
20060331,4.86,2.35,2.51
20060403,4.88,2.36,2.52
20060404,4.87,2.38,2.49
20060405,4.84,2.34,2.5
20060406,4.9,2.38,2.52
20060407,4.97,2.43,2.54
20060410,4.97,2.41,2.56
20060411,4.93,2.37,2.56
20060412,4.98,2.41,2.57
20060413,5.05,2.48,2.57
20060417,5.01,2.43,2.58
20060418,4.99,2.38,2.61
20060419,5.04,2.38,2.66
20060420,5.04,2.42,2.62
20060421,5.01,2.39,2.62
20060424,4.99,2.39,2.6
20060425,5.07,2.47,2.6
20060426,5.12,2.51,2.61
20060427,5.09,2.45,2.64
20060428,5.07,2.39,2.68
20060501,5.14,2.42,2.72
20060502,5.12,2.43,2.69
20060503,5.15,2.47,2.68
20060504,5.16,2.49,2.67
20060505,5.12,2.45,2.67
20060508,5.12,2.45,2.67
20060509,5.13,2.43,2.7
20060510,5.13,2.43,2.7
20060511,5.14,2.43,2.71
20060512,5.19,2.47,2.72
20060515,5.15,2.47,2.68
20060516,5.1,2.44,2.66
20060517,5.16,2.47,2.69
20060518,5.08,2.41,2.67
20060519,5.05,2.43,2.62
20060522,5.04,2.43,2.61
20060523,5.07,2.44,2.63
20060524,5.03,2.42,2.61
20060525,5.07,2.46,2.61
20060526,5.06,2.44,2.62
20060530,5.09,2.45,2.64
20060531,5.12,2.48,2.64
20060601,5.11,2.46,2.65
20060602,5.0,2.37,2.63
20060605,5.02,2.4,2.62
20060606,5.01,2.44,2.57
20060607,5.02,2.48,2.54
20060608,5.0,2.47,2.53
20060609,4.98,2.45,2.53
20060612,4.99,2.45,2.54
20060613,4.97,2.44,2.53
20060614,5.05,2.5,2.55
20060615,5.1,2.52,2.58
20060616,5.13,2.54,2.59
20060619,5.14,2.58,2.56
20060620,5.15,2.58,2.57
20060621,5.16,2.59,2.57
20060622,5.2,2.61,2.59
20060623,5.23,2.64,2.59
20060626,5.25,2.67,2.58
20060627,5.21,2.63,2.58
20060628,5.25,2.68,2.57
20060629,5.22,2.61,2.61
20060630,5.15,2.54,2.61
20060703,5.15,2.56,2.59
20060705,5.23,2.63,2.6
20060706,5.19,2.59,2.6
20060707,5.14,2.55,2.59
20060710,5.13,2.56,2.57
20060711,5.1,2.53,2.57
20060712,5.1,2.54,2.56
20060713,5.08,2.51,2.57
20060714,5.07,2.5,2.57
20060717,5.07,2.49,2.58
20060718,5.13,2.55,2.58
20060719,5.06,2.49,2.57
20060720,5.03,2.45,2.58
20060721,5.05,2.49,2.56
20060724,5.05,2.49,2.56
20060725,5.07,2.48,2.59
20060726,5.04,2.44,2.6
20060727,5.07,2.47,2.6
20060728,5.0,2.41,2.59
20060731,4.99,2.41,2.58
20060801,4.99,2.4,2.59
20060802,4.96,2.36,2.6
20060803,4.96,2.35,2.61
20060804,4.91,2.3,2.61
20060807,4.93,2.29,2.64
20060808,4.93,2.27,2.66
20060809,4.92,2.28,2.64
20060810,4.93,2.3,2.63
20060811,4.97,2.33,2.64
20060814,5.0,2.36,2.64
20060815,4.93,2.32,2.61
20060816,4.87,2.28,2.59
20060817,4.87,2.28,2.59
20060818,4.84,2.26,2.58
20060821,4.82,2.23,2.59
20060822,4.82,2.22,2.6
20060823,4.82,2.25,2.57
20060824,4.81,2.28,2.53
20060825,4.79,2.24,2.55
20060828,4.8,2.28,2.52
20060829,4.79,2.29,2.5
20060830,4.76,2.28,2.48
20060831,4.74,2.24,2.5
20060901,4.73,2.25,2.48
20060905,4.78,2.31,2.47
20060906,4.8,2.32,2.48
20060907,4.8,2.34,2.46
20060908,4.78,2.35,2.43
20060911,4.8,2.38,2.42
20060912,4.78,2.36,2.42
20060913,4.77,2.35,2.42
20060914,4.79,2.35,2.44
20060915,4.8,2.38,2.42
20060918,4.81,2.39,2.42
20060919,4.74,2.35,2.39
20060920,4.73,2.39,2.34
20060921,4.65,2.31,2.34
20060922,4.6,2.27,2.33
20060925,4.56,2.24,2.32
20060926,4.59,2.25,2.34
20060927,4.6,2.26,2.34
20060928,4.63,2.27,2.36
20060929,4.64,2.27,2.37
20061002,4.62,2.27,2.35
20061003,4.62,2.29,2.33
20061004,4.57,2.27,2.3
20061005,4.61,2.31,2.3
20061006,4.7,2.37,2.33
20061010,4.75,2.42,2.33
20061011,4.78,2.45,2.33
20061012,4.79,2.44,2.35
20061013,4.81,2.47,2.34
20061016,4.79,2.45,2.34
20061017,4.78,2.46,2.32
20061018,4.77,2.46,2.31
20061019,4.79,2.49,2.3
20061020,4.79,2.49,2.3
20061023,4.83,2.53,2.3
20061024,4.83,2.52,2.31
20061025,4.78,2.44,2.34
20061026,4.73,2.41,2.32
20061027,4.68,2.37,2.31
20061030,4.68,2.39,2.29
20061031,4.61,2.34,2.27
20061101,4.57,2.29,2.28
20061102,4.6,2.32,2.28
20061103,4.72,2.4,2.32
20061106,4.71,2.36,2.35
20061107,4.66,2.32,2.34
20061108,4.64,2.29,2.35
20061109,4.62,2.28,2.34
20061110,4.59,2.25,2.34
20061113,4.61,2.29,2.32
20061114,4.57,2.28,2.29
20061115,4.61,2.3,2.31
20061116,4.66,2.38,2.28
20061117,4.61,2.33,2.28
20061120,4.6,2.33,2.27
20061121,4.58,2.31,2.27
20061122,4.57,2.3,2.27
20061124,4.55,2.27,2.28
20061127,4.54,2.24,2.3
20061128,4.51,2.21,2.3
20061129,4.52,2.22,2.3
20061130,4.46,2.16,2.3
20061201,4.43,2.1,2.33
20061204,4.43,2.11,2.32
20061205,4.45,2.11,2.34
20061206,4.48,2.14,2.34
20061207,4.49,2.15,2.34
20061208,4.56,2.21,2.35
20061211,4.52,2.17,2.35
20061212,4.49,2.15,2.34
20061213,4.58,2.22,2.36
20061214,4.6,2.23,2.37
20061215,4.6,2.29,2.31
20061218,4.6,2.31,2.29
20061219,4.6,2.31,2.29
20061220,4.6,2.32,2.28
20061221,4.55,2.29,2.26
20061222,4.63,2.35,2.28
20061226,4.61,2.34,2.27
20061227,4.66,2.39,2.27
20061228,4.7,2.41,2.29
20061229,4.71,2.41,2.3
20070102,4.68,2.38,2.3
20070103,4.67,2.36,2.31
20070104,4.62,2.36,2.26
20070105,4.65,2.38,2.27
20070108,4.66,2.38,2.28
20070109,4.66,2.39,2.27
20070110,4.69,2.42,2.27
20070111,4.74,2.43,2.31
20070112,4.77,2.49,2.28
20070116,4.75,2.48,2.27
20070117,4.79,2.5,2.29
20070118,4.75,2.47,2.28
20070119,4.78,2.47,2.31
20070122,4.76,2.44,2.32
20070123,4.81,2.46,2.35
20070124,4.81,2.44,2.37
20070125,4.87,2.48,2.39
20070126,4.88,2.48,2.4
20070129,4.9,2.5,2.4
20070130,4.88,2.46,2.42
20070131,4.83,2.4,2.43
20070201,4.84,2.42,2.42
20070202,4.83,2.42,2.41
20070205,4.81,2.41,2.4
20070206,4.77,2.4,2.37
20070207,4.74,2.4,2.34
20070208,4.73,2.39,2.34
20070209,4.79,2.43,2.36
20070212,4.8,2.46,2.34
20070213,4.82,2.46,2.36
20070214,4.74,2.38,2.36
20070215,4.7,2.38,2.32
20070216,4.69,2.36,2.33
20070220,4.68,2.36,2.32
20070221,4.69,2.33,2.36
20070222,4.73,2.35,2.38
20070223,4.68,2.3,2.38
20070226,4.63,2.26,2.37
20070227,4.5,2.14,2.36
20070228,4.56,2.2,2.36
20070301,4.56,2.19,2.37
20070302,4.52,2.15,2.37
20070305,4.51,2.17,2.34
20070306,4.53,2.19,2.34
20070307,4.5,2.16,2.34
20070308,4.51,2.17,2.34
20070309,4.59,2.25,2.34
20070312,4.56,2.22,2.34
20070313,4.5,2.15,2.35
20070314,4.53,2.18,2.35
20070315,4.54,2.17,2.37
20070316,4.55,2.16,2.39
20070319,4.58,2.18,2.4
20070320,4.56,2.17,2.39
20070321,4.53,2.14,2.39
20070322,4.6,2.17,2.43
20070323,4.62,2.19,2.43
20070326,4.6,2.16,2.44
20070327,4.62,2.16,2.46
20070328,4.62,2.17,2.45
20070329,4.64,2.18,2.46
20070330,4.65,2.21,2.44
20070402,4.65,2.21,2.44
20070403,4.67,2.25,2.42
20070404,4.66,2.23,2.43
20070405,4.68,2.22,2.46
20070406,4.76,2.27,2.49
20070409,4.75,2.27,2.48
20070410,4.73,2.27,2.46
20070411,4.74,2.28,2.46
20070412,4.74,2.28,2.46
20070413,4.76,2.31,2.45
20070416,4.74,2.3,2.44
20070417,4.69,2.29,2.4
20070418,4.66,2.26,2.4
20070419,4.68,2.27,2.41
20070420,4.68,2.27,2.41
20070423,4.66,2.25,2.41
20070424,4.63,2.21,2.42
20070425,4.66,2.22,2.44
20070426,4.69,2.26,2.43
20070427,4.71,2.25,2.46
20070430,4.63,2.2,2.43
20070501,4.64,2.19,2.45
20070502,4.65,2.22,2.43
20070503,4.68,2.25,2.43
20070504,4.65,2.24,2.41
20070507,4.64,2.27,2.37
20070508,4.63,2.27,2.36
20070509,4.67,2.29,2.38
20070510,4.65,2.27,2.38
20070511,4.67,2.3,2.37
20070514,4.69,2.32,2.37
20070515,4.71,2.37,2.34
20070516,4.71,2.38,2.33
20070517,4.76,2.41,2.35
20070518,4.81,2.46,2.35
20070521,4.79,2.43,2.36
20070522,4.83,2.48,2.35
20070523,4.86,2.5,2.36
20070524,4.86,2.48,2.38
20070525,4.86,2.49,2.37
20070529,4.88,2.54,2.34
20070530,4.88,2.52,2.36
20070531,4.9,2.54,2.36
20070601,4.95,2.57,2.38
20070604,4.93,2.55,2.38
20070605,4.98,2.6,2.38
20070606,4.97,2.58,2.39
20070607,5.11,2.7,2.41
20070608,5.12,2.69,2.43
20070611,5.14,2.72,2.42
20070612,5.26,2.83,2.43
20070613,5.2,2.75,2.45
20070614,5.23,2.77,2.46
20070615,5.16,2.73,2.43
20070618,5.15,2.73,2.42
20070619,5.09,2.67,2.42
20070620,5.14,2.73,2.41
20070621,5.16,2.74,2.42
20070622,5.14,2.7,2.44
20070625,5.09,2.67,2.42
20070626,5.1,2.7,2.4
20070627,5.09,2.7,2.39
20070628,5.12,2.73,2.39
20070629,5.03,2.65,2.38
20070702,5.0,2.61,2.39
20070703,5.05,2.68,2.37
20070705,5.16,2.76,2.4
20070706,5.19,2.79,2.4
20070709,5.16,2.75,2.41
20070710,5.03,2.64,2.39
20070711,5.09,2.71,2.38
20070712,5.13,2.74,2.39
20070713,5.11,2.73,2.38
20070716,5.05,2.69,2.36
20070717,5.08,2.73,2.35
20070718,5.02,2.64,2.38
20070719,5.04,2.65,2.39
20070720,4.96,2.6,2.36
20070723,4.97,2.63,2.34
20070724,4.94,2.58,2.36
20070725,4.92,2.56,2.36
20070726,4.79,2.47,2.32
20070727,4.8,2.48,2.32
20070730,4.82,2.49,2.33
20070731,4.78,2.44,2.34
20070801,4.76,2.44,2.32
20070802,4.77,2.46,2.31
20070803,4.71,2.44,2.27
20070806,4.72,2.46,2.26
20070807,4.77,2.51,2.26
20070808,4.84,2.58,2.26
20070809,4.79,2.54,2.25
20070810,4.81,2.56,2.25
20070813,4.78,2.52,2.26
20070814,4.73,2.49,2.24
20070815,4.69,2.46,2.23
20070816,4.6,2.39,2.21
20070817,4.68,2.45,2.23
20070820,4.64,2.44,2.2
20070821,4.6,2.38,2.22
20070822,4.63,2.42,2.21
20070823,4.62,2.39,2.23
20070824,4.63,2.4,2.23
20070827,4.6,2.38,2.22
20070828,4.53,2.33,2.2
20070829,4.57,2.38,2.19
20070830,4.51,2.32,2.19
20070831,4.54,2.34,2.2
20070904,4.56,2.36,2.2
20070905,4.48,2.29,2.19
20070906,4.51,2.32,2.19
20070907,4.38,2.19,2.19
20070910,4.34,2.14,2.2
20070911,4.37,2.16,2.21
20070912,4.41,2.18,2.23
20070913,4.49,2.24,2.25
20070914,4.47,2.2,2.27
20070917,4.48,2.21,2.27
20070918,4.5,2.19,2.31
20070919,4.53,2.21,2.32
20070920,4.69,2.34,2.35
20070921,4.64,2.31,2.33
20070924,4.63,2.33,2.3
20070925,4.63,2.34,2.29
20070926,4.63,2.34,2.29
20070927,4.58,2.27,2.31
20070928,4.59,2.27,2.32
20071001,4.56,2.26,2.3
20071002,4.54,2.23,2.31
20071003,4.55,2.25,2.3
20071004,4.54,2.24,2.3
20071005,4.65,2.34,2.31
20071009,4.67,2.34,2.33
20071010,4.65,2.33,2.32
20071011,4.66,2.32,2.34
20071012,4.7,2.36,2.34
20071015,4.69,2.34,2.35
20071016,4.66,2.31,2.35
20071017,4.57,2.22,2.35
20071018,4.52,2.2,2.32
20071019,4.41,2.09,2.32
20071022,4.42,2.11,2.31
20071023,4.41,2.11,2.3
20071024,4.36,2.07,2.29
20071025,4.37,2.04,2.33
20071026,4.41,2.05,2.36
20071029,4.39,2.04,2.35
20071030,4.4,2.06,2.34
20071031,4.48,2.14,2.34
20071101,4.36,2.0,2.36
20071102,4.31,1.92,2.39
20071105,4.35,1.94,2.41
20071106,4.38,1.93,2.45
20071107,4.34,1.91,2.43
20071108,4.28,1.88,2.4
20071109,4.23,1.82,2.41
20071113,4.26,1.86,2.4
20071114,4.28,1.88,2.4
20071115,4.17,1.81,2.36
20071116,4.15,1.8,2.35
20071119,4.07,1.7,2.37
20071120,4.06,1.68,2.38
20071121,4.0,1.62,2.38
20071123,4.01,1.63,2.38
20071126,3.83,1.45,2.38
20071127,3.95,1.58,2.37
20071128,4.03,1.71,2.32
20071129,3.94,1.61,2.33
20071130,3.97,1.63,2.34
20071203,3.89,1.57,2.32
20071204,3.89,1.59,2.3
20071205,3.92,1.66,2.26
20071206,4.02,1.77,2.25
20071207,4.12,1.86,2.26
20071210,4.15,1.89,2.26
20071211,3.98,1.73,2.25
20071212,4.05,1.78,2.27
20071213,4.18,1.87,2.31
20071214,4.24,1.9,2.34
20071217,4.2,1.86,2.34
20071218,4.14,1.8,2.34
20071219,4.06,1.73,2.33
20071220,4.04,1.74,2.3
20071221,4.18,1.84,2.34
20071224,4.23,1.88,2.35
20071226,4.3,1.95,2.35
20071227,4.21,1.85,2.36
20071228,4.11,1.78,2.33
20071231,4.04,1.73,2.31
20080102,3.91,1.59,2.32
20080103,3.91,1.58,2.33
20080104,3.88,1.56,2.32
20080107,3.86,1.57,2.29
20080108,3.86,1.57,2.29
20080109,3.82,1.56,2.26
20080110,3.91,1.68,2.23
20080111,3.82,1.56,2.26
20080114,3.81,1.53,2.28
20080115,3.72,1.45,2.27
20080116,3.74,1.5,2.24
20080117,3.66,1.43,2.23
20080118,3.66,1.42,2.24
20080122,3.52,1.28,2.24
20080123,3.51,1.31,2.2
20080124,3.68,1.44,2.24
20080125,3.61,1.34,2.27
20080128,3.61,1.33,2.28
20080129,3.69,1.37,2.32
20080130,3.78,1.45,2.33
20080131,3.67,1.33,2.34
20080201,3.62,1.31,2.31
20080204,3.68,1.38,2.3
20080205,3.61,1.34,2.27
20080206,3.61,1.36,2.25
20080207,3.74,1.47,2.27
20080208,3.64,1.36,2.28
20080211,3.62,1.32,2.3
20080212,3.66,1.36,2.3
20080213,3.7,1.42,2.28
20080214,3.85,1.57,2.28
20080215,3.76,1.48,2.28
20080219,3.89,1.56,2.33
20080220,3.93,1.55,2.38
20080221,3.77,1.43,2.34
20080222,3.79,1.44,2.35
20080225,3.91,1.53,2.38
20080226,3.88,1.44,2.44
20080227,3.85,1.42,2.43
20080228,3.71,1.26,2.45
20080229,3.53,1.1,2.43
20080303,3.54,1.08,2.46
20080304,3.63,1.15,2.48
20080305,3.7,1.16,2.54
20080306,3.62,1.07,2.55
20080307,3.56,1.01,2.55
20080310,3.46,0.9,2.56
20080311,3.6,1.05,2.55
20080312,3.49,0.95,2.54
20080313,3.56,1.05,2.51
20080314,3.44,1.01,2.43
20080317,3.34,1.05,2.29
20080318,3.48,1.08,2.4
20080319,3.38,1.04,2.34
20080320,3.34,1.02,2.32
20080324,3.56,1.24,2.32
20080325,3.51,1.25,2.26
20080326,3.51,1.24,2.27
20080327,3.56,1.23,2.33
20080328,3.47,1.13,2.34
20080331,3.45,1.11,2.34
20080401,3.57,1.22,2.35
20080402,3.6,1.26,2.34
20080403,3.61,1.28,2.33
20080404,3.5,1.18,2.32
20080407,3.57,1.23,2.34
20080408,3.58,1.26,2.32
20080409,3.49,1.19,2.3
20080410,3.55,1.26,2.29
20080411,3.49,1.19,2.3
20080414,3.53,1.23,2.3
20080415,3.6,1.28,2.32
20080416,3.72,1.41,2.31
20080417,3.75,1.44,2.31
20080418,3.77,1.45,2.32
20080421,3.75,1.44,2.31
20080422,3.74,1.43,2.31
20080423,3.77,1.44,2.33
20080424,3.87,1.56,2.31
20080425,3.91,1.6,2.31
20080428,3.86,1.56,2.3
20080429,3.85,1.56,2.29
20080430,3.77,1.5,2.27
20080501,3.78,1.52,2.26
20080502,3.89,1.53,2.36
20080505,3.88,1.53,2.35
20080506,3.93,1.55,2.38
20080507,3.87,1.51,2.36
20080508,3.79,1.43,2.36
20080509,3.77,1.39,2.38
20080512,3.78,1.41,2.37
20080513,3.9,1.51,2.39
20080514,3.92,1.49,2.43
20080515,3.83,1.4,2.43
20080516,3.85,1.41,2.44
20080519,3.83,1.36,2.47
20080520,3.78,1.31,2.47
20080521,3.81,1.3,2.51
20080522,3.92,1.41,2.51
20080523,3.85,1.36,2.49
20080527,3.93,1.46,2.47
20080528,4.03,1.58,2.45
20080529,4.08,1.62,2.46
20080530,4.06,1.58,2.48
20080602,3.98,1.51,2.47
20080603,3.92,1.51,2.41
20080604,3.98,1.59,2.39
20080605,4.06,1.63,2.43
20080606,3.94,1.47,2.47
20080609,4.02,1.54,2.48
20080610,4.11,1.62,2.49
20080611,4.1,1.62,2.48
20080612,4.23,1.73,2.5
20080613,4.27,1.77,2.5
20080616,4.25,1.76,2.49
20080617,4.23,1.75,2.48
20080618,4.16,1.68,2.48
20080619,4.22,1.75,2.47
20080620,4.16,1.72,2.44
20080623,4.19,1.75,2.44
20080624,4.1,1.64,2.46
20080625,4.12,1.65,2.47
20080626,4.07,1.55,2.52
20080627,3.99,1.48,2.51
20080630,3.99,1.48,2.51
20080701,4.01,1.49,2.52
20080702,3.99,1.43,2.56
20080703,3.99,1.42,2.57
20080707,3.95,1.43,2.52
20080708,3.91,1.45,2.46
20080709,3.85,1.39,2.46
20080710,3.83,1.4,2.43
20080711,3.96,1.48,2.48
20080714,3.9,1.43,2.47
20080715,3.87,1.4,2.47
20080716,3.97,1.48,2.49
20080717,4.07,1.6,2.47
20080718,4.11,1.65,2.46
20080721,4.09,1.66,2.43
20080722,4.14,1.71,2.43
20080723,4.16,1.8,2.36
20080724,4.03,1.69,2.34
20080725,4.13,1.79,2.34
20080728,4.06,1.7,2.36
20080729,4.09,1.76,2.33
20080730,4.07,1.71,2.36
20080731,3.99,1.65,2.34
20080801,3.97,1.63,2.34
20080804,3.98,1.64,2.34
20080805,4.04,1.74,2.3
20080806,4.06,1.79,2.27
20080807,3.92,1.68,2.24
20080808,3.94,1.72,2.22
20080811,3.99,1.8,2.19
20080812,3.91,1.72,2.19
20080813,3.94,1.75,2.19
20080814,3.89,1.67,2.22
20080815,3.84,1.66,2.18
20080818,3.82,1.67,2.15
20080819,3.83,1.68,2.15
20080820,3.79,1.6,2.19
20080821,3.84,1.61,2.23
20080822,3.87,1.69,2.18
20080825,3.79,1.64,2.15
20080826,3.79,1.63,2.16
20080827,3.77,1.58,2.19
20080828,3.79,1.62,2.17
20080829,3.83,1.68,2.15
20080902,3.74,1.69,2.05
20080903,3.71,1.71,2.0
20080904,3.64,1.7,1.94
20080905,3.66,1.71,1.95
20080908,3.66,1.68,1.98
20080909,3.62,1.69,1.93
20080910,3.65,1.7,1.95
20080911,3.64,1.67,1.97
20080912,3.74,1.79,1.95
20080915,3.47,1.7,1.77
20080916,3.48,1.85,1.63
20080917,3.41,1.81,1.6
20080918,3.54,1.94,1.6
20080919,3.78,1.85,1.93
20080922,3.83,1.85,1.98
20080923,3.85,1.99,1.86
20080924,3.8,2.05,1.75
20080925,3.88,2.09,1.79
20080926,3.85,2.1,1.75
20080929,3.61,2.03,1.58
20080930,3.85,2.25,1.6
20081001,3.77,2.26,1.51
20081002,3.66,2.17,1.49
20081003,3.63,2.18,1.45
20081006,3.48,2.21,1.27
20081007,3.5,2.32,1.18
20081008,3.72,2.69,1.03
20081009,3.84,2.79,1.05
20081010,3.89,2.97,0.92
20081014,4.08,3.05,1.03
20081015,4.04,3.02,1.02
20081016,3.99,3.02,0.97
20081017,3.98,2.87,1.11
20081020,3.91,2.76,1.15
20081021,3.76,2.63,1.13
20081022,3.65,2.59,1.06
20081023,3.63,2.67,0.96
20081024,3.76,3.02,0.74
20081027,3.79,3.02,0.77
20081028,3.89,3.06,0.83
20081029,3.93,3.05,0.88
20081030,4.0,3.06,0.94
20081031,4.01,3.14,0.87
20081103,3.96,3.09,0.87
20081104,3.81,2.88,0.93
20081105,3.73,2.76,0.97
20081106,3.75,2.81,0.94
20081107,3.83,2.86,0.97
20081110,3.82,2.84,0.98
20081112,3.75,2.79,0.96
20081113,3.84,2.95,0.89
20081114,3.72,2.87,0.85
20081117,3.68,2.85,0.83
20081118,3.53,2.92,0.61
20081119,3.38,2.98,0.4
20081120,3.1,3.06,0.04
20081121,3.2,3.15,0.05
20081124,3.35,3.11,0.24
20081125,3.11,2.79,0.32
20081126,2.99,2.68,0.31
20081128,2.93,2.6,0.33
20081201,2.72,2.38,0.34
20081202,2.68,2.26,0.42
20081203,2.67,2.14,0.53
20081204,2.55,1.98,0.57
20081205,2.67,2.23,0.44
20081208,2.77,2.47,0.3
20081209,2.67,2.41,0.26
20081210,2.69,2.44,0.25
20081211,2.64,2.35,0.29
20081212,2.6,2.43,0.17
20081215,2.53,2.43,0.1
20081216,2.37,2.21,0.16
20081217,2.2,1.86,0.34
20081218,2.08,1.85,0.23
20081219,2.13,1.98,0.15
20081222,2.16,2.01,0.15
20081223,2.18,2.03,0.15
20081224,2.2,2.07,0.13
20081226,2.16,2.03,0.13
20081229,2.13,2.02,0.11
20081230,2.11,2.02,0.09
20081231,2.25,2.14,0.11
20090102,2.46,2.29,0.17
20090105,2.49,2.34,0.15
20090106,2.51,2.09,0.42
20090107,2.52,2.05,0.47
20090108,2.47,1.97,0.5
20090109,2.43,1.87,0.56
20090112,2.34,1.75,0.59
20090113,2.33,1.74,0.59
20090114,2.24,1.79,0.45
20090115,2.23,1.78,0.45
20090116,2.36,1.81,0.55
20090120,2.4,1.82,0.58
20090121,2.56,1.98,0.58
20090122,2.62,1.97,0.65
20090123,2.65,1.93,0.72
20090126,2.7,1.92,0.78
20090127,2.59,1.77,0.82
20090128,2.71,1.81,0.9
20090129,2.87,1.83,1.04
20090130,2.87,1.73,1.14
20090202,2.76,1.69,1.07
20090203,2.89,1.76,1.13
20090204,2.95,1.78,1.17
20090205,2.95,1.84,1.11
20090206,3.05,1.82,1.23
20090209,3.07,1.66,1.41
20090210,2.9,1.65,1.25
20090211,2.78,1.66,1.12
20090212,2.75,1.61,1.14
20090213,2.89,1.68,1.21
20090217,2.64,1.53,1.11
20090218,2.74,1.63,1.11
20090219,2.85,1.73,1.12
20090220,2.78,1.67,1.11
20090223,2.78,1.7,1.08
20090224,2.8,1.82,0.98
20090225,2.95,1.98,0.97
20090226,2.98,2.02,0.96
20090227,3.02,2.06,0.96
20090302,2.91,2.0,0.91
20090303,2.93,2.02,0.91
20090304,3.01,2.09,0.92
20090305,2.83,1.98,0.85
20090306,2.83,2.02,0.81
20090309,2.89,2.06,0.83
20090310,2.99,2.15,0.84
20090311,2.95,2.03,0.92
20090312,2.89,1.88,1.01
20090313,2.89,1.87,1.02
20090316,2.97,1.88,1.09
20090317,3.02,1.9,1.12
20090318,2.51,1.28,1.23
20090319,2.61,1.31,1.3
20090320,2.65,1.43,1.22
20090323,2.68,1.4,1.28
20090324,2.68,1.36,1.32
20090325,2.81,1.44,1.37
20090326,2.76,1.3,1.46
20090327,2.78,1.38,1.4
20090330,2.73,1.39,1.34
20090331,2.71,1.43,1.28
20090401,2.68,1.37,1.31
20090402,2.77,1.44,1.33
20090403,2.91,1.53,1.38
20090406,2.95,1.52,1.43
20090407,2.93,1.61,1.32
20090408,2.86,1.57,1.29
20090409,2.96,1.62,1.34
20090413,2.88,1.55,1.33
20090414,2.8,1.52,1.28
20090415,2.82,1.55,1.27
20090416,2.86,1.59,1.27
20090417,2.98,1.7,1.28
20090420,2.88,1.66,1.22
20090421,2.94,1.69,1.25
20090422,2.98,1.65,1.33
20090423,2.96,1.52,1.44
20090424,3.03,1.53,1.5
20090427,2.95,1.48,1.47
20090428,3.05,1.54,1.51
20090429,3.12,1.59,1.53
20090430,3.16,1.69,1.47
20090501,3.21,1.8,1.41
20090504,3.19,1.77,1.42
20090505,3.2,1.77,1.43
20090506,3.18,1.74,1.44
20090507,3.29,1.74,1.55
20090508,3.29,1.77,1.52
20090511,3.17,1.7,1.47
20090512,3.17,1.69,1.48
20090513,3.11,1.67,1.44
20090514,3.1,1.68,1.42
20090515,3.14,1.66,1.48
20090518,3.22,1.66,1.56
20090519,3.25,1.65,1.6
20090520,3.19,1.56,1.63
20090521,3.35,1.67,1.68
20090522,3.45,1.72,1.73
20090526,3.5,1.72,1.78
20090527,3.71,1.83,1.88
20090528,3.67,1.87,1.8
20090529,3.47,1.67,1.8
20090601,3.71,1.8,1.91
20090602,3.65,1.69,1.96
20090603,3.56,1.68,1.88
20090604,3.72,1.83,1.89
20090605,3.84,1.88,1.96
20090608,3.91,1.94,1.97
20090609,3.86,1.88,1.98
20090610,3.98,1.91,2.07
20090611,3.88,1.89,1.99
20090612,3.81,1.91,1.9
20090615,3.76,1.9,1.86
20090616,3.67,1.88,1.79
20090617,3.68,1.95,1.73
20090618,3.86,1.98,1.88
20090619,3.79,1.91,1.88
20090622,3.72,1.89,1.83
20090623,3.65,1.84,1.81
20090624,3.72,1.93,1.79
20090625,3.55,1.82,1.73
20090626,3.52,1.85,1.67
20090629,3.51,1.83,1.68
20090630,3.53,1.78,1.75
20090701,3.55,1.83,1.72
20090702,3.51,1.87,1.64
20090706,3.52,2.03,1.49
20090707,3.47,1.87,1.6
20090708,3.33,1.79,1.54
20090709,3.44,1.87,1.57
20090710,3.32,1.8,1.52
20090713,3.38,1.84,1.54
20090714,3.5,1.86,1.64
20090715,3.63,1.87,1.76
20090716,3.59,1.82,1.77
20090717,3.67,1.81,1.86
20090720,3.61,1.73,1.88
20090721,3.5,1.71,1.79
20090722,3.58,1.75,1.83
20090723,3.72,1.8,1.92
20090724,3.7,1.81,1.89
20090727,3.75,1.85,1.9
20090728,3.72,1.86,1.86
20090729,3.69,1.84,1.85
20090730,3.67,1.78,1.89
20090731,3.52,1.71,1.81
20090803,3.66,1.78,1.88
20090804,3.7,1.81,1.89
20090805,3.8,1.85,1.95
20090806,3.79,1.87,1.92
20090807,3.89,1.88,2.01
20090810,3.8,1.83,1.97
20090811,3.71,1.8,1.91
20090812,3.72,1.84,1.88
20090813,3.59,1.8,1.79
20090814,3.55,1.85,1.7
20090817,3.48,1.79,1.69
20090818,3.51,1.78,1.73
20090819,3.45,1.7,1.75
20090820,3.42,1.6,1.82
20090821,3.56,1.69,1.87
20090824,3.48,1.67,1.81
20090825,3.45,1.72,1.73
20090826,3.44,1.72,1.72
20090827,3.47,1.75,1.72
20090828,3.46,1.76,1.7
20090831,3.4,1.76,1.64
20090901,3.38,1.74,1.64
20090902,3.29,1.71,1.58
20090903,3.33,1.69,1.64
20090904,3.45,1.7,1.75
20090908,3.47,1.66,1.81
20090909,3.48,1.66,1.82
20090910,3.36,1.59,1.77
20090911,3.34,1.59,1.75
20090914,3.42,1.65,1.77
20090915,3.47,1.64,1.83
20090916,3.48,1.62,1.86
20090917,3.42,1.62,1.8
20090918,3.49,1.68,1.81
20090921,3.49,1.69,1.8
20090922,3.46,1.65,1.81
20090923,3.44,1.63,1.81
20090924,3.4,1.64,1.76
20090925,3.34,1.6,1.74
20090928,3.31,1.57,1.74
20090929,3.31,1.59,1.72
20090930,3.31,1.56,1.75
20091001,3.21,1.5,1.71
20091002,3.24,1.54,1.7
20091005,3.24,1.51,1.73
20091006,3.27,1.53,1.74
20091007,3.21,1.45,1.76
20091008,3.27,1.49,1.78
20091009,3.4,1.56,1.84
20091013,3.34,1.46,1.88
20091014,3.45,1.51,1.94
20091015,3.49,1.5,1.99
20091016,3.43,1.45,1.98
20091019,3.41,1.38,2.03
20091020,3.35,1.37,1.98
20091021,3.42,1.43,1.99
20091022,3.44,1.49,1.95
20091023,3.51,1.51,2.0
20091026,3.59,1.59,2.0
20091027,3.49,1.49,2.0
20091028,3.44,1.48,1.96
20091029,3.53,1.5,2.03
20091030,3.41,1.41,2.0
20091102,3.45,1.41,2.04
20091103,3.5,1.45,2.05
20091104,3.57,1.45,2.12
20091105,3.57,1.41,2.16
20091106,3.54,1.37,2.17
20091109,3.52,1.3,2.22
20091110,3.5,1.31,2.19
20091112,3.45,1.33,2.12
20091113,3.43,1.31,2.12
20091116,3.33,1.21,2.12
20091117,3.33,1.2,2.13
20091118,3.36,1.21,2.15
20091119,3.35,1.21,2.14
20091120,3.36,1.21,2.15
20091123,3.37,1.2,2.17
20091124,3.32,1.21,2.11
20091125,3.28,1.16,2.12
20091127,3.21,1.15,2.06
20091130,3.21,1.13,2.08
20091201,3.28,1.14,2.14
20091202,3.32,1.18,2.14
20091203,3.39,1.24,2.15
20091204,3.48,1.34,2.14
20091207,3.44,1.31,2.13
20091208,3.4,1.31,2.09
20091209,3.45,1.36,2.09
20091210,3.49,1.4,2.09
20091211,3.55,1.41,2.14
20091214,3.56,1.37,2.19
20091215,3.6,1.37,2.23
20091216,3.61,1.34,2.27
20091217,3.5,1.28,2.22
20091218,3.55,1.31,2.24
20091221,3.69,1.39,2.3
20091222,3.76,1.43,2.33
20091223,3.77,1.46,2.31
20091224,3.82,1.5,2.32
20091228,3.85,1.5,2.35
20091229,3.82,1.46,2.36
20091230,3.8,1.44,2.36
20091231,3.85,1.48,2.37
20100104,3.85,1.47,2.38
20100105,3.77,1.43,2.34
20100106,3.85,1.48,2.37
20100107,3.85,1.44,2.41
20100108,3.83,1.41,2.42
20100111,3.85,1.47,2.38
20100112,3.74,1.35,2.39
20100113,3.8,1.43,2.37
20100114,3.76,1.4,2.36
20100115,3.7,1.34,2.36
20100119,3.73,1.35,2.38
20100120,3.68,1.31,2.37
20100121,3.62,1.29,2.33
20100122,3.62,1.31,2.31
20100125,3.66,1.33,2.33
20100126,3.65,1.31,2.34
20100127,3.66,1.35,2.31
20100128,3.68,1.35,2.33
20100129,3.63,1.3,2.33
20100201,3.68,1.29,2.39
20100202,3.67,1.26,2.41
20100203,3.73,1.3,2.43
20100204,3.62,1.27,2.35
20100205,3.59,1.32,2.27
20100208,3.62,1.35,2.27
20100209,3.67,1.37,2.3
20100210,3.72,1.44,2.28
20100211,3.73,1.47,2.26
20100212,3.69,1.46,2.23
20100216,3.66,1.42,2.24
20100217,3.74,1.46,2.28
20100218,3.79,1.48,2.31
20100219,3.78,1.52,2.26
20100222,3.8,1.55,2.25
20100223,3.69,1.5,2.19
20100224,3.7,1.51,2.19
20100225,3.64,1.51,2.13
20100226,3.61,1.48,2.13
20100301,3.61,1.46,2.15
20100302,3.62,1.46,2.16
20100303,3.63,1.46,2.17
20100304,3.61,1.44,2.17
20100305,3.69,1.48,2.21
20100308,3.72,1.49,2.23
20100309,3.71,1.48,2.23
20100310,3.73,1.49,2.24
20100311,3.73,1.49,2.24
20100312,3.71,1.45,2.26
20100315,3.71,1.46,2.25
20100316,3.66,1.42,2.24
20100317,3.65,1.4,2.25
20100318,3.68,1.45,2.23
20100319,3.7,1.5,2.2
20100322,3.67,1.48,2.19
20100323,3.69,1.49,2.2
20100324,3.84,1.6,2.24
20100325,3.91,1.65,2.26
20100326,3.86,1.62,2.24
20100329,3.88,1.66,2.22
20100330,3.88,1.66,2.22
20100331,3.84,1.6,2.24
20100401,3.89,1.61,2.28
20100402,3.96,1.69,2.27
20100405,4.01,1.7,2.31
20100406,3.98,1.68,2.3
20100407,3.89,1.55,2.34
20100408,3.91,1.58,2.33
20100409,3.9,1.56,2.34
20100412,3.87,1.52,2.35
20100413,3.84,1.5,2.34
20100414,3.88,1.54,2.34
20100415,3.86,1.49,2.37
20100416,3.79,1.46,2.33
20100419,3.83,1.49,2.34
20100420,3.82,1.47,2.35
20100421,3.77,1.42,2.35
20100422,3.8,1.46,2.34
20100423,3.84,1.47,2.37
20100426,3.83,1.46,2.37
20100427,3.71,1.37,2.34
20100428,3.8,1.4,2.4
20100429,3.76,1.31,2.45
20100430,3.69,1.29,2.4
20100503,3.72,1.32,2.4
20100504,3.63,1.31,2.32
20100505,3.58,1.3,2.28
20100506,3.41,1.25,2.16
20100507,3.45,1.3,2.15
20100510,3.57,1.33,2.24
20100511,3.56,1.31,2.25
20100512,3.56,1.28,2.28
20100513,3.55,1.28,2.27
20100514,3.44,1.26,2.18
20100517,3.47,1.31,2.16
20100518,3.38,1.25,2.13
20100519,3.36,1.32,2.04
20100520,3.25,1.36,1.89
20100521,3.2,1.33,1.87
20100524,3.23,1.35,1.88
20100525,3.18,1.33,1.85
20100526,3.21,1.3,1.91
20100527,3.34,1.33,2.01
20100528,3.31,1.32,1.99
20100601,3.29,1.32,1.97
20100602,3.35,1.36,1.99
20100603,3.39,1.34,2.05
20100604,3.2,1.26,1.94
20100607,3.17,1.25,1.92
20100608,3.18,1.29,1.89
20100609,3.2,1.28,1.92
20100610,3.33,1.35,1.98
20100611,3.24,1.29,1.95
20100614,3.28,1.31,1.97
20100615,3.32,1.32,2.0
20100616,3.27,1.28,1.99
20100617,3.21,1.22,1.99
20100618,3.24,1.25,1.99
20100621,3.26,1.24,2.02
20100622,3.18,1.2,1.98
20100623,3.13,1.19,1.94
20100624,3.14,1.23,1.91
20100625,3.12,1.21,1.91
20100628,3.05,1.17,1.88
20100629,2.97,1.14,1.83
20100630,2.97,1.15,1.82
20100701,2.96,1.21,1.75
20100702,3.0,1.27,1.73
20100706,2.95,1.26,1.69
20100707,3.0,1.3,1.7
20100708,3.04,1.25,1.79
20100709,3.07,1.26,1.81
20100712,3.08,1.26,1.82
20100713,3.15,1.28,1.87
20100714,3.07,1.23,1.84
20100715,3.0,1.21,1.79
20100716,2.96,1.25,1.71
20100719,2.99,1.29,1.7
20100720,2.98,1.28,1.7
20100721,2.9,1.19,1.71
20100722,2.96,1.21,1.75
20100723,3.02,1.24,1.78
20100726,3.03,1.24,1.79
20100727,3.08,1.26,1.82
20100728,3.03,1.22,1.81
20100729,3.03,1.21,1.82
20100730,2.94,1.14,1.8
20100802,2.99,1.13,1.86
20100803,2.94,1.07,1.87
20100804,2.98,1.12,1.86
20100805,2.94,1.07,1.87
20100806,2.86,1.04,1.82
20100809,2.86,1.04,1.82
20100810,2.79,0.95,1.84
20100811,2.72,0.95,1.77
20100812,2.74,1.05,1.69
20100813,2.68,1.0,1.68
20100816,2.58,0.95,1.63
20100817,2.64,1.01,1.63
20100818,2.64,1.02,1.62
20100819,2.58,1.02,1.56
20100820,2.62,1.05,1.57
20100823,2.6,1.05,1.55
20100824,2.5,1.01,1.49
20100825,2.54,1.01,1.53
20100826,2.5,0.95,1.55
20100827,2.66,1.05,1.61
20100830,2.54,0.99,1.55
20100831,2.47,0.95,1.52
20100901,2.58,1.02,1.56
20100902,2.63,1.05,1.58
20100903,2.72,1.1,1.62
20100907,2.61,0.98,1.63
20100908,2.66,1.02,1.64
20100909,2.77,1.05,1.72
20100910,2.81,1.02,1.79
20100913,2.74,0.94,1.8
20100914,2.68,0.93,1.75
20100915,2.74,0.97,1.77
20100916,2.77,1.0,1.77
20100917,2.75,1.0,1.75
20100920,2.72,0.94,1.78
20100921,2.61,0.78,1.83
20100922,2.56,0.74,1.82
20100923,2.56,0.77,1.79
20100924,2.62,0.81,1.81
20100927,2.54,0.79,1.75
20100928,2.48,0.69,1.79
20100929,2.52,0.74,1.78
20100930,2.53,0.75,1.78
20101001,2.54,0.75,1.79
20101004,2.5,0.72,1.78
20101005,2.5,0.65,1.85
20101006,2.41,0.52,1.89
20101007,2.41,0.53,1.88
20101008,2.41,0.45,1.96
20101012,2.44,0.49,1.95
20101013,2.46,0.44,2.02
20101014,2.52,0.41,2.11
20101015,2.59,0.5,2.09
20101018,2.52,0.47,2.05
20101019,2.5,0.44,2.06
20101020,2.51,0.47,2.04
20101021,2.57,0.5,2.07
20101022,2.59,0.5,2.09
20101025,2.59,0.45,2.14
20101026,2.67,0.52,2.15
20101027,2.75,0.62,2.13
20101028,2.69,0.57,2.12
20101029,2.63,0.5,2.13
20101101,2.66,0.49,2.17
20101102,2.63,0.49,2.14
20101103,2.67,0.5,2.17
20101104,2.53,0.44,2.09
20101105,2.58,0.48,2.1
20101108,2.6,0.48,2.12
20101109,2.72,0.58,2.14
20101110,2.65,0.56,2.09
20101112,2.76,0.71,2.05
20101115,2.92,0.87,2.05
20101116,2.85,0.87,1.98
20101117,2.89,0.84,2.05
20101118,2.9,0.83,2.07
20101119,2.88,0.77,2.11
20101122,2.8,0.7,2.1
20101123,2.77,0.69,2.08
20101124,2.93,0.8,2.13
20101126,2.87,0.75,2.12
20101129,2.84,0.73,2.11
20101130,2.81,0.74,2.07
20101201,2.97,0.83,2.14
20101202,3.01,0.84,2.17
20101203,3.03,0.86,2.17
20101206,2.95,0.79,2.16
20101207,3.15,0.92,2.23
20101208,3.26,1.07,2.19
20101209,3.23,1.09,2.14
20101210,3.32,1.16,2.16
20101213,3.29,1.11,2.18
20101214,3.49,1.27,2.22
20101215,3.53,1.22,2.31
20101216,3.47,1.15,2.32
20101217,3.33,1.05,2.28
20101220,3.36,1.07,2.29
20101221,3.35,1.06,2.29
20101222,3.36,1.03,2.33
20101223,3.41,1.08,2.33
20101227,3.36,1.06,2.3
20101228,3.5,1.17,2.33
20101229,3.35,1.06,2.29
20101230,3.38,1.08,2.3
20101231,3.3,1.0,2.3
20110103,3.36,1.05,2.31
20110104,3.36,1.01,2.35
20110105,3.5,1.08,2.42
20110106,3.44,1.03,2.41
20110107,3.34,0.98,2.36
20110110,3.32,0.96,2.36
20110111,3.37,0.97,2.4
20110112,3.4,0.98,2.42
20110113,3.34,0.97,2.37
20110114,3.35,1.0,2.35
20110118,3.39,0.99,2.4
20110119,3.37,0.99,2.38
20110120,3.47,1.22,2.25
20110121,3.44,1.2,2.24
20110124,3.43,1.18,2.25
20110125,3.35,1.11,2.24
20110126,3.45,1.16,2.29
20110127,3.42,1.16,2.26
20110128,3.36,1.09,2.27
20110131,3.42,1.08,2.34
20110201,3.48,1.11,2.37
20110202,3.52,1.16,2.36
20110203,3.58,1.23,2.35
20110204,3.68,1.3,2.38
20110207,3.68,1.32,2.36
20110208,3.75,1.39,2.36
20110209,3.65,1.34,2.31
20110210,3.7,1.39,2.31
20110211,3.64,1.36,2.28
20110214,3.62,1.34,2.28
20110215,3.61,1.33,2.28
20110216,3.62,1.37,2.25
20110217,3.58,1.31,2.27
20110218,3.59,1.25,2.34
20110222,3.46,1.12,2.34
20110223,3.49,1.1,2.39
20110224,3.46,1.05,2.41
20110225,3.42,1.02,2.4
20110228,3.42,1.03,2.39
20110301,3.41,1.0,2.41
20110302,3.46,1.01,2.45
20110303,3.58,1.09,2.49
20110304,3.49,1.0,2.49
20110307,3.51,1.0,2.51
20110308,3.56,1.01,2.55
20110309,3.48,0.98,2.5
20110310,3.37,0.91,2.46
20110311,3.4,0.96,2.44
20110314,3.36,0.93,2.43
20110315,3.33,0.93,2.4
20110316,3.22,0.85,2.37
20110317,3.25,0.82,2.43
20110318,3.28,0.85,2.43
20110321,3.34,0.9,2.44
20110322,3.34,0.95,2.39
20110323,3.36,0.98,2.38
20110324,3.42,0.95,2.47
20110325,3.46,1.02,2.44
20110328,3.47,1.01,2.46
20110329,3.5,1.03,2.47
20110330,3.47,1.0,2.47
20110331,3.47,0.99,2.48
20110401,3.46,0.94,2.52
20110404,3.45,0.91,2.54
20110405,3.5,0.94,2.56
20110406,3.56,0.99,2.57
20110407,3.58,0.99,2.59
20110408,3.59,0.95,2.64
20110411,3.59,0.96,2.63
20110412,3.52,0.9,2.62
20110413,3.49,0.88,2.61
20110414,3.51,0.89,2.62
20110415,3.43,0.82,2.61
20110418,3.4,0.8,2.6
20110419,3.39,0.76,2.63
20110420,3.43,0.82,2.61
20110421,3.42,0.83,2.59
20110425,3.39,0.79,2.6
20110426,3.34,0.76,2.58
20110427,3.39,0.81,2.58
20110428,3.34,0.78,2.56
20110429,3.32,0.75,2.57
20110502,3.31,0.75,2.56
20110503,3.28,0.73,2.55
20110504,3.25,0.7,2.55
20110505,3.18,0.7,2.48
20110506,3.19,0.71,2.48
20110509,3.17,0.69,2.48
20110510,3.23,0.74,2.49
20110511,3.19,0.76,2.43
20110512,3.22,0.79,2.43
20110513,3.18,0.79,2.39
20110516,3.15,0.81,2.34
20110517,3.12,0.82,2.3
20110518,3.18,0.82,2.36
20110519,3.17,0.91,2.26
20110520,3.15,0.85,2.3
20110523,3.13,0.84,2.29
20110524,3.12,0.79,2.33
20110525,3.13,0.8,2.33
20110526,3.07,0.76,2.31
20110527,3.07,0.79,2.28
20110531,3.05,0.8,2.25
20110601,2.96,0.74,2.22
20110602,3.04,0.78,2.26
20110603,2.99,0.75,2.24
20110606,3.01,0.76,2.25
20110607,3.01,0.76,2.25
20110608,2.98,0.76,2.22
20110609,3.01,0.8,2.21
20110610,2.99,0.79,2.2
20110613,3.0,0.8,2.2
20110614,3.11,0.83,2.28
20110615,2.98,0.74,2.24
20110616,2.93,0.73,2.2
20110617,2.94,0.75,2.19
20110620,2.97,0.79,2.18
20110621,2.99,0.78,2.21
20110622,3.01,0.82,2.19
20110623,2.93,0.71,2.22
20110624,2.88,0.64,2.24
20110627,2.95,0.67,2.28
20110628,3.05,0.73,2.32
20110629,3.14,0.74,2.4
20110630,3.18,0.75,2.43
20110701,3.22,0.77,2.45
20110705,3.16,0.77,2.39
20110706,3.12,0.74,2.38
20110707,3.17,0.75,2.42
20110708,3.03,0.69,2.34
20110711,2.94,0.63,2.31
20110712,2.92,0.6,2.32
20110713,2.92,0.59,2.33
20110714,2.98,0.68,2.3
20110715,2.94,0.61,2.33
20110718,2.94,0.58,2.36
20110719,2.91,0.54,2.37
20110720,2.96,0.62,2.34
20110721,3.03,0.68,2.35
20110722,2.99,0.61,2.38
20110725,3.03,0.58,2.45
20110726,2.99,0.57,2.42
20110727,3.01,0.56,2.45
20110728,2.98,0.52,2.46
20110729,2.82,0.38,2.44
20110801,2.77,0.33,2.44
20110802,2.66,0.29,2.37
20110803,2.64,0.36,2.28
20110804,2.47,0.24,2.23
20110805,2.58,0.32,2.26
20110808,2.4,0.2,2.2
20110809,2.2,0.0,2.2
20110810,2.17,-0.13,2.3
20110811,2.34,0.06,2.28
20110812,2.24,-0.02,2.26
20110815,2.29,0.06,2.23
20110816,2.23,0.05,2.18
20110817,2.17,0.01,2.16
20110818,2.08,0.09,1.99
20110819,2.07,0.02,2.05
20110822,2.1,0.03,2.07
20110823,2.15,0.13,2.02
20110824,2.29,0.25,2.04
20110825,2.23,0.13,2.1
20110826,2.19,0.15,2.04
20110829,2.28,0.22,2.06
20110830,2.19,0.14,2.05
20110831,2.23,0.18,2.05
20110901,2.15,0.07,2.08
20110902,2.02,0.0,2.02
20110906,1.98,0.05,1.93
20110907,2.05,0.09,1.96
20110908,2.0,0.0,2.0
20110909,1.93,-0.03,1.96
20110912,1.94,0.0,1.94
20110913,2.0,0.07,1.93
20110914,2.03,0.12,1.91
20110915,2.09,0.13,1.96
20110916,2.08,0.13,1.95
20110919,1.97,0.09,1.88
20110920,1.95,0.04,1.91
20110921,1.88,0.02,1.86
20110922,1.72,0.01,1.71
20110923,1.84,0.1,1.74
20110926,1.91,0.12,1.79
20110927,2.0,0.12,1.88
20110928,2.03,0.16,1.87
20110929,1.99,0.17,1.82
20110930,1.92,0.17,1.75
20111003,1.8,0.07,1.73
20111004,1.81,0.05,1.76
20111005,1.92,0.12,1.8
20111006,2.01,0.13,1.88
20111007,2.1,0.16,1.94
20111011,2.18,0.23,1.95
20111012,2.24,0.26,1.98
20111013,2.19,0.27,1.92
20111014,2.26,0.28,1.98
20111017,2.18,0.24,1.94
20111018,2.19,0.22,1.97
20111019,2.18,0.23,1.95
20111020,2.2,0.22,1.98
20111021,2.23,0.23,2.0
20111024,2.25,0.23,2.02
20111025,2.14,0.12,2.02
20111026,2.23,0.15,2.08
20111027,2.42,0.24,2.18
20111028,2.34,0.19,2.15
20111031,2.17,0.08,2.09
20111101,2.01,-0.04,2.05
20111102,2.03,-0.07,2.1
20111103,2.09,0.0,2.09
20111104,2.06,-0.06,2.12
20111107,2.04,-0.1,2.14
20111108,2.1,-0.03,2.13
20111109,2.0,-0.04,2.04
20111110,2.04,-0.04,2.08
20111114,2.04,-0.01,2.05
20111115,2.06,0.04,2.02
20111116,2.01,0.05,1.96
20111117,1.96,0.06,1.9
20111118,2.01,0.05,1.96
20111121,1.97,0.07,1.9
20111122,1.94,0.05,1.89
20111123,1.89,-0.01,1.9
20111125,1.97,0.05,1.92
20111128,1.97,0.02,1.95
20111129,2.0,0.01,1.99
20111130,2.08,0.03,2.05
20111201,2.11,0.06,2.05
20111202,2.05,0.0,2.05
20111205,2.04,-0.01,2.05
20111206,2.08,0.01,2.07
20111207,2.02,-0.01,2.03
20111208,1.99,0.01,1.98
20111209,2.07,0.05,2.02
20111212,2.03,-0.01,2.04
20111213,1.96,-0.05,2.01
20111214,1.92,-0.04,1.96
20111215,1.92,-0.01,1.93
20111216,1.86,-0.05,1.91
20111219,1.82,-0.12,1.94
20111220,1.94,-0.1,2.04
20111221,1.98,-0.07,2.05
20111222,1.97,-0.07,2.04
20111223,2.03,-0.04,2.07
20111227,2.02,-0.02,2.04
20111228,1.93,-0.07,2.0
20111229,1.91,-0.05,1.96
20111230,1.89,-0.07,1.96
20120103,1.97,-0.04,2.01
20120104,2.0,-0.08,2.08
20120105,2.02,-0.1,2.12
20120106,1.98,-0.11,2.09
20120109,1.98,-0.13,2.11
20120110,2.0,-0.08,2.08
20120111,1.93,-0.1,2.03
20120112,1.94,-0.1,2.04
20120113,1.89,-0.14,2.03
20120117,1.87,-0.17,2.04
20120118,1.92,-0.15,2.07
20120119,2.01,0.0,2.01
20120120,2.05,0.01,2.04
20120123,2.09,0.02,2.07
20120124,2.08,-0.01,2.09
20120125,2.01,-0.12,2.13
20120126,1.96,-0.16,2.12
20120127,1.93,-0.18,2.11
20120130,1.87,-0.24,2.11
20120131,1.83,-0.28,2.11
20120201,1.87,-0.28,2.15
20120202,1.86,-0.3,2.16
20120203,1.97,-0.21,2.18
20120206,1.93,-0.26,2.19
20120207,2.0,-0.21,2.21
20120208,2.01,-0.21,2.22
20120209,2.04,-0.17,2.21
20120210,1.96,-0.24,2.2
20120213,1.99,-0.22,2.21
20120214,1.92,-0.27,2.19
20120215,1.93,-0.26,2.19
20120216,1.99,-0.24,2.23
20120217,2.01,-0.23,2.24
20120221,2.05,-0.22,2.27
20120222,2.01,-0.27,2.28
20120223,1.99,-0.3,2.29
20120224,1.98,-0.29,2.27
20120227,1.92,-0.32,2.24
20120228,1.94,-0.31,2.25
20120229,1.98,-0.28,2.26
20120301,2.03,-0.23,2.26
20120302,1.99,-0.24,2.23
20120305,2.0,-0.2,2.2
20120306,1.96,-0.21,2.17
20120307,1.98,-0.22,2.2
20120308,2.03,-0.21,2.24
20120309,2.04,-0.24,2.28
20120312,2.04,-0.24,2.28
20120313,2.14,-0.2,2.34
20120314,2.29,-0.07,2.36
20120315,2.29,-0.08,2.37
20120316,2.31,-0.09,2.4
20120319,2.39,-0.03,2.42
20120320,2.38,-0.04,2.42
20120321,2.31,-0.08,2.39
20120322,2.29,-0.08,2.37
20120323,2.25,-0.11,2.36
20120326,2.26,-0.08,2.34
20120327,2.2,-0.13,2.33
20120328,2.21,-0.11,2.32
20120329,2.18,-0.13,2.31
20120330,2.23,-0.09,2.32
20120402,2.22,-0.14,2.36
20120403,2.3,-0.06,2.36
20120404,2.25,-0.05,2.3
20120405,2.19,-0.08,2.27
20120406,2.07,-0.16,2.23
20120409,2.06,-0.17,2.23
20120410,2.01,-0.24,2.25
20120411,2.05,-0.25,2.3
20120412,2.08,-0.22,2.3
20120413,2.02,-0.25,2.27
20120416,2.0,-0.26,2.26
20120417,2.03,-0.26,2.29
20120418,2.0,-0.26,2.26
20120419,1.98,-0.21,2.19
20120420,1.99,-0.24,2.23
20120423,1.96,-0.26,2.22
20120424,2.0,-0.25,2.25
20120425,2.01,-0.24,2.25
20120426,1.98,-0.29,2.27
20120427,1.96,-0.3,2.26
20120430,1.95,-0.3,2.25
20120501,1.98,-0.28,2.26
20120502,1.96,-0.28,2.24
20120503,1.96,-0.27,2.23
20120504,1.91,-0.3,2.21
20120507,1.92,-0.27,2.19
20120508,1.88,-0.28,2.16
20120509,1.87,-0.27,2.14
20120510,1.89,-0.25,2.14
20120511,1.84,-0.28,2.12
20120514,1.78,-0.33,2.11
20120515,1.76,-0.36,2.12
20120516,1.76,-0.33,2.09
20120517,1.7,-0.35,2.05
20120518,1.71,-0.39,2.1
20120521,1.75,-0.41,2.16
20120522,1.79,-0.38,2.17
20120523,1.73,-0.41,2.14
20120524,1.77,-0.37,2.14
20120525,1.75,-0.38,2.13
20120529,1.74,-0.37,2.11
20120530,1.63,-0.45,2.08
20120531,1.59,-0.5,2.09
20120601,1.47,-0.59,2.06
20120604,1.53,-0.56,2.09
20120605,1.57,-0.56,2.13
20120606,1.66,-0.5,2.16
20120607,1.66,-0.49,2.15
20120608,1.65,-0.5,2.15
20120611,1.6,-0.53,2.13
20120612,1.67,-0.48,2.15
20120613,1.61,-0.51,2.12
20120614,1.64,-0.47,2.11
20120615,1.6,-0.54,2.14
20120618,1.59,-0.54,2.13
20120619,1.64,-0.53,2.17
20120620,1.65,-0.51,2.16
20120621,1.63,-0.47,2.1
20120622,1.69,-0.42,2.11
20120625,1.63,-0.47,2.1
20120626,1.66,-0.45,2.11
20120627,1.65,-0.45,2.1
20120628,1.6,-0.48,2.08
20120629,1.67,-0.46,2.13
20120702,1.61,-0.5,2.11
20120703,1.65,-0.48,2.13
20120705,1.62,-0.51,2.13
20120706,1.57,-0.53,2.1
20120709,1.53,-0.57,2.1
20120710,1.53,-0.59,2.12
20120711,1.54,-0.57,2.11
20120712,1.5,-0.58,2.08
20120713,1.52,-0.59,2.11
20120716,1.5,-0.61,2.11
20120717,1.53,-0.59,2.12
20120718,1.52,-0.6,2.12
20120719,1.54,-0.62,2.16
20120720,1.49,-0.67,2.16
20120723,1.47,-0.68,2.15
20120724,1.44,-0.68,2.12
20120725,1.43,-0.67,2.1
20120726,1.45,-0.66,2.11
20120727,1.58,-0.61,2.19
20120730,1.53,-0.64,2.17
20120731,1.51,-0.69,2.2
20120801,1.56,-0.67,2.23
20120802,1.51,-0.69,2.2
20120803,1.6,-0.66,2.26
20120806,1.59,-0.68,2.27
20120807,1.66,-0.65,2.31
20120808,1.68,-0.61,2.29
20120809,1.69,-0.58,2.27
20120810,1.65,-0.6,2.25
20120813,1.65,-0.58,2.23
20120814,1.73,-0.53,2.26
20120815,1.8,-0.45,2.25
20120816,1.83,-0.42,2.25
20120817,1.81,-0.43,2.24
20120820,1.82,-0.43,2.25
20120821,1.8,-0.45,2.25
20120822,1.71,-0.55,2.26
20120823,1.68,-0.62,2.3
20120824,1.68,-0.6,2.28
20120827,1.65,-0.64,2.29
20120828,1.64,-0.68,2.32
20120829,1.66,-0.64,2.3
20120830,1.63,-0.63,2.26
20120831,1.57,-0.68,2.25
20120904,1.59,-0.68,2.27
20120905,1.6,-0.69,2.29
20120906,1.68,-0.63,2.31
20120907,1.67,-0.68,2.35
20120910,1.68,-0.68,2.36
20120911,1.7,-0.68,2.38
20120912,1.77,-0.61,2.38
20120913,1.75,-0.72,2.47
20120914,1.88,-0.76,2.64
20120917,1.85,-0.74,2.59
20120918,1.82,-0.73,2.55
20120919,1.79,-0.75,2.54
20120920,1.8,-0.7,2.5
20120921,1.77,-0.71,2.48
20120924,1.74,-0.73,2.47
20120925,1.7,-0.74,2.44
20120926,1.64,-0.77,2.41
20120927,1.66,-0.78,2.44
20120928,1.65,-0.77,2.42
20121001,1.64,-0.78,2.42
20121002,1.64,-0.83,2.47
20121003,1.64,-0.83,2.47
20121004,1.7,-0.86,2.56
20121005,1.75,-0.82,2.57
20121009,1.74,-0.81,2.55
20121010,1.72,-0.8,2.52
20121011,1.7,-0.77,2.47
20121012,1.69,-0.78,2.47
20121015,1.7,-0.78,2.48
20121016,1.75,-0.71,2.46
20121017,1.83,-0.65,2.48
20121018,1.86,-0.66,2.52
20121019,1.79,-0.71,2.5
20121022,1.83,-0.7,2.53
20121023,1.79,-0.71,2.5
20121024,1.8,-0.69,2.49
20121025,1.86,-0.63,2.49
20121026,1.78,-0.69,2.47
20121029,1.74,-0.73,2.47
20121031,1.72,-0.78,2.5
20121101,1.75,-0.77,2.52
20121102,1.75,-0.73,2.48
20121105,1.72,-0.75,2.47
20121106,1.78,-0.72,2.5
20121107,1.68,-0.8,2.48
20121108,1.62,-0.85,2.47
20121109,1.61,-0.83,2.44
20121113,1.59,-0.84,2.43
20121114,1.59,-0.81,2.4
20121115,1.58,-0.8,2.38
20121116,1.58,-0.81,2.39
20121119,1.61,-0.78,2.39
20121120,1.66,-0.74,2.4
20121121,1.69,-0.71,2.4
20121123,1.7,-0.72,2.42
20121126,1.66,-0.73,2.39
20121127,1.64,-0.74,2.38
20121128,1.63,-0.75,2.38
20121129,1.62,-0.78,2.4
20121130,1.62,-0.79,2.41
20121203,1.63,-0.81,2.44
20121204,1.62,-0.83,2.45
20121205,1.6,-0.85,2.45
20121206,1.59,-0.87,2.46
20121207,1.64,-0.86,2.5
20121210,1.63,-0.87,2.5
20121211,1.66,-0.84,2.5
20121212,1.72,-0.79,2.51
20121213,1.74,-0.73,2.47
20121214,1.72,-0.74,2.46
20121217,1.78,-0.7,2.48
20121218,1.84,-0.67,2.51
20121219,1.82,-0.66,2.48
20121220,1.81,-0.69,2.5
20121221,1.77,-0.71,2.48
20121224,1.79,-0.69,2.48
20121226,1.77,-0.71,2.48
20121227,1.74,-0.73,2.47
20121228,1.73,-0.73,2.46
20121231,1.78,-0.67,2.45
20130102,1.86,-0.62,2.48
20130103,1.92,-0.54,2.46
20130104,1.93,-0.55,2.48
20130107,1.92,-0.6,2.52
20130108,1.89,-0.6,2.49
20130109,1.88,-0.64,2.52
20130110,1.91,-0.62,2.53
20130111,1.89,-0.63,2.52
20130114,1.89,-0.66,2.55
20130115,1.86,-0.66,2.52
20130116,1.84,-0.65,2.49
20130117,1.89,-0.64,2.53
20130118,1.87,-0.66,2.53
20130122,1.86,-0.68,2.54
20130123,1.86,-0.66,2.52
20130124,1.88,-0.62,2.5
20130125,1.98,-0.56,2.54
20130128,2.0,-0.55,2.55
20130129,2.03,-0.53,2.56
20130130,2.03,-0.54,2.57
20130131,2.02,-0.57,2.59
20130201,2.04,-0.55,2.59
20130204,2.0,-0.59,2.59
20130205,2.04,-0.55,2.59
20130206,2.0,-0.58,2.58
20130207,1.99,-0.58,2.57
20130208,1.99,-0.57,2.56
20130211,1.99,-0.58,2.57
20130212,2.02,-0.57,2.59
20130213,2.05,-0.54,2.59
20130214,2.0,-0.56,2.56
20130215,2.01,-0.53,2.54
20130219,2.03,-0.52,2.55
20130220,2.02,-0.52,2.54
20130221,1.99,-0.54,2.53
20130222,1.97,-0.57,2.54
20130225,1.88,-0.62,2.5
20130226,1.88,-0.62,2.5
20130227,1.91,-0.61,2.52
20130228,1.89,-0.64,2.53
20130301,1.86,-0.67,2.53
20130304,1.88,-0.65,2.53
20130305,1.9,-0.65,2.55
20130306,1.95,-0.61,2.56
20130307,2.0,-0.56,2.56
20130308,2.06,-0.5,2.56
20130311,2.07,-0.5,2.57
20130312,2.03,-0.52,2.55
20130313,2.04,-0.52,2.56
20130314,2.04,-0.53,2.57
20130315,2.01,-0.55,2.56
20130318,1.96,-0.6,2.56
20130319,1.92,-0.61,2.53
20130320,1.96,-0.57,2.53
20130321,1.95,-0.57,2.52
20130322,1.93,-0.6,2.53
20130325,1.93,-0.6,2.53
20130326,1.92,-0.61,2.53
20130327,1.87,-0.64,2.51
20130328,1.87,-0.64,2.51
20130401,1.86,-0.65,2.51
20130402,1.88,-0.63,2.51
20130403,1.83,-0.65,2.48
20130404,1.78,-0.7,2.48
20130405,1.72,-0.74,2.46
20130408,1.76,-0.69,2.45
20130409,1.78,-0.67,2.45
20130410,1.84,-0.6,2.44
20130411,1.82,-0.65,2.47
20130412,1.75,-0.68,2.43
20130415,1.72,-0.69,2.41
20130416,1.75,-0.65,2.4
20130417,1.73,-0.64,2.37
20130418,1.72,-0.55,2.27
20130419,1.73,-0.59,2.32
20130422,1.72,-0.63,2.35
20130423,1.74,-0.64,2.38
20130424,1.73,-0.65,2.38
20130425,1.74,-0.66,2.4
20130426,1.7,-0.68,2.38
20130429,1.7,-0.67,2.37
20130430,1.7,-0.64,2.34
20130501,1.66,-0.64,2.3
20130502,1.66,-0.62,2.28
20130503,1.78,-0.53,2.31
20130506,1.8,-0.51,2.31
20130507,1.82,-0.5,2.32
20130508,1.81,-0.48,2.29
20130509,1.81,-0.5,2.31
20130510,1.9,-0.45,2.35
20130513,1.92,-0.41,2.33
20130514,1.96,-0.37,2.33
20130515,1.94,-0.36,2.3
20130516,1.87,-0.4,2.27
20130517,1.95,-0.31,2.26
20130520,1.97,-0.31,2.28
20130521,1.94,-0.34,2.28
20130522,2.03,-0.24,2.27
20130523,2.02,-0.24,2.26
20130524,2.01,-0.26,2.27
20130528,2.15,-0.14,2.29
20130529,2.13,-0.1,2.23
20130530,2.13,-0.05,2.18
20130531,2.16,-0.05,2.21
20130603,2.13,-0.07,2.2
20130604,2.14,-0.05,2.19
20130605,2.1,-0.06,2.16
20130606,2.08,-0.05,2.13
20130607,2.17,0.03,2.14
20130610,2.22,0.11,2.11
20130611,2.2,0.13,2.07
20130612,2.25,0.21,2.04
20130613,2.19,0.15,2.04
20130614,2.14,0.09,2.05
20130617,2.19,0.15,2.04
20130618,2.2,0.14,2.06
20130619,2.33,0.29,2.04
20130620,2.41,0.46,1.95
20130621,2.52,0.59,1.93
20130624,2.57,0.64,1.93
20130625,2.6,0.64,1.96
20130626,2.55,0.6,1.95
20130627,2.49,0.5,1.99
20130628,2.52,0.53,1.99
20130701,2.5,0.48,2.02
20130702,2.48,0.44,2.04
20130703,2.52,0.48,2.04
20130705,2.73,0.66,2.07
20130708,2.65,0.58,2.07
20130709,2.65,0.59,2.06
20130710,2.7,0.64,2.06
20130711,2.6,0.56,2.04
20130712,2.61,0.55,2.06
20130715,2.57,0.47,2.1
20130716,2.55,0.41,2.14
20130717,2.52,0.38,2.14
20130718,2.56,0.38,2.18
20130719,2.5,0.29,2.21
20130722,2.5,0.28,2.22
20130723,2.53,0.33,2.2
20130724,2.61,0.44,2.17
20130725,2.61,0.44,2.17
20130726,2.58,0.43,2.15
20130729,2.61,0.45,2.16
20130730,2.63,0.46,2.17
20130731,2.6,0.38,2.22
20130801,2.74,0.48,2.26
20130802,2.63,0.42,2.21
20130805,2.67,0.42,2.25
20130806,2.67,0.39,2.28
20130807,2.61,0.35,2.26
20130808,2.58,0.34,2.24
20130809,2.57,0.33,2.24
20130812,2.61,0.37,2.24
20130813,2.71,0.48,2.23
20130814,2.71,0.5,2.21
20130815,2.77,0.6,2.17
20130816,2.84,0.68,2.16
20130819,2.88,0.75,2.13
20130820,2.82,0.67,2.15
20130821,2.87,0.73,2.14
20130822,2.9,0.79,2.11
20130823,2.82,0.69,2.13
20130826,2.79,0.64,2.15
20130827,2.72,0.57,2.15
20130828,2.78,0.63,2.15
20130829,2.75,0.65,2.1
20130830,2.78,0.68,2.1
20130903,2.86,0.76,2.1
20130904,2.9,0.83,2.07
20130905,2.98,0.92,2.06
20130906,2.94,0.87,2.07
20130909,2.9,0.84,2.06
20130910,2.96,0.86,2.1
20130911,2.93,0.8,2.13
20130912,2.92,0.81,2.11
20130913,2.9,0.8,2.1
20130916,2.88,0.76,2.12
20130917,2.86,0.7,2.16
20130918,2.69,0.49,2.2
20130919,2.76,0.55,2.21
20130920,2.75,0.52,2.23
20130923,2.72,0.46,2.26
20130924,2.67,0.48,2.19
20130925,2.63,0.45,2.18
20130926,2.66,0.47,2.19
20130927,2.64,0.46,2.18
20130930,2.64,0.45,2.19
20131001,2.66,0.46,2.2
20131002,2.63,0.43,2.2
20131003,2.62,0.43,2.19
20131004,2.66,0.46,2.2
20131007,2.65,0.45,2.2
20131008,2.66,0.48,2.18
20131009,2.68,0.47,2.21
20131010,2.71,0.5,2.21
20131011,2.7,0.5,2.2
20131015,2.75,0.54,2.21
20131016,2.69,0.5,2.19
20131017,2.61,0.45,2.16
20131018,2.6,0.42,2.18
20131021,2.63,0.44,2.19
20131022,2.54,0.37,2.17
20131023,2.51,0.36,2.15
20131024,2.53,0.36,2.17
20131025,2.53,0.34,2.19
20131028,2.54,0.35,2.19
20131029,2.53,0.35,2.18
20131030,2.55,0.37,2.18
20131031,2.57,0.4,2.17
20131101,2.65,0.5,2.15
20131104,2.63,0.5,2.13
20131105,2.69,0.55,2.14
20131106,2.67,0.48,2.19
20131107,2.63,0.46,2.17
20131108,2.77,0.59,2.18
20131112,2.8,0.62,2.18
20131113,2.75,0.58,2.17
20131114,2.69,0.51,2.18
20131115,2.71,0.53,2.18
20131118,2.67,0.48,2.19
20131119,2.71,0.53,2.18
20131120,2.8,0.64,2.16
20131121,2.79,0.6,2.19
20131122,2.75,0.56,2.19
20131125,2.74,0.56,2.18
20131126,2.71,0.54,2.17
20131127,2.74,0.58,2.16
20131129,2.75,0.6,2.15
20131202,2.81,0.66,2.15
20131203,2.79,0.64,2.15
20131204,2.84,0.73,2.11
20131205,2.88,0.76,2.12
20131206,2.88,0.77,2.11
20131209,2.86,0.74,2.12
20131210,2.81,0.69,2.12
20131211,2.86,0.71,2.15
20131212,2.89,0.75,2.14
20131213,2.88,0.72,2.16
20131216,2.89,0.71,2.18
20131217,2.85,0.67,2.18
20131218,2.89,0.72,2.17
20131219,2.94,0.79,2.15
20131220,2.89,0.73,2.16
20131223,2.94,0.76,2.18
20131224,2.99,0.8,2.19
20131226,3.0,0.8,2.2
20131227,3.02,0.8,2.22
20131230,2.99,0.76,2.23
20131231,3.04,0.8,2.24
20140102,3.0,0.74,2.26
20140103,3.01,0.75,2.26
20140106,2.98,0.72,2.26
20140107,2.96,0.7,2.26
20140108,3.01,0.72,2.29
20140109,2.97,0.66,2.31
20140110,2.88,0.59,2.29
20140113,2.84,0.57,2.27
20140114,2.88,0.62,2.26
20140115,2.9,0.62,2.28
20140116,2.86,0.61,2.25
20140117,2.84,0.58,2.26
20140121,2.85,0.59,2.26
20140122,2.87,0.62,2.25
20140123,2.79,0.66,2.13
20140124,2.75,0.61,2.14
20140127,2.78,0.64,2.14
20140128,2.77,0.62,2.15
20140129,2.69,0.55,2.14
20140130,2.72,0.57,2.15
20140131,2.67,0.53,2.14
20140203,2.61,0.47,2.14
20140204,2.64,0.51,2.13
20140205,2.7,0.56,2.14
20140206,2.73,0.57,2.16
20140207,2.71,0.53,2.18
20140210,2.7,0.51,2.19
20140211,2.75,0.56,2.19
20140212,2.8,0.59,2.21
20140213,2.73,0.56,2.17
20140214,2.75,0.59,2.16
20140218,2.71,0.57,2.14
20140219,2.73,0.6,2.13
20140220,2.76,0.63,2.13
20140221,2.73,0.61,2.12
20140224,2.75,0.59,2.16
20140225,2.7,0.55,2.15
20140226,2.67,0.51,2.16
20140227,2.65,0.49,2.16
20140228,2.66,0.49,2.17
20140303,2.6,0.44,2.16
20140304,2.7,0.52,2.18
20140305,2.7,0.52,2.18
20140306,2.74,0.53,2.21
20140307,2.8,0.57,2.23
20140310,2.79,0.57,2.22
20140311,2.77,0.57,2.2
20140312,2.73,0.54,2.19
20140313,2.66,0.49,2.17
20140314,2.65,0.48,2.17
20140317,2.7,0.52,2.18
20140318,2.68,0.5,2.18
20140319,2.78,0.62,2.16
20140320,2.79,0.66,2.13
20140321,2.75,0.61,2.14
20140324,2.74,0.59,2.15
20140325,2.75,0.61,2.14
20140326,2.71,0.57,2.14
20140327,2.69,0.56,2.13
20140328,2.73,0.6,2.13
20140331,2.73,0.6,2.13
20140401,2.77,0.63,2.14
20140402,2.82,0.68,2.14
20140403,2.8,0.66,2.14
20140404,2.74,0.61,2.13
20140407,2.71,0.59,2.12
20140408,2.69,0.58,2.11
20140409,2.71,0.57,2.14
20140410,2.65,0.51,2.14
20140411,2.63,0.5,2.13
20140414,2.65,0.52,2.13
20140415,2.64,0.5,2.14
20140416,2.65,0.48,2.17
20140417,2.73,0.52,2.21
20140421,2.73,0.53,2.2
20140422,2.73,0.52,2.21
20140423,2.7,0.49,2.21
20140424,2.7,0.49,2.21
20140425,2.68,0.48,2.2
20140428,2.7,0.52,2.18
20140429,2.71,0.53,2.18
20140430,2.67,0.49,2.18
20140501,2.63,0.43,2.2
20140502,2.6,0.41,2.19
20140505,2.63,0.45,2.18
20140506,2.61,0.45,2.16
20140507,2.62,0.42,2.2
20140508,2.61,0.42,2.19
20140509,2.62,0.44,2.18
20140512,2.66,0.48,2.18
20140513,2.61,0.45,2.16
20140514,2.54,0.37,2.17
20140515,2.5,0.31,2.19
20140516,2.52,0.34,2.18
20140519,2.54,0.37,2.17
20140520,2.52,0.35,2.17
20140521,2.54,0.36,2.18
20140522,2.56,0.35,2.21
20140523,2.54,0.32,2.22
20140527,2.52,0.31,2.21
20140528,2.44,0.22,2.22
20140529,2.45,0.22,2.23
20140530,2.48,0.26,2.22
20140602,2.54,0.32,2.22
20140603,2.6,0.41,2.19
20140604,2.61,0.44,2.17
20140605,2.59,0.41,2.18
20140606,2.6,0.4,2.2
20140609,2.62,0.41,2.21
20140610,2.64,0.43,2.21
20140611,2.65,0.43,2.22
20140612,2.58,0.39,2.19
20140613,2.6,0.41,2.19
20140616,2.61,0.41,2.2
20140617,2.66,0.43,2.23
20140618,2.61,0.38,2.23
20140619,2.64,0.39,2.25
20140620,2.63,0.35,2.28
20140623,2.63,0.35,2.28
20140624,2.59,0.31,2.28
20140625,2.57,0.29,2.28
20140626,2.53,0.26,2.27
20140627,2.54,0.27,2.27
20140630,2.53,0.27,2.26
20140701,2.58,0.32,2.26
20140702,2.64,0.38,2.26
20140703,2.65,0.37,2.28
20140707,2.63,0.36,2.27
20140708,2.58,0.31,2.27
20140709,2.57,0.28,2.29
20140710,2.55,0.27,2.28
20140711,2.53,0.25,2.28
20140714,2.55,0.28,2.27
20140715,2.56,0.31,2.25
20140716,2.55,0.32,2.23
20140717,2.47,0.24,2.23
20140718,2.5,0.26,2.24
20140721,2.49,0.25,2.24
20140722,2.48,0.25,2.23
20140723,2.48,0.25,2.23
20140724,2.52,0.25,2.27
20140725,2.48,0.2,2.28
20140728,2.5,0.22,2.28
20140729,2.47,0.2,2.27
20140730,2.57,0.29,2.28
20140731,2.58,0.29,2.29
20140801,2.52,0.25,2.27
20140804,2.51,0.26,2.25
20140805,2.49,0.25,2.24
20140806,2.49,0.24,2.25
20140807,2.43,0.19,2.24
20140808,2.44,0.19,2.25
20140811,2.44,0.19,2.25
20140812,2.46,0.22,2.24
20140813,2.43,0.2,2.23
20140814,2.4,0.19,2.21
20140815,2.34,0.16,2.18
20140818,2.39,0.21,2.18
20140819,2.4,0.23,2.17
20140820,2.43,0.26,2.17
20140821,2.41,0.24,2.17
20140822,2.4,0.26,2.14
20140825,2.39,0.24,2.15
20140826,2.39,0.25,2.14
20140827,2.37,0.23,2.14
20140828,2.34,0.21,2.13
20140829,2.35,0.23,2.12
20140902,2.42,0.27,2.15
20140903,2.41,0.24,2.17
20140904,2.45,0.28,2.17
20140905,2.46,0.31,2.15
20140908,2.48,0.35,2.13
20140909,2.5,0.39,2.11
20140910,2.54,0.44,2.1
20140911,2.54,0.42,2.12
20140912,2.62,0.49,2.13
20140915,2.6,0.47,2.13
20140916,2.6,0.48,2.12
20140917,2.62,0.56,2.06
20140918,2.63,0.61,2.02
20140919,2.59,0.56,2.03
20140922,2.57,0.58,1.99
20140923,2.54,0.52,2.02
20140924,2.57,0.54,2.03
20140925,2.52,0.5,2.02
20140926,2.54,0.57,1.97
20140929,2.5,0.55,1.95
20140930,2.52,0.55,1.97
20141001,2.42,0.46,1.96
20141002,2.44,0.49,1.95
20141003,2.45,0.52,1.93
20141006,2.43,0.5,1.93
20141007,2.36,0.44,1.92
20141008,2.35,0.39,1.96
20141009,2.34,0.37,1.97
20141010,2.31,0.35,1.96
20141014,2.21,0.29,1.92
20141015,2.15,0.29,1.86
20141016,2.17,0.28,1.89
20141017,2.22,0.3,1.92
20141020,2.2,0.29,1.91
20141021,2.23,0.33,1.9
20141022,2.25,0.34,1.91
20141023,2.29,0.38,1.91
20141024,2.29,0.39,1.9
20141027,2.27,0.38,1.89
20141028,2.3,0.39,1.91
20141029,2.34,0.42,1.92
20141030,2.32,0.42,1.9
20141031,2.35,0.43,1.92
20141103,2.36,0.43,1.93
20141104,2.35,0.43,1.92
20141105,2.36,0.43,1.93
20141106,2.39,0.45,1.94
20141107,2.32,0.38,1.94
20141110,2.38,0.44,1.94
20141112,2.37,0.46,1.91
20141113,2.35,0.47,1.88
20141114,2.32,0.43,1.89
20141117,2.34,0.48,1.86
20141118,2.32,0.48,1.84
20141119,2.36,0.53,1.83
20141120,2.34,0.49,1.85
20141121,2.31,0.45,1.86
20141124,2.3,0.44,1.86
20141125,2.27,0.42,1.85
20141126,2.24,0.42,1.82
20141128,2.18,0.39,1.79
20141201,2.22,0.43,1.79
20141202,2.28,0.51,1.77
20141203,2.29,0.5,1.79
20141204,2.25,0.48,1.77
20141205,2.31,0.56,1.75
20141208,2.26,0.55,1.71
20141209,2.22,0.49,1.73
20141210,2.18,0.47,1.71
20141211,2.19,0.49,1.7
20141212,2.1,0.46,1.64
20141215,2.12,0.5,1.62
20141216,2.07,0.42,1.65
20141217,2.14,0.49,1.65
20141218,2.22,0.57,1.65
20141219,2.17,0.49,1.68
20141222,2.17,0.47,1.7
20141223,2.26,0.56,1.7
20141224,2.27,0.59,1.68
20141226,2.25,0.58,1.67
20141229,2.22,0.57,1.65
20141230,2.2,0.56,1.64
20141231,2.17,0.49,1.68
20150102,2.12,0.41,1.71
20150105,2.04,0.4,1.64
20150106,1.97,0.41,1.56
20150107,1.96,0.39,1.57
20150108,2.03,0.41,1.62
20150109,1.98,0.36,1.62
20150112,1.92,0.35,1.57
20150113,1.91,0.37,1.54
20150114,1.86,0.29,1.57
20150115,1.77,0.19,1.58
20150116,1.83,0.23,1.6
20150120,1.82,0.23,1.59
20150121,1.87,0.26,1.61
20150122,1.9,0.29,1.61
20150123,1.81,0.21,1.6
20150126,1.83,0.22,1.61
20150127,1.83,0.17,1.66
20150128,1.73,0.12,1.61
20150129,1.77,0.15,1.62
20150130,1.68,0.03,1.65
20150202,1.68,0.03,1.65
20150203,1.79,0.09,1.7
20150204,1.81,0.1,1.71
20150205,1.83,0.13,1.7
20150206,1.95,0.24,1.71
20150209,1.96,0.25,1.71
20150210,2.01,0.31,1.7
20150211,2.0,0.32,1.68
20150212,1.99,0.33,1.66
20150213,2.02,0.34,1.68
20150217,2.14,0.43,1.71
20150218,2.07,0.36,1.71
20150219,2.11,0.37,1.74
20150220,2.13,0.38,1.75
20150223,2.06,0.34,1.72
20150224,1.99,0.27,1.72
20150225,1.96,0.24,1.72
20150226,2.03,0.24,1.79
20150227,2.0,0.17,1.83
20150302,2.08,0.25,1.83
20150303,2.12,0.26,1.86
20150304,2.12,0.25,1.87
20150305,2.11,0.27,1.84
20150306,2.24,0.41,1.83
20150309,2.2,0.44,1.76
20150310,2.14,0.41,1.73
20150311,2.11,0.39,1.72
20150312,2.1,0.39,1.71
20150313,2.13,0.44,1.69
20150316,2.1,0.45,1.65
20150317,2.06,0.42,1.64
20150318,1.93,0.23,1.7
20150319,1.98,0.19,1.79
20150320,1.93,0.17,1.76
20150323,1.92,0.17,1.75
20150324,1.88,0.11,1.77
20150325,1.93,0.12,1.81
20150326,2.01,0.21,1.8
20150327,1.95,0.19,1.76
20150330,1.96,0.23,1.73
20150331,1.94,0.18,1.76
20150401,1.87,0.07,1.8
20150402,1.92,0.11,1.81
20150403,1.85,0.02,1.83
20150406,1.92,0.07,1.85
20150407,1.89,0.04,1.85
20150408,1.92,0.08,1.84
20150409,1.97,0.13,1.84
20150410,1.96,0.14,1.82
20150413,1.94,0.14,1.8
20150414,1.9,0.1,1.8
20150415,1.91,0.07,1.84
20150416,1.9,0.05,1.85
20150417,1.87,-0.02,1.89
20150420,1.9,0.01,1.89
20150421,1.92,0.06,1.86
20150422,1.99,0.12,1.87
20150423,1.96,0.07,1.89
20150424,1.93,0.04,1.89
20150427,1.94,0.03,1.91
20150428,2.0,0.11,1.89
20150429,2.06,0.14,1.92
20150430,2.05,0.11,1.94
20150501,2.12,0.18,1.94
20150504,2.16,0.24,1.92
20150505,2.19,0.25,1.94
20150506,2.25,0.34,1.91
20150507,2.18,0.3,1.88
20150508,2.16,0.28,1.88
20150511,2.28,0.4,1.88
20150512,2.28,0.4,1.88
20150513,2.27,0.41,1.86
20150514,2.23,0.36,1.87
20150515,2.14,0.31,1.83
20150518,2.23,0.37,1.86
20150519,2.27,0.42,1.85
20150520,2.26,0.38,1.88
20150521,2.19,0.35,1.84
20150522,2.21,0.34,1.87
20150526,2.14,0.32,1.82
20150527,2.14,0.34,1.8
20150528,2.13,0.33,1.8
20150529,2.12,0.32,1.8
20150601,2.19,0.39,1.8
20150602,2.27,0.44,1.83
20150603,2.38,0.55,1.83
20150604,2.31,0.5,1.81
20150605,2.41,0.55,1.86
20150608,2.39,0.54,1.85
20150609,2.42,0.56,1.86
20150610,2.5,0.63,1.87
20150611,2.39,0.56,1.83
20150612,2.39,0.55,1.84
20150615,2.36,0.51,1.85
20150616,2.32,0.44,1.88
20150617,2.32,0.42,1.9
20150618,2.35,0.46,1.89
20150619,2.26,0.4,1.86
20150622,2.37,0.47,1.9
20150623,2.42,0.5,1.92
20150624,2.38,0.48,1.9
20150625,2.4,0.49,1.91
20150626,2.49,0.57,1.92
20150629,2.33,0.46,1.87
20150630,2.35,0.48,1.87
20150701,2.43,0.54,1.89
20150702,2.4,0.49,1.91
20150706,2.3,0.43,1.87
20150707,2.27,0.4,1.87
20150708,2.22,0.39,1.83
20150709,2.32,0.47,1.85
20150710,2.42,0.55,1.87
20150713,2.44,0.58,1.86
20150714,2.41,0.56,1.85
20150715,2.36,0.52,1.84
20150716,2.36,0.52,1.84
20150717,2.34,0.51,1.83
20150720,2.38,0.56,1.82
20150721,2.35,0.53,1.82
20150722,2.33,0.53,1.8
20150723,2.28,0.49,1.79
20150724,2.27,0.51,1.76
20150727,2.23,0.5,1.73
20150728,2.26,0.51,1.75
20150729,2.29,0.52,1.77
20150730,2.28,0.51,1.77
20150731,2.2,0.46,1.74
20150803,2.16,0.46,1.7
20150804,2.23,0.52,1.71
20150805,2.28,0.58,1.7
20150806,2.23,0.56,1.67
20150807,2.18,0.52,1.66
20150810,2.24,0.55,1.69
20150811,2.15,0.49,1.66
20150812,2.14,0.52,1.62
20150813,2.19,0.57,1.62
20150814,2.2,0.58,1.62
20150817,2.16,0.58,1.58
20150818,2.2,0.62,1.58
20150819,2.12,0.55,1.57
20150820,2.09,0.53,1.56
20150821,2.05,0.52,1.53
20150824,2.01,0.52,1.49
20150825,2.12,0.59,1.53
20150826,2.18,0.65,1.53
20150827,2.18,0.6,1.58
20150828,2.19,0.58,1.61
20150831,2.21,0.58,1.63
20150901,2.17,0.6,1.57
20150902,2.2,0.64,1.56
20150903,2.18,0.64,1.54
20150904,2.13,0.62,1.51
20150908,2.2,0.67,1.53
20150909,2.21,0.65,1.56
20150910,2.23,0.64,1.59
20150911,2.2,0.61,1.59
20150914,2.18,0.62,1.56
20150915,2.28,0.72,1.56
20150916,2.3,0.73,1.57
20150917,2.21,0.63,1.58
20150918,2.13,0.58,1.55
20150921,2.2,0.66,1.54
20150922,2.14,0.63,1.51
20150923,2.16,0.64,1.52
20150924,2.13,0.64,1.49
20150925,2.17,0.71,1.46
20150928,2.1,0.71,1.39
20150929,2.05,0.66,1.39
20150930,2.06,0.65,1.41
20151001,2.05,0.59,1.46
20151002,1.99,0.51,1.48
20151005,2.07,0.56,1.51
20151006,2.05,0.53,1.52
20151007,2.08,0.53,1.55
20151008,2.12,0.54,1.58
20151009,2.12,0.58,1.54
20151013,2.06,0.54,1.52
20151014,1.99,0.5,1.49
20151015,2.04,0.54,1.5
20151016,2.04,0.56,1.48
20151019,2.04,0.59,1.45
20151020,2.08,0.6,1.48
20151021,2.04,0.59,1.45
20151022,2.04,0.57,1.47
20151023,2.09,0.58,1.51
20151026,2.07,0.59,1.48
20151027,2.05,0.57,1.48
20151028,2.1,0.63,1.47
20151029,2.19,0.67,1.52
20151030,2.16,0.63,1.53
20151102,2.2,0.65,1.55
20151103,2.23,0.65,1.58
20151104,2.25,0.68,1.57
20151105,2.26,0.71,1.55
20151106,2.34,0.75,1.59
20151109,2.36,0.76,1.6
20151110,2.32,0.77,1.55
20151112,2.32,0.78,1.54
20151113,2.28,0.76,1.52
20151116,2.27,0.76,1.51
20151117,2.25,0.72,1.53
20151118,2.27,0.71,1.56
20151119,2.24,0.68,1.56
20151120,2.26,0.66,1.6
20151123,2.25,0.64,1.61
20151124,2.24,0.62,1.62
20151125,2.23,0.62,1.61
20151127,2.22,0.62,1.6
20151130,2.21,0.62,1.59
20151201,2.15,0.58,1.57
20151202,2.18,0.62,1.56
20151203,2.33,0.72,1.61
20151204,2.28,0.68,1.6
20151207,2.23,0.67,1.56
20151208,2.24,0.68,1.56
20151209,2.22,0.69,1.53
20151210,2.24,0.73,1.51
20151211,2.13,0.67,1.46
20151214,2.23,0.78,1.45
20151215,2.28,0.8,1.48
20151216,2.3,0.84,1.46
20151217,2.24,0.77,1.47
20151218,2.19,0.73,1.46
20151221,2.2,0.75,1.45
20151222,2.24,0.78,1.46
20151223,2.27,0.76,1.51
20151224,2.25,0.73,1.52
20151228,2.24,0.74,1.5
20151229,2.32,0.79,1.53
20151230,2.31,0.77,1.54
20151231,2.27,0.73,1.54
20160104,2.24,0.69,1.55
20160105,2.25,0.69,1.56
20160106,2.18,0.65,1.53
20160107,2.16,0.66,1.5
20160108,2.13,0.65,1.48
20160111,2.17,0.72,1.45
20160112,2.12,0.69,1.43
20160113,2.08,0.65,1.43
20160114,2.1,0.67,1.43
20160115,2.03,0.67,1.36
20160119,2.06,0.68,1.38
20160120,2.01,0.69,1.32
20160121,2.02,0.74,1.28
20160122,2.07,0.72,1.35
20160125,2.03,0.69,1.34
20160126,2.01,0.65,1.36
20160127,2.02,0.62,1.4
20160128,2.0,0.58,1.42
20160129,1.94,0.53,1.41
20160201,1.97,0.57,1.4
20160202,1.87,0.51,1.36
20160203,1.88,0.5,1.38
20160204,1.87,0.51,1.36
20160205,1.86,0.53,1.33
20160208,1.75,0.52,1.23
20160209,1.74,0.53,1.21
20160210,1.71,0.5,1.21
20160211,1.63,0.45,1.18
20160212,1.74,0.49,1.25
20160216,1.78,0.53,1.25
20160217,1.81,0.53,1.28
20160218,1.75,0.51,1.24
20160219,1.76,0.5,1.26
20160222,1.77,0.46,1.31
20160223,1.74,0.42,1.32
20160224,1.75,0.39,1.36
20160225,1.71,0.32,1.39
20160226,1.76,0.35,1.41
20160229,1.74,0.32,1.42
20160301,1.83,0.35,1.48
20160302,1.84,0.33,1.51
20160303,1.83,0.3,1.53
20160304,1.88,0.37,1.51
20160307,1.91,0.43,1.48
20160308,1.83,0.37,1.46
20160309,1.9,0.39,1.51
20160310,1.93,0.45,1.48
20160311,1.98,0.44,1.54
20160314,1.97,0.45,1.52
20160315,1.97,0.47,1.5
20160316,1.94,0.36,1.58
20160317,1.91,0.34,1.57
20160318,1.88,0.27,1.61
20160321,1.92,0.28,1.64
20160322,1.94,0.31,1.63
20160323,1.88,0.3,1.58
20160324,1.91,0.34,1.57
20160328,1.89,0.33,1.56
20160329,1.81,0.2,1.61
20160330,1.83,0.18,1.65
20160331,1.78,0.16,1.62
20160401,1.79,0.17,1.62
20160404,1.78,0.14,1.64
20160405,1.73,0.14,1.59
20160406,1.76,0.17,1.59
20160407,1.7,0.12,1.58
20160408,1.72,0.14,1.58
20160411,1.73,0.17,1.56
20160412,1.79,0.22,1.57
20160413,1.77,0.21,1.56
20160414,1.8,0.24,1.56
20160415,1.76,0.2,1.56
20160418,1.78,0.21,1.57
20160419,1.79,0.19,1.6
20160420,1.85,0.23,1.62
20160421,1.88,0.24,1.64
20160422,1.89,0.25,1.64
20160425,1.91,0.26,1.65
20160426,1.94,0.27,1.67
20160427,1.87,0.19,1.68
20160428,1.84,0.12,1.72
20160429,1.83,0.12,1.71
20160502,1.88,0.2,1.68
20160503,1.81,0.17,1.64
20160504,1.79,0.16,1.63
20160505,1.76,0.13,1.63
20160506,1.79,0.18,1.61
20160509,1.77,0.18,1.59
20160510,1.77,0.15,1.62
20160511,1.73,0.14,1.59
20160512,1.75,0.15,1.6
20160513,1.71,0.13,1.58
20160516,1.75,0.15,1.6
20160517,1.76,0.15,1.61
20160518,1.87,0.26,1.61
20160519,1.85,0.29,1.56
20160520,1.85,0.29,1.56
20160523,1.84,0.3,1.54
20160524,1.86,0.31,1.55
20160525,1.87,0.29,1.58
20160526,1.83,0.25,1.58
20160527,1.85,0.27,1.58
20160531,1.84,0.3,1.54
20160601,1.85,0.31,1.54
20160602,1.81,0.27,1.54
20160603,1.71,0.19,1.52
20160606,1.73,0.19,1.54
20160607,1.72,0.15,1.57
20160608,1.71,0.12,1.59
20160609,1.68,0.12,1.56
20160610,1.64,0.12,1.52
20160613,1.62,0.15,1.47
20160614,1.62,0.17,1.45
20160615,1.6,0.13,1.47
20160616,1.57,0.15,1.42
20160617,1.62,0.2,1.42
20160620,1.67,0.24,1.43
20160621,1.71,0.28,1.43
20160622,1.69,0.25,1.44
20160623,1.74,0.24,1.5
20160624,1.57,0.15,1.42
20160627,1.46,0.12,1.34
20160628,1.46,0.09,1.37
20160629,1.5,0.1,1.4
20160630,1.49,0.09,1.4
20160701,1.46,0.03,1.43
20160705,1.37,-0.03,1.4
20160706,1.38,-0.05,1.43
20160707,1.4,-0.03,1.43
20160708,1.37,-0.06,1.43
20160711,1.43,0.01,1.42
20160712,1.53,0.07,1.46
20160713,1.48,0.03,1.45
20160714,1.53,0.08,1.45
20160715,1.6,0.11,1.49
20160718,1.59,0.1,1.49
20160719,1.56,0.12,1.44
20160720,1.59,0.13,1.46
20160721,1.57,0.05,1.52
20160722,1.57,0.06,1.51
20160725,1.58,0.08,1.5
20160726,1.57,0.07,1.5
20160727,1.52,0.03,1.49
20160728,1.52,0.0,1.52
20160729,1.46,-0.03,1.49
20160801,1.51,0.05,1.46
20160802,1.55,0.11,1.44
20160803,1.55,0.09,1.46
20160804,1.51,0.04,1.47
20160805,1.59,0.09,1.5
20160808,1.59,0.08,1.51
20160809,1.55,0.06,1.49
20160810,1.5,0.06,1.44
20160811,1.57,0.1,1.47
20160812,1.51,0.07,1.44
20160815,1.55,0.1,1.45
20160816,1.57,0.13,1.44
20160817,1.56,0.09,1.47
20160818,1.53,0.06,1.47
20160819,1.58,0.1,1.48
20160822,1.55,0.08,1.47
20160823,1.55,0.07,1.48
20160824,1.56,0.08,1.48
20160825,1.58,0.09,1.49
20160826,1.62,0.15,1.47
20160829,1.57,0.11,1.46
20160830,1.57,0.11,1.46
20160831,1.58,0.11,1.47
20160901,1.57,0.12,1.45
20160902,1.6,0.13,1.47
20160906,1.55,0.06,1.49
20160907,1.54,0.03,1.51
20160908,1.61,0.09,1.52
20160909,1.67,0.17,1.5
20160912,1.68,0.17,1.51
20160913,1.73,0.24,1.49
20160914,1.7,0.21,1.49
20160915,1.71,0.22,1.49
20160916,1.7,0.19,1.51
20160919,1.7,0.2,1.5
20160920,1.69,0.2,1.49
20160921,1.66,0.15,1.51
20160922,1.63,0.08,1.55
20160923,1.62,0.05,1.57
20160926,1.59,0.05,1.54
20160927,1.56,0.04,1.52
20160928,1.57,0.01,1.56
20160929,1.56,0.02,1.54
20160930,1.6,0.0,1.6
20161003,1.63,0.0,1.63
20161004,1.69,0.07,1.62
20161005,1.72,0.1,1.62
20161006,1.75,0.11,1.64
20161007,1.73,0.1,1.63
20161011,1.77,0.13,1.64
20161012,1.79,0.15,1.64
20161013,1.75,0.12,1.63
20161014,1.8,0.13,1.67
20161017,1.77,0.09,1.68
20161018,1.75,0.09,1.66
20161019,1.76,0.08,1.68
20161020,1.76,0.08,1.68
20161021,1.74,0.07,1.67
20161024,1.77,0.11,1.66
20161025,1.77,0.07,1.7
20161026,1.79,0.08,1.71
20161027,1.85,0.13,1.72
20161028,1.86,0.13,1.73
20161031,1.84,0.11,1.73
20161101,1.83,0.11,1.72
20161102,1.81,0.11,1.7
20161103,1.82,0.14,1.68
20161104,1.79,0.11,1.68
20161107,1.83,0.12,1.71
20161108,1.88,0.15,1.73
20161109,2.07,0.25,1.82
20161110,2.15,0.27,1.88
20161114,2.23,0.4,1.83
20161115,2.23,0.41,1.82
20161116,2.22,0.39,1.83
20161117,2.29,0.42,1.87
20161118,2.34,0.44,1.9
20161121,2.33,0.42,1.91
20161122,2.31,0.41,1.9
20161123,2.36,0.44,1.92
20161125,2.36,0.47,1.89
20161128,2.32,0.47,1.85
20161129,2.3,0.44,1.86
20161130,2.37,0.43,1.94
20161201,2.45,0.48,1.97
20161202,2.4,0.49,1.91
20161205,2.39,0.45,1.94
20161206,2.39,0.44,1.95
20161207,2.34,0.42,1.92
20161208,2.4,0.45,1.95
20161209,2.47,0.51,1.96
20161212,2.49,0.51,1.98
20161213,2.48,0.53,1.95
20161214,2.54,0.6,1.94
20161215,2.6,0.7,1.9
20161216,2.6,0.74,1.86
20161219,2.54,0.68,1.86
20161220,2.57,0.67,1.9
20161221,2.55,0.64,1.91
20161222,2.55,0.6,1.95
20161223,2.55,0.58,1.97
20161227,2.57,0.58,1.99
20161228,2.51,0.56,1.95
20161229,2.49,0.55,1.94
20161230,2.45,0.5,1.95
20170103,2.45,0.47,1.98
20170104,2.46,0.47,1.99
20170105,2.37,0.42,1.95
20170106,2.42,0.46,1.96
20170109,2.38,0.43,1.95
20170110,2.38,0.43,1.95
20170111,2.38,0.39,1.99
20170112,2.36,0.38,1.98
20170113,2.4,0.41,1.99
20170117,2.33,0.36,1.97
20170118,2.42,0.42,2.0
20170119,2.47,0.43,2.04
20170120,2.48,0.44,2.04
20170123,2.41,0.39,2.02
20170124,2.47,0.41,2.06
20170125,2.53,0.45,2.08
20170126,2.51,0.43,2.08
20170127,2.49,0.41,2.08
20170130,2.49,0.42,2.07
20170131,2.45,0.4,2.05
20170201,2.48,0.43,2.05
20170202,2.48,0.43,2.05
20170203,2.49,0.44,2.05
20170206,2.42,0.4,2.02
20170207,2.4,0.4,2.0
20170208,2.34,0.38,1.96
20170209,2.4,0.41,1.99
20170210,2.41,0.4,2.01
20170213,2.43,0.43,2.0
20170214,2.47,0.46,2.01
20170215,2.51,0.45,2.06
20170216,2.45,0.43,2.02
20170217,2.42,0.41,2.01
20170221,2.43,0.4,2.03
20170222,2.42,0.38,2.04
20170223,2.38,0.35,2.03
20170224,2.31,0.31,2.0
20170227,2.36,0.35,2.01
20170228,2.36,0.34,2.02
20170301,2.46,0.43,2.03
20170302,2.49,0.48,2.01
20170303,2.49,0.45,2.04
20170306,2.49,0.48,2.01
20170307,2.52,0.49,2.03
20170308,2.57,0.56,2.01
20170309,2.6,0.6,2.0
20170310,2.58,0.57,2.01
20170313,2.62,0.61,2.01
20170314,2.6,0.61,1.99
20170315,2.51,0.5,2.01
20170316,2.53,0.51,2.02
20170317,2.5,0.49,2.01
20170320,2.47,0.47,2.0
20170321,2.43,0.45,1.98
20170322,2.4,0.43,1.97
20170323,2.41,0.46,1.95
20170324,2.4,0.42,1.98
20170327,2.38,0.41,1.97
20170328,2.42,0.45,1.97
20170329,2.39,0.41,1.98
20170330,2.42,0.46,1.96
20170331,2.4,0.43,1.97
20170403,2.35,0.39,1.96
20170404,2.36,0.4,1.96
20170405,2.34,0.37,1.97
20170406,2.34,0.39,1.95
20170407,2.38,0.44,1.94
20170410,2.37,0.44,1.93
20170411,2.32,0.41,1.91
20170412,2.28,0.38,1.9
20170413,2.24,0.32,1.92
20170417,2.26,0.38,1.88
20170418,2.18,0.33,1.85
20170419,2.21,0.36,1.85
20170420,2.24,0.39,1.85
20170421,2.24,0.4,1.84
20170424,2.28,0.41,1.87
20170425,2.35,0.44,1.91
20170426,2.32,0.42,1.9
20170427,2.3,0.39,1.91
20170428,2.29,0.37,1.92
20170501,2.33,0.41,1.92
20170502,2.29,0.41,1.88
20170503,2.33,0.46,1.87
20170504,2.36,0.5,1.86
20170505,2.36,0.5,1.86
20170508,2.39,0.53,1.86
20170509,2.42,0.56,1.86
20170510,2.41,0.56,1.85
20170511,2.39,0.51,1.88
20170512,2.33,0.49,1.84
20170515,2.34,0.52,1.82
20170516,2.33,0.51,1.82
20170517,2.22,0.44,1.78
20170518,2.23,0.43,1.8
20170519,2.23,0.41,1.82
20170522,2.25,0.43,1.82
20170523,2.29,0.46,1.83
20170524,2.26,0.45,1.81
20170525,2.25,0.45,1.8
20170526,2.25,0.44,1.81
20170530,2.21,0.4,1.81
20170531,2.21,0.4,1.81
20170601,2.21,0.4,1.81
20170602,2.15,0.36,1.79
20170605,2.18,0.39,1.79
20170606,2.14,0.37,1.77
20170607,2.18,0.4,1.78
20170608,2.19,0.41,1.78
20170609,2.21,0.43,1.78
20170612,2.21,0.46,1.75
20170613,2.21,0.46,1.75
20170614,2.15,0.44,1.71
20170615,2.16,0.49,1.67
20170616,2.16,0.49,1.67
20170619,2.19,0.52,1.67
20170620,2.16,0.5,1.66
20170621,2.16,0.5,1.66
20170622,2.15,0.46,1.69
20170623,2.15,0.45,1.7
20170626,2.14,0.43,1.71
20170627,2.21,0.5,1.71
20170628,2.22,0.49,1.73
20170629,2.27,0.55,1.72
20170630,2.31,0.58,1.73
20170703,2.35,0.6,1.75
20170705,2.33,0.58,1.75
20170706,2.37,0.61,1.76
20170707,2.39,0.66,1.73
20170710,2.38,0.66,1.72
20170711,2.37,0.62,1.75
20170712,2.33,0.57,1.76
20170713,2.35,0.58,1.77
20170714,2.33,0.57,1.76
20170717,2.31,0.54,1.77
20170718,2.27,0.51,1.76
20170719,2.27,0.51,1.76
20170720,2.27,0.5,1.77
20170721,2.24,0.48,1.76
20170724,2.26,0.48,1.78
20170725,2.33,0.52,1.81
20170726,2.29,0.49,1.8
20170727,2.32,0.49,1.83
20170728,2.3,0.47,1.83
20170731,2.3,0.48,1.82
20170801,2.26,0.47,1.79
20170802,2.27,0.48,1.79
20170803,2.24,0.46,1.78
20170804,2.27,0.47,1.8
20170807,2.26,0.46,1.8
20170808,2.29,0.46,1.83
20170809,2.24,0.42,1.82
20170810,2.2,0.4,1.8
20170811,2.19,0.4,1.79
20170814,2.22,0.45,1.77
20170815,2.27,0.49,1.78
20170816,2.23,0.45,1.78
20170817,2.19,0.42,1.77
20170818,2.19,0.43,1.76
20170821,2.18,0.43,1.75
20170822,2.22,0.45,1.77
20170823,2.17,0.42,1.75
20170824,2.19,0.44,1.75
20170825,2.17,0.42,1.75
20170828,2.16,0.41,1.75
20170829,2.13,0.39,1.74
20170830,2.15,0.39,1.76
20170831,2.12,0.36,1.76
20170901,2.16,0.37,1.79
20170905,2.07,0.3,1.77
20170906,2.1,0.32,1.78
20170907,2.05,0.26,1.79
20170908,2.06,0.25,1.81
20170911,2.14,0.31,1.83
20170912,2.17,0.33,1.84
20170913,2.2,0.35,1.85
20170914,2.2,0.35,1.85
20170915,2.2,0.35,1.85
20170918,2.23,0.36,1.87
20170919,2.24,0.37,1.87
20170920,2.28,0.43,1.85
20170921,2.27,0.44,1.83
20170922,2.26,0.42,1.84
20170925,2.22,0.38,1.84
20170926,2.24,0.4,1.84
20170927,2.31,0.44,1.87
20170928,2.31,0.44,1.87
20170929,2.33,0.49,1.84
20171002,2.34,0.51,1.83
20171003,2.33,0.49,1.84
20171004,2.33,0.48,1.85
20171005,2.35,0.49,1.86
20171006,2.37,0.5,1.87
20171010,2.35,0.47,1.88
20171011,2.35,0.46,1.89
20171012,2.33,0.44,1.89
20171013,2.28,0.43,1.85
20171016,2.3,0.46,1.84
20171017,2.3,0.48,1.82
20171018,2.34,0.5,1.84
20171019,2.33,0.49,1.84
20171020,2.39,0.52,1.87
20171023,2.38,0.52,1.86
20171024,2.42,0.55,1.87
20171025,2.44,0.56,1.88
20171026,2.46,0.57,1.89
20171027,2.42,0.54,1.88
20171030,2.37,0.5,1.87
20171031,2.38,0.5,1.88
20171101,2.37,0.49,1.88
20171102,2.35,0.48,1.87
20171103,2.34,0.48,1.86
20171106,2.32,0.46,1.86
20171107,2.32,0.44,1.88
20171108,2.32,0.45,1.87
20171109,2.33,0.46,1.87
20171110,2.4,0.52,1.88
20171113,2.4,0.52,1.88
20171114,2.38,0.51,1.87
20171115,2.33,0.48,1.85
20171116,2.37,0.53,1.84
20171117,2.35,0.49,1.86
20171120,2.37,0.52,1.85
20171121,2.36,0.52,1.84
20171122,2.32,0.48,1.84
20171124,2.34,0.5,1.84
20171127,2.32,0.49,1.83
20171128,2.34,0.5,1.84
20171129,2.37,0.53,1.84
20171130,2.42,0.56,1.86
20171201,2.37,0.51,1.86
20171204,2.37,0.5,1.87
20171205,2.36,0.5,1.86
20171206,2.33,0.47,1.86
20171207,2.37,0.5,1.87
20171208,2.38,0.5,1.88
20171211,2.39,0.51,1.88
20171212,2.4,0.51,1.89
20171213,2.36,0.48,1.88
20171214,2.35,0.48,1.87
20171215,2.35,0.47,1.88
20171218,2.39,0.5,1.89
20171219,2.46,0.55,1.91
20171220,2.49,0.57,1.92
20171221,2.48,0.55,1.93
20171222,2.48,0.54,1.94
20171226,2.47,0.53,1.94
20171227,2.42,0.48,1.94
20171228,2.43,0.47,1.96
20171229,2.4,0.44,1.96
20180102,2.46,0.46,2.0
20180103,2.44,0.46,1.98
20180104,2.46,0.45,2.01
20180105,2.47,0.46,2.01
20180108,2.49,0.47,2.02
20180109,2.55,0.52,2.03
20180110,2.55,0.52,2.03
20180111,2.54,0.54,2.0
20180112,2.55,0.54,2.01
20180116,2.54,0.51,2.03
20180117,2.57,0.53,2.04
20180118,2.62,0.57,2.05
20180119,2.64,0.58,2.06
20180122,2.66,0.6,2.06
20180123,2.63,0.57,2.06
20180124,2.65,0.58,2.07
20180125,2.63,0.56,2.07
20180126,2.66,0.57,2.09
20180129,2.7,0.61,2.09
20180130,2.73,0.63,2.1
20180131,2.72,0.61,2.11
20180201,2.78,0.67,2.11
20180202,2.84,0.7,2.14
20180205,2.77,0.67,2.1
20180206,2.79,0.69,2.1
20180207,2.84,0.74,2.1
20180208,2.85,0.76,2.09
20180209,2.83,0.78,2.05
20180212,2.86,0.79,2.07
20180213,2.83,0.78,2.05
20180214,2.91,0.82,2.09
20180215,2.9,0.79,2.11
20180216,2.87,0.78,2.09
20180220,2.88,0.78,2.1
20180221,2.94,0.82,2.12
20180222,2.92,0.81,2.11
20180223,2.88,0.76,2.12
20180226,2.86,0.73,2.13
20180227,2.9,0.77,2.13
20180228,2.87,0.75,2.12
20180301,2.81,0.71,2.1
20180302,2.86,0.74,2.12
20180305,2.88,0.75,2.13
20180306,2.88,0.76,2.12
20180307,2.89,0.76,2.13
20180308,2.86,0.75,2.11
20180309,2.9,0.78,2.12
20180312,2.87,0.77,2.1
20180313,2.84,0.75,2.09
20180314,2.81,0.74,2.07
20180315,2.82,0.74,2.08
20180316,2.85,0.77,2.08
20180319,2.85,0.77,2.08
20180320,2.89,0.81,2.08
20180321,2.89,0.8,2.09
20180322,2.83,0.75,2.08
20180323,2.82,0.75,2.07
20180326,2.85,0.77,2.08
20180327,2.78,0.71,2.07
20180328,2.77,0.72,2.05
20180329,2.74,0.69,2.05
20180402,2.73,0.68,2.05
20180403,2.79,0.71,2.08
20180404,2.79,0.71,2.08
20180405,2.83,0.75,2.08
20180406,2.77,0.7,2.07
20180409,2.78,0.71,2.07
20180410,2.8,0.72,2.08
20180411,2.79,0.68,2.11
20180412,2.83,0.7,2.13
20180413,2.82,0.69,2.13
20180416,2.83,0.71,2.12
20180417,2.82,0.68,2.14
20180418,2.87,0.71,2.16
20180419,2.92,0.75,2.17
20180420,2.96,0.79,2.17
20180423,2.98,0.8,2.18
20180424,3.0,0.83,2.17
20180425,3.03,0.86,2.17
20180426,3.0,0.82,2.18
20180427,2.96,0.79,2.17
20180430,2.95,0.78,2.17
20180501,2.97,0.81,2.16
20180502,2.97,0.8,2.17
20180503,2.94,0.78,2.16
20180504,2.95,0.79,2.16
20180507,2.95,0.78,2.17
20180508,2.97,0.81,2.16
20180509,3.0,0.82,2.18
20180510,2.97,0.8,2.17
20180511,2.97,0.82,2.15
20180514,3.0,0.85,2.15
20180515,3.08,0.9,2.18
20180516,3.09,0.92,2.17
20180517,3.11,0.95,2.16
20180518,3.06,0.91,2.15
20180521,3.06,0.9,2.16
20180522,3.06,0.91,2.15
20180523,3.01,0.87,2.14
20180524,2.98,0.86,2.12
20180525,2.93,0.84,2.09
20180529,2.77,0.73,2.04
20180530,2.84,0.78,2.06
20180531,2.83,0.76,2.07
20180601,2.89,0.8,2.09
20180604,2.94,0.82,2.12
20180605,2.92,0.79,2.13
20180606,2.97,0.83,2.14
20180607,2.93,0.8,2.13
20180608,2.93,0.82,2.11
20180611,2.96,0.83,2.13
20180612,2.96,0.83,2.13
20180613,2.98,0.86,2.12
20180614,2.94,0.82,2.12
20180615,2.93,0.81,2.12
20180618,2.92,0.8,2.12
20180619,2.89,0.77,2.12
20180620,2.93,0.81,2.12
20180621,2.9,0.79,2.11
20180622,2.9,0.78,2.12
20180625,2.87,0.77,2.1
20180626,2.88,0.76,2.12
20180627,2.83,0.72,2.11
20180628,2.84,0.74,2.1
20180629,2.85,0.74,2.11
20180702,2.87,0.73,2.14
20180703,2.83,0.71,2.12
20180705,2.84,0.71,2.13
20180706,2.82,0.7,2.12
20180709,2.86,0.73,2.13
20180710,2.87,0.74,2.13
20180711,2.85,0.74,2.11
20180712,2.85,0.75,2.1
20180713,2.83,0.72,2.11
20180716,2.85,0.75,2.1
20180717,2.86,0.77,2.09
20180718,2.88,0.79,2.09
20180719,2.84,0.75,2.09
20180720,2.89,0.78,2.11
20180723,2.96,0.85,2.11
20180724,2.95,0.84,2.11
20180725,2.94,0.81,2.13
20180726,2.98,0.87,2.11
20180727,2.96,0.84,2.12
20180730,2.98,0.85,2.13
20180731,2.96,0.84,2.12
20180801,3.0,0.87,2.13
20180802,2.98,0.86,2.12
20180803,2.95,0.83,2.12
20180806,2.94,0.83,2.11
20180807,2.98,0.85,2.13
20180808,2.96,0.85,2.11
20180809,2.93,0.82,2.11
20180810,2.87,0.78,2.09
20180813,2.88,0.78,2.1
20180814,2.89,0.8,2.09
20180815,2.86,0.78,2.08
20180816,2.87,0.79,2.08
20180817,2.87,0.79,2.08
20180820,2.82,0.75,2.07
20180821,2.85,0.77,2.08
20180822,2.82,0.74,2.08
20180823,2.82,0.73,2.09
20180824,2.82,0.73,2.09
20180827,2.85,0.74,2.11
20180828,2.88,0.77,2.11
20180829,2.89,0.77,2.12
20180830,2.86,0.76,2.1
20180831,2.86,0.78,2.08
20180904,2.9,0.8,2.1
20180905,2.9,0.81,2.09
20180906,2.88,0.8,2.08
20180907,2.94,0.84,2.1
20180910,2.94,0.84,2.1
20180911,2.98,0.86,2.12
20180912,2.97,0.85,2.12
20180913,2.97,0.87,2.1
20180914,2.99,0.89,2.1
20180917,2.99,0.89,2.1
20180918,3.05,0.92,2.13
20180919,3.08,0.93,2.15
20180920,3.07,0.92,2.15
20180921,3.07,0.92,2.15
20180924,3.08,0.92,2.16
20180925,3.1,0.94,2.16
20180926,3.06,0.92,2.14
20180927,3.06,0.91,2.15
20180928,3.05,0.91,2.14
20181001,3.09,0.95,2.14
20181002,3.05,0.93,2.12
20181003,3.15,0.99,2.16
20181004,3.19,1.03,2.16
20181005,3.23,1.07,2.16
20181009,3.21,1.04,2.17
20181010,3.22,1.06,2.16
20181011,3.14,1.02,2.12
20181012,3.15,1.03,2.12
20181015,3.16,1.03,2.13
20181016,3.16,1.03,2.13
20181017,3.19,1.06,2.13
20181018,3.17,1.07,2.1
20181019,3.2,1.09,2.11
20181022,3.2,1.09,2.11
20181023,3.17,1.08,2.09
20181024,3.1,1.03,2.07
20181025,3.14,1.09,2.05
20181026,3.08,1.02,2.06
20181029,3.08,1.02,2.06
20181030,3.12,1.07,2.05
20181031,3.15,1.1,2.05
20181101,3.14,1.12,2.02
20181102,3.22,1.16,2.06
20181105,3.2,1.14,2.06
20181106,3.22,1.15,2.07
20181107,3.22,1.15,2.07
20181108,3.24,1.17,2.07
20181109,3.19,1.15,2.04
20181113,3.14,1.12,2.02
20181114,3.12,1.12,2.0
20181115,3.11,1.11,2.0
20181116,3.08,1.06,2.02
20181119,3.06,1.07,1.99
20181120,3.06,1.09,1.97
20181121,3.06,1.09,1.97
20181123,3.05,1.09,1.96
20181126,3.07,1.11,1.96
20181127,3.06,1.15,1.91
20181128,3.06,1.12,1.94
20181129,3.03,1.05,1.98
20181130,3.01,1.04,1.97
20181203,2.98,1.02,1.96
20181204,2.91,0.97,1.94
20181206,2.87,0.97,1.9
20181207,2.85,0.96,1.89
20181210,2.85,0.99,1.86
20181211,2.89,1.06,1.83
20181212,2.91,1.08,1.83
20181213,2.91,1.08,1.83
20181214,2.89,1.07,1.82
20181217,2.86,1.05,1.81
20181218,2.82,1.01,1.81
20181219,2.77,0.97,1.8
20181220,2.79,1.03,1.76
20181221,2.79,1.02,1.77
20181224,2.74,0.99,1.75
20181226,2.81,1.04,1.77
20181227,2.77,1.03,1.74
20181228,2.72,0.99,1.73
20181231,2.69,0.98,1.71
20190102,2.66,0.96,1.7
20190103,2.56,0.88,1.68
20190104,2.67,0.91,1.76
20190107,2.7,0.92,1.78
20190108,2.73,0.91,1.82
20190109,2.74,0.91,1.83
20190110,2.74,0.93,1.81
20190111,2.71,0.88,1.83
20190114,2.71,0.9,1.81
20190115,2.72,0.91,1.81
20190116,2.73,0.91,1.82
20190117,2.75,0.96,1.79
20190118,2.79,0.96,1.83
20190122,2.74,0.95,1.79
20190123,2.76,0.96,1.8
20190124,2.72,0.95,1.77
20190125,2.76,0.97,1.79
20190128,2.75,0.97,1.78
20190129,2.72,0.94,1.78
20190130,2.7,0.86,1.84
20190131,2.63,0.78,1.85
20190201,2.7,0.82,1.88
20190204,2.73,0.86,1.87
20190205,2.71,0.84,1.87
20190206,2.7,0.84,1.86
20190207,2.65,0.81,1.84
20190208,2.63,0.81,1.82
20190211,2.65,0.83,1.82
20190212,2.68,0.85,1.83
20190213,2.71,0.85,1.86
20190214,2.66,0.81,1.85
20190215,2.66,0.8,1.86
20190219,2.65,0.78,1.87
20190220,2.65,0.76,1.89
20190221,2.69,0.78,1.91
20190222,2.65,0.74,1.91
20190225,2.67,0.75,1.92
20190226,2.64,0.72,1.92
20190227,2.69,0.76,1.93
20190228,2.73,0.78,1.95
20190301,2.76,0.8,1.96
20190304,2.72,0.78,1.94
20190305,2.72,0.79,1.93
20190306,2.69,0.78,1.91
20190307,2.64,0.74,1.9
20190308,2.62,0.72,1.9
20190311,2.64,0.73,1.91
20190312,2.61,0.71,1.9
20190313,2.61,0.69,1.92
20190314,2.63,0.69,1.94
20190315,2.59,0.65,1.94
20190318,2.6,0.64,1.96
20190319,2.61,0.66,1.95
20190320,2.54,0.58,1.96
20190321,2.54,0.58,1.96
20190322,2.44,0.54,1.9
20190325,2.43,0.55,1.88
20190326,2.41,0.55,1.86
20190327,2.39,0.55,1.84
20190328,2.39,0.56,1.83
20190329,2.41,0.53,1.88
20190401,2.49,0.59,1.9
20190402,2.48,0.58,1.9
20190403,2.52,0.61,1.91
20190404,2.51,0.61,1.9
20190405,2.5,0.6,1.9
20190408,2.52,0.61,1.91
20190409,2.51,0.6,1.91
20190410,2.48,0.54,1.94
20190411,2.51,0.57,1.94
20190412,2.56,0.61,1.95
20190415,2.55,0.61,1.94
20190416,2.6,0.64,1.96
20190417,2.59,0.65,1.94
20190418,2.57,0.62,1.95
20190422,2.59,0.64,1.95
20190423,2.57,0.62,1.95
20190424,2.53,0.57,1.96
20190425,2.54,0.56,1.98
20190426,2.51,0.54,1.97
20190429,2.54,0.58,1.96
20190430,2.51,0.56,1.95
20190501,2.52,0.59,1.93
20190502,2.55,0.66,1.89
20190503,2.54,0.63,1.91
20190506,2.51,0.6,1.91
20190507,2.45,0.58,1.87
20190508,2.49,0.62,1.87
20190509,2.45,0.6,1.85
20190510,2.47,0.59,1.88
20190513,2.4,0.55,1.85
20190514,2.42,0.56,1.86
20190515,2.37,0.54,1.83
20190516,2.4,0.56,1.84
20190517,2.39,0.58,1.81
20190520,2.41,0.6,1.81
20190521,2.43,0.6,1.83
20190522,2.39,0.6,1.79
20190523,2.31,0.58,1.73
20190524,2.32,0.56,1.76
20190528,2.26,0.53,1.73
20190529,2.25,0.5,1.75
20190530,2.22,0.48,1.74
20190531,2.14,0.4,1.74
20190603,2.07,0.34,1.73
20190604,2.12,0.38,1.74
20190605,2.12,0.37,1.75
20190606,2.12,0.39,1.73
20190607,2.09,0.35,1.74
20190610,2.15,0.42,1.73
20190611,2.15,0.43,1.72
20190612,2.13,0.42,1.71
20190613,2.1,0.42,1.68
20190614,2.09,0.46,1.63
20190617,2.09,0.48,1.61
20190618,2.06,0.42,1.64
20190619,2.03,0.36,1.67
20190620,2.01,0.27,1.74
20190621,2.07,0.34,1.73
20190624,2.02,0.31,1.71
20190625,2.0,0.33,1.67
20190626,2.05,0.35,1.7
20190627,2.01,0.33,1.68
20190628,2.0,0.31,1.69
20190701,2.03,0.34,1.69
20190702,1.98,0.33,1.65
20190703,1.96,0.31,1.65
20190705,2.04,0.35,1.69
20190708,2.05,0.35,1.7
20190709,2.07,0.36,1.71
20190710,2.07,0.33,1.74
20190711,2.13,0.36,1.77
20190712,2.12,0.35,1.77
20190715,2.09,0.32,1.77
20190716,2.13,0.33,1.8
20190717,2.06,0.31,1.75
20190718,2.04,0.25,1.79
20190719,2.05,0.25,1.8
20190722,2.05,0.26,1.79
20190723,2.08,0.27,1.81
20190724,2.05,0.26,1.79
20190725,2.08,0.28,1.8
20190726,2.08,0.3,1.78
20190729,2.06,0.29,1.77
20190730,2.06,0.28,1.78
20190731,2.02,0.26,1.76
20190801,1.9,0.2,1.7
20190802,1.86,0.2,1.66
20190805,1.75,0.15,1.6
20190806,1.73,0.11,1.62
20190807,1.71,0.09,1.62
20190808,1.72,0.07,1.65
20190809,1.74,0.08,1.66
20190812,1.65,0.04,1.61
20190813,1.68,0.05,1.63
20190814,1.59,0.02,1.57
20190815,1.52,-0.02,1.54
20190816,1.55,0.01,1.54
20190819,1.6,0.04,1.56
20190820,1.55,0.02,1.53
20190821,1.59,0.05,1.54
20190822,1.62,0.07,1.55
20190823,1.52,-0.02,1.54
20190826,1.54,0.0,1.54
20190827,1.49,-0.06,1.55
20190828,1.47,-0.08,1.55
20190829,1.5,-0.09,1.59
20190830,1.5,-0.05,1.55
20190903,1.47,-0.03,1.5
20190904,1.47,-0.04,1.51
20190905,1.57,0.01,1.56
20190906,1.55,0.01,1.54
20190909,1.63,0.06,1.57
20190910,1.72,0.12,1.6
20190911,1.75,0.15,1.6
20190912,1.79,0.16,1.63
20190913,1.9,0.23,1.67
20190916,1.84,0.17,1.67
20190917,1.81,0.15,1.66
20190918,1.8,0.21,1.59
20190919,1.79,0.18,1.61
20190920,1.74,0.13,1.61
20190923,1.72,0.11,1.61
20190924,1.64,0.06,1.58
20190925,1.73,0.13,1.6
20190926,1.7,0.13,1.57
20190927,1.69,0.16,1.53
20190930,1.68,0.15,1.53
20191001,1.65,0.13,1.52
20191002,1.6,0.1,1.5
20191003,1.54,0.06,1.48
20191004,1.52,0.02,1.5
20191007,1.56,0.05,1.51
20191008,1.54,0.06,1.48
20191009,1.59,0.1,1.49
20191010,1.67,0.15,1.52
20191011,1.76,0.2,1.56
20191015,1.77,0.21,1.56
20191016,1.75,0.18,1.57
20191017,1.76,0.17,1.59
20191018,1.76,0.16,1.6
20191021,1.8,0.19,1.61
20191022,1.78,0.17,1.61
20191023,1.77,0.16,1.61
20191024,1.77,0.15,1.62
20191025,1.8,0.15,1.65
20191028,1.85,0.21,1.64
20191029,1.84,0.23,1.61
20191030,1.78,0.21,1.57
20191031,1.69,0.15,1.54
20191101,1.73,0.14,1.59
20191104,1.79,0.15,1.64
20191105,1.86,0.18,1.68
20191106,1.81,0.15,1.66
20191107,1.92,0.23,1.69
20191108,1.94,0.23,1.71
20191112,1.92,0.22,1.7
20191113,1.88,0.22,1.66
20191114,1.82,0.2,1.62
20191115,1.84,0.21,1.63
20191118,1.81,0.18,1.63
20191119,1.79,0.16,1.63
20191120,1.73,0.13,1.6
20191121,1.77,0.14,1.63
20191122,1.77,0.15,1.62
20191125,1.76,0.14,1.62
20191126,1.74,0.12,1.62
20191127,1.77,0.14,1.63
20191129,1.78,0.17,1.61
20191202,1.83,0.18,1.65
20191203,1.72,0.09,1.63
20191204,1.77,0.11,1.66
20191205,1.8,0.13,1.67
20191206,1.84,0.15,1.69
20191209,1.83,0.14,1.69
20191210,1.85,0.14,1.71
20191211,1.79,0.1,1.69
20191212,1.9,0.18,1.72
20191213,1.82,0.12,1.7
20191216,1.89,0.16,1.73
20191217,1.89,0.14,1.75
20191218,1.92,0.16,1.76
20191219,1.92,0.15,1.77
20191220,1.92,0.15,1.77
20191223,1.93,0.18,1.75
20191224,1.9,0.15,1.75
20191226,1.9,0.16,1.74
20191227,1.88,0.15,1.73
20191230,1.9,0.15,1.75
20191231,1.92,0.15,1.77
20200102,1.88,0.08,1.8
20200103,1.8,0.03,1.77
20200106,1.81,0.06,1.75
20200107,1.83,0.09,1.74
20200108,1.87,0.12,1.75
20200109,1.85,0.11,1.74
20200110,1.83,0.07,1.76
20200113,1.85,0.08,1.77
20200114,1.82,0.05,1.77
20200115,1.79,0.04,1.75
20200116,1.81,0.07,1.74
20200117,1.84,0.09,1.75
20200121,1.78,0.04,1.74
20200122,1.77,0.05,1.72
20200123,1.74,0.04,1.7
20200124,1.7,0.02,1.68
20200127,1.61,-0.02,1.63
20200128,1.65,0.0,1.65
20200129,1.6,-0.04,1.64
20200130,1.57,-0.07,1.64
20200131,1.51,-0.14,1.65
20200203,1.54,-0.09,1.63
20200204,1.61,-0.03,1.64
20200205,1.66,0.0,1.66
20200206,1.65,-0.02,1.67
20200207,1.59,-0.07,1.66
20200210,1.56,-0.1,1.66
20200211,1.59,-0.06,1.65
20200212,1.62,-0.04,1.66
20200213,1.61,-0.06,1.67
20200214,1.59,-0.07,1.66
20200218,1.55,-0.1,1.65
20200219,1.56,-0.09,1.65
20200220,1.52,-0.11,1.63
20200221,1.46,-0.15,1.61
20200224,1.38,-0.21,1.59
20200225,1.33,-0.2,1.53
20200226,1.33,-0.21,1.54
20200227,1.3,-0.23,1.53
20200228,1.13,-0.28,1.41
20200302,1.1,-0.31,1.41
20200303,1.02,-0.43,1.45
20200304,1.02,-0.44,1.46
20200305,0.92,-0.48,1.4
20200306,0.74,-0.57,1.31
20200309,0.54,-0.45,0.99
20200310,0.76,-0.24,1.0
20200311,0.82,-0.14,0.96
20200312,0.88,-0.04,0.92
20200313,0.94,0.04,0.9
20200316,0.73,0.0,0.73
20200317,1.02,0.39,0.63
20200318,1.18,0.55,0.63
20200319,1.12,0.62,0.5
20200320,0.92,0.17,0.75
20200323,0.76,-0.04,0.8
20200324,0.84,-0.13,0.97
20200325,0.88,-0.19,1.07
20200326,0.83,-0.24,1.07
20200327,0.72,-0.22,0.94
20200330,0.7,-0.25,0.95
20200331,0.7,-0.17,0.87
20200401,0.62,-0.29,0.91
20200402,0.63,-0.4,1.03
20200403,0.62,-0.46,1.08
20200406,0.67,-0.47,1.14
20200407,0.75,-0.42,1.17
20200408,0.77,-0.42,1.19
20200409,0.73,-0.5,1.23
20200413,0.76,-0.5,1.26
20200414,0.76,-0.53,1.29
20200415,0.63,-0.56,1.19
20200416,0.61,-0.42,1.03
20200417,0.65,-0.36,1.01
20200420,0.63,-0.31,0.94
20200421,0.58,-0.38,0.96
20200422,0.63,-0.43,1.06
20200423,0.61,-0.44,1.05
20200424,0.6,-0.51,1.11
20200427,0.67,-0.5,1.17
20200428,0.62,-0.52,1.14
20200429,0.63,-0.51,1.14
20200430,0.64,-0.43,1.07
20200501,0.64,-0.42,1.06
20200504,0.64,-0.43,1.07
20200505,0.66,-0.44,1.1
20200506,0.72,-0.38,1.1
20200507,0.63,-0.45,1.08
20200508,0.69,-0.43,1.12
20200511,0.73,-0.4,1.13
20200512,0.69,-0.4,1.09
20200513,0.64,-0.43,1.07
20200514,0.63,-0.43,1.06
20200515,0.64,-0.45,1.09
20200518,0.73,-0.44,1.17
20200519,0.7,-0.45,1.15
20200520,0.68,-0.48,1.16
20200521,0.68,-0.46,1.14
20200522,0.66,-0.46,1.12
20200526,0.69,-0.44,1.13
20200527,0.68,-0.46,1.14
20200528,0.7,-0.48,1.18
20200529,0.65,-0.5,1.15
20200601,0.66,-0.52,1.18
20200602,0.68,-0.5,1.18
20200603,0.77,-0.44,1.21
20200604,0.82,-0.4,1.22
20200605,0.91,-0.36,1.27
20200608,0.88,-0.4,1.28
20200609,0.84,-0.42,1.26
20200610,0.75,-0.52,1.27
20200611,0.66,-0.55,1.21
20200612,0.71,-0.5,1.21
20200615,0.71,-0.52,1.23
20200616,0.75,-0.52,1.27
20200617,0.74,-0.52,1.26
20200618,0.71,-0.57,1.28
20200619,0.7,-0.6,1.3
20200622,0.71,-0.63,1.34
20200623,0.72,-0.66,1.38
20200624,0.69,-0.64,1.33
20200625,0.68,-0.65,1.33
20200626,0.64,-0.68,1.32
20200629,0.64,-0.7,1.34
20200630,0.66,-0.68,1.34
20200701,0.69,-0.68,1.37
20200702,0.68,-0.73,1.41
20200706,0.69,-0.76,1.45
20200707,0.65,-0.78,1.43
20200708,0.67,-0.75,1.42
20200709,0.62,-0.77,1.39
20200710,0.65,-0.76,1.41
20200713,0.64,-0.78,1.42
20200714,0.63,-0.78,1.41
20200715,0.64,-0.77,1.41
20200716,0.62,-0.79,1.41
20200717,0.64,-0.82,1.46
20200720,0.62,-0.84,1.46
20200721,0.61,-0.87,1.48
20200722,0.6,-0.88,1.48
20200723,0.59,-0.9,1.49
20200724,0.59,-0.92,1.51
20200727,0.62,-0.9,1.52
20200728,0.59,-0.92,1.51
20200729,0.58,-0.95,1.53
20200730,0.55,-0.97,1.52
20200731,0.55,-1.0,1.55
20200803,0.56,-1.02,1.58
20200804,0.52,-1.05,1.57
20200805,0.55,-1.06,1.61
20200806,0.55,-1.08,1.63
20200807,0.57,-1.04,1.61
20200810,0.59,-1.02,1.61
20200811,0.64,-0.99,1.63
20200812,0.69,-0.98,1.67
20200813,0.71,-0.96,1.67
20200814,0.71,-0.94,1.65
20200817,0.69,-0.97,1.66
20200818,0.67,-1.01,1.68
20200819,0.68,-0.99,1.67
20200820,0.65,-0.97,1.62
20200821,0.64,-1.0,1.64
20200824,0.65,-1.02,1.67
20200825,0.69,-1.01,1.7
20200826,0.69,-1.03,1.72
20200827,0.74,-0.99,1.73
20200828,0.74,-1.03,1.77
20200831,0.72,-1.08,1.8
20200901,0.68,-1.08,1.76
20200902,0.66,-1.07,1.73
20200903,0.63,-1.02,1.65
20200904,0.72,-0.98,1.7
20200908,0.69,-0.99,1.68
20200909,0.71,-1.0,1.71
20200910,0.68,-1.01,1.69
20200911,0.67,-0.98,1.65
20200914,0.68,-0.97,1.65
20200915,0.68,-0.99,1.67
20200916,0.69,-0.99,1.68
20200917,0.69,-0.97,1.66
20200918,0.7,-0.97,1.67
20200921,0.68,-0.94,1.62
20200922,0.68,-0.94,1.62
20200923,0.68,-0.92,1.6
20200924,0.67,-0.91,1.58
20200925,0.66,-0.92,1.58
20200928,0.67,-0.94,1.61
20200929,0.66,-0.98,1.64
20200930,0.69,-0.94,1.63
20201001,0.68,-0.95,1.63
20201002,0.7,-0.94,1.64
20201005,0.78,-0.9,1.68
20201006,0.76,-0.9,1.66
20201007,0.81,-0.9,1.71
20201008,0.78,-0.94,1.72
20201009,0.79,-0.94,1.73
20201013,0.74,-0.96,1.7
20201014,0.73,-0.96,1.69
20201015,0.74,-0.95,1.69
20201016,0.76,-0.95,1.71
20201019,0.78,-0.93,1.71
20201020,0.81,-0.91,1.72
20201021,0.83,-0.91,1.74
20201022,0.87,-0.89,1.76
20201023,0.85,-0.9,1.75
20201026,0.81,-0.91,1.72
20201027,0.79,-0.92,1.71
20201028,0.79,-0.91,1.7
20201029,0.85,-0.86,1.71
20201030,0.88,-0.82,1.7
20201102,0.87,-0.84,1.71
20201103,0.9,-0.82,1.72
20201104,0.78,-0.86,1.64
20201105,0.79,-0.87,1.66
20201106,0.83,-0.82,1.65
20201109,0.96,-0.77,1.73
20201110,0.98,-0.78,1.76
20201112,0.88,-0.83,1.71
20201113,0.89,-0.83,1.72
20201116,0.91,-0.81,1.72
20201117,0.87,-0.83,1.7
20201118,0.88,-0.82,1.7
20201119,0.86,-0.84,1.7
20201120,0.83,-0.86,1.69
20201123,0.86,-0.85,1.71
20201124,0.88,-0.86,1.74
20201125,0.88,-0.87,1.75
20201127,0.84,-0.91,1.75
20201130,0.84,-0.93,1.77
20201201,0.92,-0.89,1.81
20201202,0.95,-0.9,1.85
20201203,0.92,-0.94,1.86
20201204,0.97,-0.92,1.89
20201207,0.94,-0.94,1.88
20201208,0.92,-0.97,1.89
20201209,0.95,-0.96,1.91
20201210,0.92,-0.96,1.88
20201211,0.9,-0.97,1.87
20201214,0.9,-0.98,1.88
20201215,0.92,-0.99,1.91
20201216,0.92,-1.0,1.92
20201217,0.94,-1.0,1.94
20201218,0.95,-1.0,1.95
20201221,0.95,-1.0,1.95
20201222,0.93,-1.01,1.94
20201223,0.96,-1.01,1.97
20201224,0.94,-1.03,1.97
20201228,0.94,-1.03,1.97
20201229,0.94,-1.02,1.96
20201230,0.93,-1.03,1.96
20201231,0.93,-1.06,1.99
20210104,0.93,-1.08,2.01
20210105,0.96,-1.07,2.03
20210106,1.04,-1.02,2.06
20210107,1.08,-1.01,2.09
20210108,1.13,-0.93,2.06
20210111,1.15,-0.91,2.06
20210112,1.15,-0.93,2.08
20210113,1.1,-0.96,2.06
20210114,1.15,-0.94,2.09
20210115,1.11,-0.99,2.1
20210119,1.1,-1.0,2.1
20210120,1.1,-1.02,2.12
20210121,1.12,-0.98,2.1
20210122,1.1,-0.99,2.09
20210125,1.05,-1.03,2.08
20210126,1.05,-1.03,2.08
20210127,1.04,-1.04,2.08
20210128,1.07,-1.06,2.13
20210129,1.11,-1.02,2.13
20210201,1.09,-1.02,2.11
20210202,1.12,-1.03,2.15
20210203,1.15,-1.04,2.19
20210204,1.15,-1.02,2.17
20210205,1.19,-1.02,2.21
20210208,1.19,-1.03,2.22
20210209,1.18,-1.04,2.22
20210210,1.15,-1.06,2.21
20210211,1.16,-1.04,2.2
20210212,1.2,-1.01,2.21
20210216,1.3,-0.94,2.24
20210217,1.29,-0.92,2.21
20210218,1.29,-0.87,2.16
20210219,1.34,-0.8,2.14
20210222,1.37,-0.79,2.16
20210223,1.37,-0.79,2.16
20210224,1.38,-0.79,2.17
20210225,1.54,-0.6,2.14
20210226,1.44,-0.71,2.15
20210301,1.45,-0.71,2.16
20210302,1.42,-0.78,2.2
20210303,1.47,-0.74,2.21
20210304,1.54,-0.66,2.2
20210305,1.56,-0.66,2.22
20210308,1.59,-0.62,2.21
20210309,1.55,-0.66,2.21
20210310,1.53,-0.73,2.26
20210311,1.54,-0.74,2.28
20210312,1.64,-0.62,2.26
20210315,1.62,-0.65,2.27
20210316,1.62,-0.68,2.3
20210317,1.63,-0.67,2.3
20210318,1.71,-0.56,2.27
20210319,1.74,-0.57,2.31
20210322,1.69,-0.64,2.33
20210323,1.63,-0.66,2.29
20210324,1.62,-0.69,2.31
20210325,1.63,-0.69,2.32
20210326,1.67,-0.67,2.34
20210329,1.73,-0.63,2.36
20210330,1.73,-0.62,2.35
20210331,1.74,-0.63,2.37
20210401,1.69,-0.66,2.35
20210402,1.72,-0.64,2.36
20210405,1.73,-0.62,2.35
20210406,1.67,-0.65,2.32
20210407,1.68,-0.66,2.34
20210408,1.64,-0.69,2.33
20210409,1.67,-0.64,2.31
20210412,1.69,-0.64,2.33
20210413,1.64,-0.69,2.33
20210414,1.64,-0.69,2.33
20210415,1.56,-0.77,2.33
20210416,1.59,-0.77,2.36
20210419,1.61,-0.73,2.34
20210420,1.58,-0.74,2.32
20210421,1.57,-0.76,2.33
20210422,1.57,-0.76,2.33
20210423,1.58,-0.76,2.34
20210426,1.58,-0.78,2.36
20210427,1.63,-0.76,2.39
20210428,1.63,-0.78,2.41
20210429,1.65,-0.77,2.42
20210430,1.65,-0.76,2.41
20210503,1.63,-0.79,2.42
20210504,1.61,-0.81,2.42
20210505,1.59,-0.88,2.47
20210506,1.58,-0.87,2.45
20210507,1.6,-0.89,2.49
20210510,1.63,-0.91,2.54
20210511,1.64,-0.89,2.53
20210512,1.69,-0.85,2.54
20210513,1.66,-0.85,2.51
20210514,1.63,-0.88,2.51
20210517,1.64,-0.9,2.54
20210518,1.64,-0.88,2.52
20210519,1.68,-0.8,2.48
20210520,1.63,-0.78,2.41
20210521,1.63,-0.8,2.43
20210524,1.61,-0.83,2.44
20210525,1.56,-0.86,2.42
20210526,1.58,-0.82,2.4
20210527,1.61,-0.81,2.42
20210528,1.58,-0.84,2.42
20210601,1.62,-0.84,2.46
20210602,1.59,-0.85,2.44
20210603,1.63,-0.79,2.42
20210604,1.56,-0.84,2.4
20210607,1.57,-0.82,2.39
20210608,1.53,-0.83,2.36
20210609,1.5,-0.82,2.32
20210610,1.45,-0.9,2.35
20210611,1.47,-0.85,2.32
20210614,1.51,-0.85,2.36
20210615,1.51,-0.87,2.38
20210616,1.57,-0.75,2.32
20210617,1.52,-0.75,2.27
20210618,1.45,-0.79,2.24
20210621,1.5,-0.75,2.25
20210622,1.48,-0.83,2.31
20210623,1.5,-0.84,2.34
20210624,1.49,-0.81,2.3
20210625,1.54,-0.8,2.34
20210628,1.49,-0.84,2.33
20210629,1.49,-0.83,2.32
20210630,1.45,-0.87,2.32
20210701,1.48,-0.87,2.35
20210702,1.44,-0.89,2.33
20210706,1.37,-0.94,2.31
20210707,1.33,-0.95,2.28
20210708,1.3,-0.92,2.22
20210709,1.37,-0.91,2.28
20210712,1.38,-0.95,2.33
20210713,1.42,-0.94,2.36
20210714,1.37,-0.97,2.34
20210715,1.31,-1.01,2.32
20210716,1.31,-1.02,2.33
20210719,1.19,-1.05,2.24
20210720,1.23,-1.03,2.26
20210721,1.3,-0.98,2.28
20210722,1.27,-1.01,2.28
20210723,1.3,-1.05,2.35
20210726,1.29,-1.11,2.4
20210727,1.25,-1.13,2.38
20210728,1.26,-1.15,2.41
20210729,1.28,-1.15,2.43
20210730,1.24,-1.16,2.4
20210802,1.2,-1.17,2.37
20210803,1.19,-1.19,2.38
20210804,1.19,-1.16,2.35
20210805,1.23,-1.1,2.33
20210806,1.31,-1.06,2.37
20210809,1.33,-1.04,2.37
20210810,1.36,-1.04,2.4
20210811,1.35,-1.07,2.42
20210812,1.36,-1.05,2.41
20210813,1.29,-1.08,2.37
20210816,1.26,-1.1,2.36
20210817,1.26,-1.07,2.33
20210818,1.27,-1.05,2.32
20210819,1.24,-1.04,2.28
20210820,1.26,-1.01,2.27
20210823,1.25,-1.02,2.27
20210824,1.29,-1.01,2.3
20210825,1.35,-1.0,2.35
20210826,1.34,-0.99,2.33
20210827,1.31,-1.08,2.39
20210830,1.29,-1.08,2.37
20210831,1.3,-1.03,2.33
20210901,1.31,-1.03,2.34
20210902,1.29,-1.03,2.32
20210903,1.33,-1.01,2.34
20210907,1.38,-0.98,2.36
20210908,1.35,-1.03,2.38
20210909,1.3,-1.08,2.38
20210910,1.35,-1.05,2.4
20210913,1.33,-1.04,2.37
20210914,1.28,-1.05,2.33
20210915,1.31,-1.04,2.35
20210916,1.34,-1.01,2.35
20210917,1.37,-0.96,2.33
20210920,1.31,-0.98,2.29
20210921,1.33,-0.96,2.29
20210922,1.32,-0.96,2.28
20210923,1.41,-0.9,2.31
20210924,1.47,-0.87,2.34
20210927,1.48,-0.87,2.35
20210928,1.54,-0.84,2.38
20210929,1.55,-0.82,2.37
20210930,1.52,-0.85,2.37
20211001,1.48,-0.9,2.38
20211004,1.49,-0.89,2.38
20211005,1.54,-0.91,2.45
20211006,1.53,-0.9,2.43
20211007,1.58,-0.88,2.46
20211008,1.61,-0.89,2.5
20211012,1.59,-0.9,2.49
20211013,1.56,-0.96,2.52
20211014,1.52,-1.0,2.52
20211015,1.59,-0.97,2.56
20211018,1.59,-0.95,2.54
20211019,1.65,-0.89,2.54
20211020,1.65,-0.92,2.57
20211021,1.68,-0.96,2.64
20211022,1.66,-0.98,2.64
20211025,1.64,-1.02,2.66
20211026,1.63,-1.06,2.69
20211027,1.54,-1.11,2.65
20211028,1.57,-1.0,2.57
20211029,1.55,-0.96,2.51
20211101,1.58,-0.92,2.5
20211102,1.56,-0.95,2.51
20211103,1.6,-0.93,2.53
20211104,1.53,-1.03,2.56
20211105,1.45,-1.09,2.54
20211108,1.51,-1.11,2.62
20211109,1.46,-1.17,2.63
20211110,1.56,-1.14,2.7
20211112,1.58,-1.15,2.73
20211115,1.63,-1.13,2.76
20211116,1.63,-1.1,2.73
20211117,1.6,-1.1,2.7
20211118,1.59,-1.14,2.73
20211119,1.54,-1.11,2.65
20211122,1.63,-0.98,2.61
20211123,1.67,-0.95,2.62
20211124,1.64,-0.97,2.61
20211126,1.48,-1.07,2.55
20211129,1.52,-1.02,2.54
20211130,1.43,-1.07,2.5
20211201,1.43,-1.01,2.44
20211202,1.44,-1.03,2.47
20211203,1.35,-1.08,2.43
20211206,1.43,-1.01,2.44
20211207,1.48,-0.99,2.47
20211208,1.52,-1.0,2.52
20211209,1.49,-0.98,2.47
20211210,1.48,-0.96,2.44
20211213,1.42,-0.98,2.4
20211214,1.44,-0.93,2.37
20211215,1.47,-0.92,2.39
20211216,1.44,-0.98,2.42
20211217,1.41,-0.97,2.38
20211220,1.43,-0.96,2.39
20211221,1.48,-0.96,2.44
20211222,1.46,-1.01,2.47
20211223,1.5,-0.97,2.47
20211227,1.48,-1.02,2.5
20211228,1.49,-1.01,2.5
20211229,1.55,-0.98,2.53
20211230,1.52,-1.06,2.58
20211231,1.52,-1.04,2.56
20220103,1.63,-0.97,2.6
20220104,1.66,-0.91,2.57
20220105,1.71,-0.82,2.53
20220106,1.73,-0.73,2.46
20220107,1.76,-0.72,2.48
20220110,1.78,-0.7,2.48
20220111,1.75,-0.79,2.54
20220112,1.74,-0.74,2.48
20220113,1.7,-0.73,2.43
20220114,1.78,-0.66,2.44
20220118,1.87,-0.59,2.46
20220119,1.83,-0.57,2.4
20220120,1.83,-0.5,2.33
20220121,1.75,-0.59,2.34
20220124,1.75,-0.63,2.38
20220125,1.78,-0.63,2.41
20220126,1.85,-0.53,2.38
20220127,1.81,-0.59,2.4
20220128,1.78,-0.66,2.44
20220131,1.79,-0.65,2.44
20220201,1.81,-0.62,2.43
20220202,1.78,-0.63,2.41
20220203,1.82,-0.56,2.38
20220204,1.93,-0.48,2.41
20220207,1.92,-0.48,2.4
20220208,1.96,-0.46,2.42
20220209,1.94,-0.48,2.42
20220210,2.03,-0.42,2.45
20220211,1.92,-0.51,2.43
20220214,1.98,-0.5,2.48
20220215,2.05,-0.43,2.48
20220216,2.03,-0.43,2.46
20220217,1.97,-0.46,2.43
20220218,1.92,-0.49,2.41
20220222,1.94,-0.51,2.45
20220223,1.99,-0.54,2.53
20220224,1.96,-0.59,2.55
20220225,1.97,-0.57,2.54
20220228,1.83,-0.79,2.62
20220301,1.72,-0.9,2.62
20220302,1.86,-0.85,2.71
20220303,1.86,-0.83,2.69
20220304,1.74,-0.93,2.67
20220307,1.78,-0.99,2.77
20220308,1.86,-1.04,2.9
20220309,1.94,-0.9,2.84
20220310,1.98,-0.88,2.86
20220311,2.0,-0.94,2.94
20220314,2.14,-0.79,2.93
20220315,2.15,-0.69,2.84
20220316,2.19,-0.61,2.8
20220317,2.2,-0.71,2.91
20220318,2.14,-0.72,2.86
20220321,2.32,-0.58,2.9
20220322,2.38,-0.53,2.91
20220323,2.32,-0.62,2.94
20220324,2.34,-0.58,2.92
20220325,2.48,-0.47,2.95
20220328,2.46,-0.49,2.95
20220329,2.41,-0.45,2.86
20220330,2.35,-0.51,2.86
20220331,2.32,-0.52,2.84
20220401,2.39,-0.41,2.8
20220404,2.42,-0.38,2.8
20220405,2.54,-0.3,2.84
20220406,2.61,-0.22,2.83
20220407,2.66,-0.16,2.82
20220408,2.72,-0.15,2.87
20220411,2.79,-0.12,2.91
20220412,2.72,-0.14,2.86
20220413,2.7,-0.1,2.8
20220414,2.83,-0.06,2.89
20220418,2.85,-0.07,2.92
20220419,2.93,0.0,2.93
20220420,2.85,-0.07,2.92
20220421,2.9,-0.12,3.02
20220422,2.9,-0.08,2.98
20220425,2.81,-0.1,2.91
20220426,2.77,-0.08,2.85
20220427,2.82,-0.06,2.88
20220428,2.85,-0.12,2.97
20220429,2.89,0.01,2.88
20220502,2.99,0.18,2.81
20220503,2.97,0.14,2.83
20220504,2.93,0.07,2.86
20220505,3.05,0.18,2.87
20220506,3.12,0.26,2.86
20220509,3.05,0.3,2.75
20220510,2.99,0.34,2.65
20220511,2.91,0.21,2.7
20220512,2.84,0.25,2.59
20220513,2.93,0.24,2.69
20220516,2.88,0.2,2.68
20220517,2.98,0.27,2.71
20220518,2.89,0.17,2.72
20220519,2.84,0.25,2.59
20220520,2.78,0.23,2.55
20220523,2.86,0.26,2.6
20220524,2.76,0.21,2.55
20220525,2.75,0.19,2.56
20220526,2.75,0.13,2.62
20220527,2.74,0.11,2.63
20220531,2.85,0.21,2.64
20220601,2.94,0.29,2.65
20220602,2.92,0.26,2.66
20220603,2.96,0.22,2.74
20220606,3.04,0.28,2.76
20220607,2.98,0.25,2.73
20220608,3.03,0.28,2.75
20220609,3.04,0.29,2.75
20220610,3.15,0.39,2.76
20220613,3.43,0.69,2.74
20220614,3.49,0.89,2.6
20220615,3.33,0.63,2.7
20220616,3.28,0.66,2.62
20220617,3.25,0.67,2.58
20220621,3.31,0.7,2.61
20220622,3.16,0.62,2.54
20220623,3.09,0.59,2.5
20220624,3.13,0.57,2.56
20220627,3.2,0.65,2.55
20220628,3.2,0.72,2.48
20220629,3.1,0.74,2.36
20220630,2.98,0.65,2.33
20220701,2.88,0.54,2.34
20220705,2.82,0.52,2.3
20220706,2.93,0.64,2.29
20220707,3.01,0.68,2.33
20220708,3.09,0.72,2.37
20220711,2.99,0.67,2.32
20220712,2.96,0.64,2.32
20220713,2.91,0.6,2.31
20220714,2.96,0.62,2.34
20220715,2.93,0.57,2.36
20220718,2.96,0.59,2.37
20220719,3.01,0.62,2.39
20220720,3.04,0.66,2.38
20220721,2.91,0.58,2.33
20220722,2.77,0.43,2.34
20220725,2.81,0.45,2.36
20220726,2.81,0.45,2.36
20220727,2.78,0.36,2.42
20220728,2.68,0.2,2.48
20220729,2.67,0.14,2.53
20220801,2.6,0.09,2.51
20220802,2.75,0.27,2.48
20220803,2.73,0.23,2.5
20220804,2.68,0.22,2.46
20220805,2.83,0.37,2.46
20220808,2.77,0.29,2.48
20220809,2.8,0.33,2.47
20220810,2.78,0.35,2.43
20220811,2.87,0.4,2.47
20220812,2.84,0.37,2.47
20220815,2.79,0.35,2.44
20220816,2.82,0.38,2.44
20220817,2.89,0.43,2.46
20220818,2.88,0.36,2.52
20220819,2.98,0.43,2.55
20220822,3.03,0.46,2.57
20220823,3.05,0.47,2.58
20220824,3.11,0.49,2.62
20220825,3.03,0.43,2.6
20220826,3.04,0.47,2.57
20220829,3.12,0.54,2.58
20220830,3.11,0.56,2.55
20220831,3.15,0.67,2.48
20220901,3.26,0.81,2.45
20220902,3.2,0.73,2.47
20220906,3.33,0.85,2.48
20220907,3.27,0.82,2.45
20220908,3.29,0.88,2.41
20220909,3.33,0.91,2.42
20220912,3.37,0.95,2.42
20220913,3.42,0.98,2.44
20220914,3.41,0.95,2.46
20220915,3.45,1.02,2.43
20220916,3.45,1.07,2.38
20220919,3.49,1.15,2.34
20220920,3.57,1.17,2.4
20220921,3.51,1.13,2.38
20220922,3.7,1.29,2.41
20220923,3.69,1.32,2.37
20220926,3.88,1.56,2.32
20220927,3.97,1.64,2.33
20220928,3.72,1.39,2.33
20220929,3.76,1.57,2.19
20220930,3.83,1.68,2.15
20221003,3.67,1.43,2.24
20221004,3.62,1.38,2.24
20221005,3.76,1.54,2.22
20221006,3.83,1.61,2.22
20221007,3.89,1.62,2.27
20221011,3.93,1.62,2.31
20221012,3.91,1.62,2.29
20221013,3.97,1.63,2.34
20221014,4.0,1.59,2.41
20221017,4.02,1.57,2.45
20221018,4.01,1.6,2.41
20221019,4.14,1.72,2.42
20221020,4.24,1.73,2.51
20221021,4.21,1.69,2.52
20221024,4.25,1.66,2.59
20221025,4.1,1.59,2.51
20221026,4.04,1.6,2.44
20221027,3.96,1.51,2.45
20221028,4.02,1.51,2.51
20221031,4.1,1.58,2.52
20221101,4.07,1.56,2.51
20221102,4.1,1.57,2.53
20221103,4.14,1.74,2.4
20221104,4.17,1.69,2.48
20221107,4.22,1.69,2.53
20221108,4.14,1.64,2.5
20221109,4.12,1.7,2.42
20221110,3.82,1.43,2.39
20221114,3.88,1.51,2.37
20221115,3.8,1.45,2.35
20221116,3.67,1.38,2.29
20221117,3.77,1.49,2.28
20221118,3.82,1.57,2.25
20221121,3.83,1.52,2.31
20221122,3.76,1.44,2.32
20221123,3.71,1.39,2.32
20221125,3.68,1.36,2.32
20221128,3.69,1.43,2.26
20221129,3.75,1.5,2.25
20221130,3.68,1.34,2.34
20221201,3.53,1.17,2.36
20221202,3.51,1.08,2.43
20221205,3.6,1.21,2.39
20221206,3.51,1.2,2.31
20221207,3.42,1.16,2.26
20221208,3.48,1.2,2.28
20221209,3.57,1.31,2.26
20221212,3.61,1.33,2.28
20221213,3.51,1.27,2.24
20221214,3.49,1.3,2.19
20221215,3.44,1.28,2.16
20221216,3.48,1.35,2.13
20221219,3.57,1.42,2.15
20221220,3.69,1.45,2.24
20221221,3.68,1.41,2.27
20221222,3.67,1.48,2.19
20221223,3.75,1.55,2.2
20221227,3.84,1.58,2.26
20221228,3.88,1.6,2.28
20221229,3.83,1.56,2.27
20221230,3.88,1.58,2.3
20230103,3.79,1.53,2.26
20230104,3.69,1.47,2.22
20230105,3.71,1.49,2.22
20230106,3.55,1.34,2.21
20230109,3.53,1.31,2.22
20230110,3.61,1.37,2.24
20230111,3.54,1.31,2.23
20230112,3.43,1.22,2.21
20230113,3.49,1.31,2.18
20230117,3.53,1.36,2.17
20230118,3.37,1.25,2.12
20230119,3.39,1.19,2.2
20230120,3.48,1.25,2.23
20230123,3.52,1.24,2.28
20230124,3.46,1.19,2.27
20230125,3.46,1.17,2.29
20230126,3.49,1.16,2.33
20230127,3.52,1.19,2.33
20230130,3.55,1.26,2.29
20230131,3.52,1.28,2.24
20230201,3.39,1.14,2.25
20230202,3.4,1.18,2.22
20230203,3.53,1.31,2.22
20230206,3.63,1.38,2.25
20230207,3.67,1.36,2.31
20230208,3.63,1.29,2.34
20230209,3.67,1.34,2.33
20230210,3.74,1.41,2.33
20230213,3.72,1.41,2.31
20230214,3.77,1.46,2.31
20230215,3.81,1.46,2.35
20230216,3.86,1.49,2.37
20230217,3.82,1.46,2.36
20230221,3.95,1.53,2.42
20230222,3.93,1.52,2.41
20230223,3.88,1.49,2.39
20230224,3.95,1.57,2.38
20230227,3.92,1.56,2.36
20230228,3.92,1.49,2.43
20230301,4.01,1.57,2.44
20230302,4.08,1.6,2.48
20230303,3.97,1.45,2.52
20230306,3.98,1.49,2.49
20230307,3.97,1.59,2.38
20230308,3.98,1.66,2.32
20230309,3.93,1.63,2.3
20230310,3.7,1.44,2.26
20230313,3.55,1.31,2.24
20230314,3.64,1.33,2.31
20230315,3.51,1.22,2.29
20230316,3.56,1.34,2.22
20230317,3.39,1.29,2.1
20230320,3.47,1.33,2.14
20230321,3.59,1.36,2.23
20230322,3.48,1.2,2.28
20230323,3.38,1.19,2.19
20230324,3.38,1.16,2.22
20230327,3.53,1.29,2.24
20230328,3.55,1.24,2.31
20230329,3.57,1.24,2.33
20230330,3.55,1.21,2.34
20230331,3.48,1.16,2.32
20230403,3.43,1.14,2.29
20230404,3.35,1.1,2.25
20230405,3.3,1.07,2.23
20230406,3.3,1.06,2.24
20230407,3.39,1.14,2.25
20230410,3.41,1.14,2.27
20230411,3.43,1.14,2.29
20230412,3.41,1.14,2.27
20230413,3.45,1.16,2.29
20230414,3.52,1.22,2.3
20230417,3.6,1.28,2.32
20230418,3.58,1.3,2.28
20230419,3.6,1.32,2.28
20230420,3.54,1.28,2.26
20230421,3.57,1.29,2.28
20230424,3.52,1.24,2.28
20230425,3.4,1.15,2.25
20230426,3.43,1.18,2.25
20230427,3.53,1.26,2.27
20230428,3.44,1.26,2.18
20230501,3.59,1.36,2.23
20230502,3.44,1.24,2.2
20230503,3.38,1.18,2.2
20230504,3.37,1.18,2.19
20230505,3.44,1.23,2.21
20230508,3.52,1.29,2.23
20230509,3.53,1.3,2.23
20230510,3.43,1.26,2.17
20230511,3.39,1.23,2.16
20230512,3.46,1.28,2.18
20230515,3.5,1.31,2.19
20230516,3.54,1.35,2.19
20230517,3.57,1.35,2.22
20230518,3.65,1.42,2.23
20230519,3.7,1.46,2.24
20230522,3.72,1.48,2.24
20230523,3.7,1.44,2.26
20230524,3.73,1.48,2.25
20230525,3.83,1.58,2.25
20230526,3.8,1.57,2.23
20230530,3.69,1.47,2.22
20230531,3.64,1.46,2.18
20230601,3.61,1.45,2.16
20230602,3.69,1.51,2.18
20230605,3.69,1.5,2.19
20230606,3.7,1.5,2.2
20230607,3.79,1.58,2.21
20230608,3.73,1.53,2.2
20230609,3.75,1.55,2.2
20230612,3.73,1.56,2.17
20230613,3.84,1.64,2.2
20230614,3.83,1.62,2.21
20230615,3.72,1.51,2.21
20230616,3.77,1.55,2.22
20230620,3.74,1.52,2.22
20230621,3.72,1.51,2.21
20230622,3.8,1.56,2.24
20230623,3.74,1.53,2.21
20230626,3.72,1.54,2.18
20230627,3.77,1.57,2.2
20230628,3.71,1.53,2.18
20230629,3.85,1.65,2.2
20230630,3.81,1.59,2.22
20230703,3.86,1.61,2.25
20230705,3.95,1.69,2.26
20230706,4.05,1.78,2.27
20230707,4.06,1.79,2.27
20230710,4.01,1.76,2.25
20230711,3.99,1.75,2.24
20230712,3.86,1.6,2.26
20230713,3.76,1.52,2.24
20230714,3.83,1.59,2.24
20230717,3.81,1.56,2.25
20230718,3.8,1.57,2.23
20230719,3.75,1.53,2.22
20230720,3.85,1.5,2.35
20230721,3.84,1.49,2.35
20230724,3.86,1.48,2.38
20230725,3.91,1.52,2.39
20230726,3.86,1.5,2.36
20230727,4.01,1.64,2.37
20230728,3.96,1.58,2.38
20230731,3.97,1.6,2.37
20230801,4.05,1.68,2.37
20230802,4.08,1.72,2.36
20230803,4.2,1.83,2.37
20230804,4.05,1.67,2.38
20230807,4.09,1.68,2.41
20230808,4.02,1.66,2.36
20230809,4.0,1.66,2.34
20230810,4.09,1.76,2.33
20230811,4.16,1.8,2.36
20230814,4.19,1.83,2.36
20230815,4.21,1.89,2.32
20230816,4.28,1.96,2.32
20230817,4.3,1.97,2.33
20230818,4.26,1.94,2.32
20230821,4.34,2.0,2.34
20230822,4.34,1.99,2.35
20230823,4.19,1.84,2.35
20230824,4.23,1.91,2.32
20230825,4.25,1.92,2.33
20230828,4.2,1.9,2.3
20230829,4.12,1.83,2.29
20230830,4.12,1.86,2.26
20230831,4.09,1.85,2.24
20230901,4.18,1.92,2.26
20230905,4.27,1.98,2.29
20230906,4.3,2.0,2.3
20230907,4.27,1.95,2.32
20230908,4.26,1.93,2.33
20230911,4.29,1.94,2.35
20230912,4.27,1.93,2.34
20230913,4.25,1.9,2.35
20230914,4.29,1.95,2.34
20230915,4.33,1.98,2.35
20230918,4.32,1.96,2.36
20230919,4.37,2.0,2.37
20230920,4.35,2.0,2.35
20230921,4.49,2.11,2.38
20230922,4.44,2.07,2.37
20230925,4.55,2.18,2.37
20230926,4.56,2.23,2.33
20230927,4.61,2.27,2.34
20230928,4.59,2.2,2.39
20230929,4.59,2.24,2.35
20231002,4.69,2.34,2.35
20231003,4.81,2.45,2.36
20231004,4.73,2.4,2.33
20231005,4.72,2.41,2.31
20231006,4.78,2.47,2.31
20231010,4.66,2.34,2.32
20231011,4.58,2.26,2.32
20231012,4.7,2.36,2.34
20231013,4.63,2.29,2.34
20231016,4.71,2.33,2.38
20231017,4.83,2.42,2.41
20231018,4.91,2.47,2.44
20231019,4.98,2.49,2.49
20231020,4.93,2.46,2.47
20231023,4.86,2.45,2.41
20231024,4.83,2.43,2.4
20231025,4.95,2.52,2.43
20231026,4.86,2.44,2.42
20231027,4.84,2.42,2.42
20231030,4.88,2.44,2.44
20231031,4.88,2.46,2.42
20231101,4.77,2.36,2.41
20231102,4.67,2.27,2.4
20231103,4.57,2.18,2.39
20231106,4.67,2.25,2.42
20231107,4.58,2.19,2.39
20231108,4.49,2.15,2.34
20231109,4.62,2.29,2.33
20231110,4.61,2.29,2.32
20231113,4.63,2.32,2.31
20231114,4.44,2.16,2.28
20231115,4.53,2.22,2.31
20231116,4.45,2.18,2.27
20231117,4.44,2.16,2.28
20231120,4.42,2.12,2.3
20231121,4.41,2.16,2.25
20231122,4.42,2.16,2.26
20231124,4.47,2.21,2.26
20231127,4.39,2.18,2.21
20231128,4.34,2.12,2.22
20231129,4.27,2.06,2.21
20231130,4.37,2.14,2.23
20231201,4.22,2.0,2.22
20231204,4.28,2.07,2.21
20231205,4.18,2.01,2.17
20231206,4.12,1.98,2.14
20231207,4.14,1.97,2.17
20231208,4.23,2.02,2.21
20231211,4.23,2.04,2.19
20231212,4.2,2.04,2.16
20231213,4.04,1.88,2.16
20231214,3.92,1.7,2.22
20231215,3.91,1.69,2.22
20231218,3.95,1.74,2.21
20231219,3.93,1.74,2.19
20231220,3.86,1.67,2.19
20231221,3.89,1.7,2.19
20231222,3.9,1.71,2.19
20231226,3.89,1.71,2.18
20231227,3.79,1.64,2.15
20231228,3.84,1.68,2.16
20231229,3.88,1.72,2.16
20240102,3.95,1.74,2.21
20240103,3.91,1.71,2.2
20240104,3.99,1.77,2.22
20240105,4.05,1.83,2.22
20240108,4.01,1.79,2.22
20240109,4.02,1.8,2.22
20240110,4.04,1.82,2.22
20240111,3.98,1.76,2.22
20240112,3.96,1.69,2.27
20240116,4.07,1.77,2.3
20240117,4.1,1.8,2.3
20240118,4.14,1.8,2.34
20240119,4.15,1.81,2.34
20240122,4.11,1.8,2.31
20240123,4.14,1.85,2.29
20240124,4.18,1.88,2.3
20240125,4.14,1.85,2.29
20240126,4.15,1.85,2.3
20240129,4.08,1.78,2.3
20240130,4.06,1.8,2.26
20240131,3.99,1.73,2.26
20240201,3.87,1.68,2.19
20240202,4.03,1.82,2.21
20240205,4.17,1.9,2.27
20240206,4.09,1.85,2.24
20240207,4.09,1.86,2.23
20240208,4.15,1.91,2.24
20240209,4.17,1.92,2.25
20240212,4.17,1.93,2.24
20240213,4.31,2.02,2.29
20240214,4.27,1.97,2.3
20240215,4.24,1.94,2.3
20240216,4.3,1.97,2.33
20240220,4.27,1.95,2.32
20240221,4.32,1.98,2.34
20240222,4.33,2.02,2.31
20240223,4.26,1.96,2.3
20240226,4.28,1.97,2.31
20240227,4.31,1.99,2.32
20240228,4.27,1.94,2.33
20240229,4.25,1.92,2.33
20240301,4.19,1.87,2.32
20240304,4.22,1.88,2.34
20240305,4.13,1.81,2.32
20240306,4.11,1.81,2.3
20240307,4.09,1.81,2.28
20240308,4.09,1.81,2.28
20240311,4.1,1.83,2.27
20240312,4.16,1.86,2.3
20240313,4.19,1.89,2.3
20240314,4.29,1.99,2.3
20240315,4.31,1.99,2.32
20240318,4.34,2.03,2.31
20240319,4.3,2.0,2.3
20240320,4.27,1.96,2.31
20240321,4.27,1.93,2.34
20240322,4.22,1.87,2.35
20240325,4.25,1.92,2.33
20240326,4.24,1.92,2.32
20240327,4.2,1.88,2.32
20240328,4.2,1.88,2.32
20240401,4.33,1.98,2.35
20240402,4.36,2.0,2.36
20240403,4.36,2.0,2.36
20240404,4.31,1.97,2.34
20240405,4.39,2.02,2.37
20240408,4.42,2.04,2.38
20240409,4.36,2.0,2.36
20240410,4.55,2.15,2.4
20240411,4.56,2.16,2.4
20240412,4.5,2.11,2.39
20240415,4.63,2.2,2.43
20240416,4.67,2.24,2.43
20240417,4.59,2.2,2.39
20240418,4.64,2.24,2.4
20240419,4.62,2.21,2.41
20240422,4.62,2.21,2.41
20240423,4.61,2.2,2.41
20240424,4.65,2.24,2.41
20240425,4.7,2.28,2.42
20240426,4.67,2.24,2.43
20240429,4.63,2.22,2.41
20240430,4.69,2.28,2.41
20240501,4.63,2.25,2.38
20240502,4.58,2.21,2.37
20240503,4.5,2.15,2.35
20240506,4.49,2.14,2.35
20240507,4.47,2.15,2.32
20240508,4.48,2.17,2.31
20240509,4.45,2.13,2.32
20240510,4.5,2.16,2.34
20240513,4.48,2.15,2.33
20240514,4.45,2.12,2.33
20240515,4.36,2.05,2.31
20240516,4.38,2.07,2.31
20240517,4.42,2.1,2.32
20240520,4.44,2.11,2.33
20240521,4.41,2.09,2.32
20240522,4.43,2.1,2.33
20240523,4.47,2.17,2.3
20240524,4.46,2.14,2.32
20240528,4.54,2.2,2.34
20240529,4.61,2.25,2.36
20240530,4.55,2.19,2.36
20240531,4.51,2.16,2.35
20240603,4.41,2.08,2.33
20240604,4.33,2.02,2.31
20240605,4.29,1.99,2.3
20240606,4.28,2.0,2.28
20240607,4.43,2.13,2.3
20240610,4.47,2.16,2.31
20240611,4.39,2.12,2.27
20240612,4.31,2.09,2.22
20240613,4.24,2.03,2.21
20240614,4.2,2.03,2.17
20240617,4.28,2.06,2.22
20240618,4.22,2.01,2.21
20240620,4.25,2.0,2.25
20240621,4.25,2.02,2.23
20240624,4.25,2.03,2.22
20240625,4.23,2.01,2.22
20240626,4.32,2.06,2.26
20240627,4.29,2.03,2.26
20240628,4.36,2.08,2.28
20240701,4.48,2.16,2.32
20240702,4.43,2.13,2.3
20240703,4.36,2.09,2.27
20240705,4.28,2.0,2.28
20240708,4.28,2.01,2.27
20240709,4.3,2.04,2.26
20240710,4.28,2.01,2.27
20240711,4.2,1.95,2.25
20240712,4.18,1.94,2.24
20240715,4.23,1.96,2.27
20240716,4.17,1.91,2.26
20240717,4.16,1.9,2.26
20240718,4.2,1.89,2.31
20240719,4.25,1.93,2.32
20240722,4.26,1.96,2.3
20240723,4.25,1.96,2.29
20240724,4.28,2.0,2.28
20240725,4.27,1.99,2.28
20240726,4.2,1.93,2.27
20240729,4.17,1.92,2.25
20240730,4.15,1.9,2.25
20240731,4.09,1.85,2.24
20240801,3.99,1.79,2.2
20240802,3.8,1.76,2.04
20240805,3.78,1.71,2.07
20240806,3.9,1.78,2.12
20240807,3.96,1.85,2.11
20240808,3.99,1.87,2.12
20240809,3.94,1.84,2.1
20240812,3.9,1.79,2.11
20240813,3.85,1.76,2.09
20240814,3.83,1.77,2.06
20240815,3.92,1.8,2.12
20240816,3.89,1.81,2.08
20240819,3.86,1.79,2.07
20240820,3.82,1.75,2.07
20240821,3.79,1.72,2.07
20240822,3.86,1.76,2.1
20240823,3.81,1.68,2.13
20240826,3.82,1.67,2.15
20240827,3.83,1.68,2.15
20240828,3.84,1.69,2.15
20240829,3.87,1.71,2.16
20240830,3.91,1.76,2.15
20240903,3.84,1.73,2.11
20240904,3.77,1.7,2.07
20240905,3.73,1.7,2.03
20240906,3.72,1.69,2.03
20240909,3.7,1.66,2.04
20240910,3.65,1.63,2.02
20240911,3.65,1.61,2.04
20240912,3.68,1.63,2.05
20240913,3.66,1.58,2.08
20240916,3.63,1.54,2.09
20240917,3.65,1.53,2.12
20240918,3.7,1.58,2.12
20240919,3.73,1.56,2.17
20240920,3.73,1.58,2.15
20240923,3.75,1.58,2.17
20240924,3.74,1.55,2.19
20240925,3.79,1.61,2.18
20240926,3.79,1.63,2.16
20240927,3.75,1.6,2.15
20240930,3.81,1.63,2.18
20241001,3.74,1.55,2.19
20241002,3.79,1.58,2.21
20241003,3.85,1.64,2.21
20241004,3.98,1.75,2.23
20241007,4.03,1.76,2.27
20241008,4.04,1.77,2.27
20241009,4.06,1.77,2.29
20241010,4.09,1.76,2.33
20241011,4.08,1.75,2.33
20241015,4.03,1.75,2.28
20241016,4.02,1.75,2.27
20241017,4.09,1.79,2.3
20241018,4.08,1.77,2.31
20241021,4.19,1.88,2.31
20241022,4.2,1.87,2.33
20241023,4.24,1.93,2.31
20241024,4.21,1.91,2.3
20241025,4.25,1.96,2.29
20241028,4.28,1.99,2.29
20241029,4.28,1.98,2.3
20241030,4.29,1.95,2.34
20241031,4.28,1.95,2.33
20241101,4.37,2.04,2.33
20241104,4.31,2.03,2.28
20241105,4.26,1.99,2.27
20241106,4.42,2.04,2.38
20241107,4.31,1.98,2.33
20241108,4.3,1.95,2.35
20241112,4.43,2.08,2.35
20241113,4.44,2.09,2.35
20241114,4.43,2.1,2.33
20241115,4.43,2.1,2.33
20241118,4.42,2.08,2.34
20241119,4.39,2.05,2.34
20241120,4.41,2.06,2.35
20241121,4.43,2.09,2.34
20241122,4.41,2.07,2.34
20241125,4.27,1.98,2.29
20241126,4.3,2.02,2.28
20241127,4.25,1.99,2.26
20241129,4.18,1.92,2.26
20241202,4.19,1.93,2.26
20241203,4.23,1.95,2.28
20241204,4.19,1.9,2.29
20241205,4.17,1.92,2.25
20241206,4.15,1.91,2.24
20241209,4.2,1.93,2.27
20241210,4.22,1.93,2.29
20241211,4.26,1.96,2.3
20241212,4.32,2.0,2.32
20241213,4.4,2.07,2.33
20241216,4.39,2.07,2.32
20241217,4.4,2.09,2.31
20241218,4.5,2.18,2.32
20241219,4.57,2.28,2.29
20241220,4.52,2.23,2.29
20241223,4.59,2.27,2.32
20241224,4.59,2.24,2.35
20241226,4.58,2.23,2.35
20241227,4.62,2.28,2.34
20241230,4.55,2.24,2.31
20241231,4.58,2.24,2.34
20250102,4.57,2.23,2.34
20250103,4.6,2.26,2.34
20250106,4.62,2.28,2.34
20250107,4.67,2.29,2.38
20250108,4.67,2.27,2.4
20250109,4.68,2.29,2.39
20250110,4.77,2.34,2.43
20250113,4.79,2.34,2.45
20250114,4.78,2.34,2.44
20250115,4.66,2.24,2.42
20250116,4.61,2.19,2.42
20250117,4.61,2.2,2.41
20250121,4.57,2.19,2.38
20250122,4.6,2.2,2.4
20250123,4.65,2.23,2.42
20250124,4.63,2.2,2.43
20250127,4.53,2.13,2.4
20250128,4.55,2.13,2.42
20250129,4.55,2.15,2.4
20250130,4.52,2.14,2.38
20250131,4.58,2.16,2.42
20250203,4.54,2.09,2.45
20250204,4.52,2.08,2.44
20250205,4.43,2.01,2.42
20250206,4.45,2.03,2.42
20250207,4.49,2.07,2.42
20250210,4.51,2.07,2.44
20250211,4.54,2.08,2.46
20250212,4.62,2.16,2.46
20250213,4.52,2.08,2.44
20250214,4.47,2.04,2.43
20250218,4.55,2.1,2.45
20250219,4.53,2.08,2.45
20250220,4.5,2.05,2.45
20250221,4.42,2.0,2.42
20250224,4.4,1.98,2.42
20250225,4.3,1.92,2.38
20250226,4.25,1.89,2.36
20250227,4.29,1.92,2.37
20250228,4.24,1.86,2.38
20250303,4.16,1.8,2.36
20250304,4.22,1.87,2.35
20250305,4.28,1.94,2.34
20250306,4.29,1.95,2.34
20250307,4.32,1.99,2.33
20250310,4.22,1.91,2.31
20250311,4.28,1.97,2.31
20250312,4.32,1.99,2.33
20250313,4.27,1.98,2.29
20250314,4.31,2.01,2.3
20250317,4.31,2.02,2.29
20250318,4.29,1.99,2.3
20250319,4.25,1.94,2.31
20250320,4.24,1.93,2.31
20250321,4.25,1.92,2.33
20250324,4.34,1.98,2.36
20250325,4.31,1.96,2.35
20250326,4.35,1.98,2.37
20250327,4.38,1.99,2.39
20250328,4.27,1.9,2.37
20250331,4.23,1.85,2.38
20250401,4.17,1.84,2.33
20250402,4.2,1.88,2.32
20250403,4.06,1.78,2.28
20250404,4.01,1.83,2.18
20250407,4.15,1.96,2.19
20250408,4.26,2.04,2.22
20250409,4.34,2.07,2.27
20250410,4.4,2.21,2.19
20250411,4.48,2.28,2.2
20250414,4.38,2.15,2.23
20250415,4.35,2.16,2.19
20250416,4.29,2.12,2.17
20250417,4.34,2.11,2.23
20250421,4.42,2.2,2.22
20250422,4.41,2.14,2.27
20250423,4.4,2.11,2.29
20250424,4.32,2.02,2.3
20250425,4.29,2.02,2.27
20250428,4.23,1.98,2.25
20250429,4.19,1.96,2.23
20250430,4.17,1.94,2.23
20250501,4.25,2.0,2.25
20250502,4.33,2.06,2.27
20250505,4.36,2.08,2.28
20250506,4.3,2.04,2.26
20250507,4.26,2.01,2.25
20250508,4.37,2.08,2.29
20250509,4.37,2.08,2.29
20250512,4.45,2.16,2.29
20250513,4.49,2.17,2.32
20250514,4.53,2.16,2.37
20250515,4.45,2.11,2.34
20250516,4.43,2.09,2.34
20250519,4.46,2.1,2.36
20250520,4.48,2.13,2.35
20250521,4.58,2.23,2.35
20250522,4.54,2.2,2.34
20250523,4.51,2.18,2.33
20250527,4.43,2.11,2.32
20250528,4.47,2.15,2.32
20250529,4.43,2.11,2.32
20250530,4.41,2.07,2.34
20250602,4.46,2.13,2.33
20250603,4.46,2.14,2.32
20250604,4.37,2.06,2.31
20250605,4.4,2.11,2.29
20250606,4.51,2.2,2.31
20250609,4.49,2.18,2.31
20250610,4.47,2.18,2.29
20250611,4.41,2.14,2.27
20250612,4.36,2.11,2.25
20250613,4.41,2.13,2.28
20250616,4.46,2.16,2.3
20250617,4.39,2.08,2.31
20250618,4.38,2.07,2.31
20250620,4.38,2.05,2.33
20250623,4.34,2.04,2.3
20250624,4.3,2.01,2.29
20250625,4.29,2.01,2.28
20250626,4.26,1.98,2.28
20250627,4.29,2.0,2.29
20250630,4.24,1.95,2.29
20250701,4.26,1.97,2.29
20250702,4.3,2.0,2.3
20250703,4.35,2.02,2.33
20250707,4.4,2.05,2.35
20250708,4.42,2.07,2.35
20250709,4.34,2.01,2.33
20250710,4.35,2.01,2.34
20250711,4.43,2.06,2.37
20250714,4.43,2.04,2.39
20250715,4.5,2.09,2.41
20250716,4.46,2.05,2.41
20250717,4.47,2.04,2.43
20250718,4.44,2.03,2.41
20250721,4.38,1.98,2.4
20250722,4.35,1.96,2.39
20250723,4.4,2.03,2.37
20250724,4.43,1.98,2.45
20250725,4.4,1.96,2.44
20250728,4.42,1.98,2.44
20250729,4.34,1.91,2.43
20250730,4.38,1.96,2.42
20250731,4.37,1.98,2.39
20250801,4.23,1.9,2.33
20250804,4.22,1.85,2.37
20250805,4.22,1.86,2.36
20250806,4.22,1.88,2.34
20250807,4.23,1.88,2.35
20250808,4.27,1.88,2.39
20250811,4.27,1.87,2.4
20250812,4.29,1.91,2.38
20250813,4.24,1.87,2.37
20250814,4.29,1.9,2.39
20250815,4.33,1.95,2.38
20250818,4.34,1.96,2.38
20250819,4.3,1.95,2.35
20250820,4.29,1.94,2.35
20250821,4.33,1.94,2.39
20250822,4.26,1.85,2.41
20250825,4.28,1.87,2.41
20250826,4.26,1.84,2.42
20250827,4.24,1.81,2.43
20250828,4.22,1.81,2.41
20250829,4.23,1.82,2.41
20250902,4.28,1.87,2.41
20250903,4.22,1.82,2.4
20250904,4.17,1.79,2.38
20250905,4.1,1.73,2.37
20250908,4.05,1.7,2.35
20250909,4.08,1.72,2.36
20250910,4.04,1.69,2.35
20250911,4.01,1.67,2.34
20250912,4.06,1.7,2.36
20250915,4.05,1.68,2.37
20250916,4.04,1.67,2.37
20250917,4.06,1.68,2.38
20250918,4.11,1.73,2.38
20250919,4.14,1.75,2.39
20250922,4.15,1.78,2.37
20250923,4.12,1.75,2.37
20250924,4.16,1.78,2.38
20250925,4.18,1.8,2.38
20250926,4.2,1.82,2.38
20250929,4.15,1.8,2.35
20250930,4.16,1.8,2.36
20251001,4.12,1.77,2.35
20251002,4.1,1.76,2.34
20251003,4.13,1.8,2.33
20251006,4.18,1.84,2.34
20251007,4.14,1.79,2.35
20251008,4.13,1.78,2.35
20251009,4.14,1.8,2.34
20251010,4.05,1.75,2.3
20251014,4.03,1.73,2.3
20251015,4.05,1.76,2.29
20251016,3.99,1.71,2.28
20251017,4.02,1.75,2.27
20251020,4.0,1.74,2.26
20251021,3.98,1.7,2.28
20251022,3.97,1.68,2.29
20251023,4.01,1.71,2.3
20251024,4.02,1.73,2.29
20251027,4.01,1.73,2.28
20251028,3.99,1.71,2.28
20251029,4.08,1.78,2.3
20251030,4.11,1.82,2.29
20251031,4.11,1.81,2.3
20251103,4.13,1.82,2.31
20251104,4.1,1.81,2.29
20251105,4.17,1.87,2.3
20251106,4.11,1.83,2.28
20251107,4.11,1.83,2.28
20251110,4.13,1.84,2.29
20251112,4.08,1.81,2.27
20251113,4.11,1.83,2.28
20251114,4.14,1.86,2.28
20251117,4.13,1.85,2.28
20251118,4.12,1.85,2.27
20251119,4.13,1.86,2.27
20251120,4.1,1.86,2.24
20251121,4.06,1.82,2.24
20251124,4.04,1.81,2.23
20251125,4.01,1.79,2.22
20251126,4.0,1.77,2.23
20251128,4.02,1.79,2.23
20251201,4.09,1.85,2.24
20251202,4.09,1.85,2.24
20251203,4.06,1.82,2.24
20251204,4.11,1.85,2.26
20251205,4.14,1.88,2.26
20251208,4.17,1.91,2.26
20251209,4.18,1.92,2.26
20251210,4.13,1.88,2.25
20251211,4.14,1.89,2.25
20251212,4.19,1.93,2.26
20251215,4.18,1.93,2.25
20251216,4.15,1.92,2.23
20251217,4.16,1.92,2.24
20251218,4.12,1.88,2.24
20251219,4.16,1.92,2.24
20251222,4.17,1.94,2.23
20251223,4.18,1.94,2.24
20251224,4.15,1.91,2.24
20251226,4.14,1.91,2.23
20251229,4.12,1.9,2.22
20251230,4.14,1.9,2.24
20251231,4.18,1.93,2.25
20260102,4.19,1.94,2.25
20260105,4.17,1.91,2.26
20260106,4.18,1.91,2.27
20260107,4.15,1.88,2.27
20260108,4.19,1.92,2.27
20260109,4.18,1.9,2.28
20260112,4.19,1.9,2.29
20260113,4.18,1.88,2.3
20260114,4.15,1.86,2.29
20260115,4.17,1.88,2.29
20260116,4.24,1.91,2.33
20260120,4.3,1.97,2.33
20260121,4.26,1.92,2.34
20260122,4.26,1.95,2.31
20260123,4.24,1.92,2.32
20260126,4.22,1.9,2.32
20260127,4.24,1.9,2.34
20260128,4.26,1.9,2.36
20260129,4.24,1.89,2.35
20260130,4.26,1.9,2.36
20260202,4.29,1.94,2.35
20260203,4.28,1.92,2.36
20260204,4.29,1.94,2.35
20260205,4.21,1.89,2.32
20260206,4.22,1.88,2.34
20260209,4.22,1.87,2.35
20260210,4.16,1.84,2.32
20260211,4.18,1.86,2.32
20260212,4.09,1.8,2.29
20260213,4.04,1.77,2.27
20260217,4.05,1.79,2.26
20260218,4.09,1.8,2.29
20260219,4.08,1.79,2.29
20260220,4.08,1.8,2.28
20260223,4.03,1.77,2.26
20260224,4.04,1.78,2.26
20260225,4.05,1.77,2.28
20260226,4.02,1.74,2.28
20260227,3.97,1.72,2.25
20260302,4.05,1.76,2.29
20260303,4.06,1.77,2.29
20260304,4.09,1.8,2.29
20260305,4.13,1.82,2.31
20260306,4.15,1.8,2.35
20260309,4.12,1.78,2.34
20260310,4.15,1.82,2.33
20260311,4.21,1.85,2.36
20260312,4.27,1.89,2.38
20260313,4.28,1.92,2.36
20260316,4.23,1.87,2.36
20260317,4.2,1.83,2.37
20260318,4.26,1.86,2.4
20260319,4.25,1.88,2.37
20260320,4.39,2.01,2.38
20260323,4.34,2.01,2.33
20260324,4.39,2.06,2.33
20260325,4.33,2.02,2.31
20260326,4.42,2.08,2.34
20260327,4.44,2.13,2.31
20260330,4.35,2.04,2.31
20260331,4.3,2.0,2.3
20260401,4.33,2.02,2.31
20260402,4.31,1.97,2.34
20260403,4.35,1.99,2.36
20260406,4.34,1.98,2.36
20260407,4.33,1.96,2.37
20260408,4.29,1.96,2.33
20260409,4.29,1.95,2.34
20260410,4.31,1.95,2.36
20260413,4.3,1.92,2.38
20260414,4.26,1.89,2.37
20260415,4.29,1.9,2.39
20260416,4.32,1.93,2.39
20260417,4.26,1.9,2.36
20260420,4.26,1.91,2.35
20260421,4.3,1.92,2.38
20260422,4.3,1.92,2.38
20260423,4.34,1.92,2.42
20260424,4.31,1.89,2.42
20260427,4.35,1.91,2.44
20260428,4.36,1.92,2.44
20260429,4.42,1.96,2.46
20260430,4.4,1.94,2.46
20260501,4.39,1.91,2.48
20260504,4.45,1.95,2.5
20260505,4.43,1.96,2.47
20260506,4.36,1.94,2.42
20260507,4.41,1.96,2.45
20260508,4.38,1.93,2.45
20260511,4.42,1.95,2.47
20260512,4.46,1.99,2.47
20260513,4.46,1.99,2.47
20260514,4.47,2.0,2.47
20260515,4.59,2.1,2.49
20260518,4.61,2.13,2.48
20260519,4.67,2.18,2.49
20260520,4.57,2.13,2.44
20260521,4.57,2.18,2.39
20260522,4.56,2.16,2.4
20260526,4.5,2.1,2.4
20260527,4.48,2.09,2.39
20260528,4.45,2.06,2.39
20260529,4.45,2.07,2.38
20260601,4.47,2.07,2.4
20260602,4.46,2.07,2.39
20260603,4.49,2.11,2.38
20260604,4.47,2.11,2.36
20260605,4.55,2.19,2.36
20260608,4.56,2.21,2.35
20260609,4.53,2.2,2.33
20260610,4.55,2.21,2.34
20260611,4.45,2.16,2.29
20260612,4.48,2.17,2.31
20260615,4.47,2.15,2.32
20260616,4.43,2.14,2.29
20260617,4.49,2.23,2.26
20260618,4.46,2.21,2.25
20260622,4.51,2.28,2.23
20260623,4.5,2.29,2.21
20260624,4.41,2.23,2.18
20260625,4.4,2.19,2.21
20260626,4.38,2.18,2.2
20260629,4.38,2.16,2.22
20260630,4.44,2.2,2.24
20260701,4.48,2.25,2.23
20260702,4.49,2.26,2.23
20260706,4.48,2.24,2.24
20260707,4.55,2.3,2.25
20260708,4.56,2.31,2.25
20260709,4.54,2.31,2.23
20260710,4.56,2.32,2.24
20260713,4.62,2.36,2.26
20260714,4.58,2.33,2.25
20260715,4.55,2.32,2.23
20260716,4.57,2.35,2.22
20260717,4.55,2.31,2.24
20260720,4.6,2.35,2.25
20260721,4.63,2.37,2.26
20260722,4.67,2.39,2.28
20260723,4.71,2.43,2.28
20260724,4.69,2.43,2.26
20260727,4.65,2.44,2.21
20260728,4.61,2.41,2.2
20260729,4.67,2.41,2.26
20260730,4.68,2.41,2.27
20260731,4.75,2.47,2.28
20260803,4.7,2.43,2.27
20260804,4.63,2.4,2.23
20260805,4.63,2.41,2.22
20260806,4.69,2.43,2.26
20260807,4.65,2.4,2.25
20260810,4.72,2.43,2.29
20260811,4.7,2.43,2.27
20260812,4.68,2.42,2.26
20260813,4.63,2.39,2.24
20260814,4.68,2.41,2.27
20260817,4.72,2.44,2.28
20260818,4.71,2.41,2.3
20260819,4.65,2.35,2.3
20260820,4.69,2.35,2.34
20260821,4.74,2.4,2.34
20260824,4.7,2.38,2.32
20260825,4.64,2.32,2.32
20260826,4.66,2.34,2.32
20260827,4.67,2.34,2.33
20260828,4.73,2.42,2.31
20260831,4.75,2.44,2.31
20260901,4.79,2.44,2.35
20260902,4.79,2.45,2.34
20260903,4.77,2.42,2.35
20260904,4.78,2.43,2.35
